relative_path	bytes	source_group
artifacts/robodojo/block_v1_build_tower_b0_seed1_20260902/episode_0000000_cam_head_success.mp4	1701260	artifacts
artifacts/robodojo/block_v1_build_tower_b0_seed1_20260902/episode_0000000_cam_left_wrist_success.mp4	3069844	artifacts
artifacts/robodojo/block_v1_build_tower_b0_seed1_20260902/episode_0000000_cam_right_wrist_success.mp4	3067434	artifacts
artifacts/robodojo/block_v1_build_tower_b0_seed2_20260902/episode_0000000_cam_head_success.mp4	1652716	artifacts
artifacts/robodojo/block_v1_build_tower_b0_seed2_20260902/episode_0000000_cam_left_wrist_success.mp4	2667436	artifacts
artifacts/robodojo/block_v1_build_tower_b0_seed2_20260902/episode_0000000_cam_right_wrist_success.mp4	3327612	artifacts
artifacts/robodojo/block_v1_build_tower_c1_flow2_h16_seed1_20260902/episode_0000000_cam_head_success.mp4	1697915	artifacts
artifacts/robodojo/block_v1_build_tower_c1_flow2_h16_seed1_20260902/episode_0000000_cam_left_wrist_success.mp4	3030455	artifacts
artifacts/robodojo/block_v1_build_tower_c1_flow2_h16_seed1_20260902/episode_0000000_cam_right_wrist_success.mp4	3031475	artifacts
artifacts/robodojo/block_v1_build_tower_c1_flow2_h16_seed2_20260902/episode_0000000_cam_head_success.mp4	1636943	artifacts
artifacts/robodojo/block_v1_build_tower_c1_flow2_h16_seed2_20260902/episode_0000000_cam_left_wrist_success.mp4	2663082	artifacts
artifacts/robodojo/block_v1_build_tower_c1_flow2_h16_seed2_20260902/episode_0000000_cam_right_wrist_success.mp4	3342362	artifacts
artifacts/robodojo/block_v1_put_bottles_b0_seed1_20260902/episode_0000000_cam_head_success.mp4	1157553	artifacts
artifacts/robodojo/block_v1_put_bottles_b0_seed1_20260902/episode_0000000_cam_left_wrist_success.mp4	1792441	artifacts
artifacts/robodojo/block_v1_put_bottles_b0_seed1_20260902/episode_0000000_cam_right_wrist_success.mp4	1460988	artifacts
artifacts/robodojo/block_v1_put_bottles_b0_seed2_20260902/episode_0000000_cam_head_success.mp4	1304304	artifacts
artifacts/robodojo/block_v1_put_bottles_b0_seed2_20260902/episode_0000000_cam_left_wrist_success.mp4	2454942	artifacts
artifacts/robodojo/block_v1_put_bottles_b0_seed2_20260902/episode_0000000_cam_right_wrist_success.mp4	1760375	artifacts
artifacts/robodojo/block_v1_put_bottles_c1_flow2_h16_seed1_20260902/episode_0000000_cam_head_success.mp4	1458954	artifacts
artifacts/robodojo/block_v1_put_bottles_c1_flow2_h16_seed1_20260902/episode_0000000_cam_left_wrist_success.mp4	2305015	artifacts
artifacts/robodojo/block_v1_put_bottles_c1_flow2_h16_seed1_20260902/episode_0000000_cam_right_wrist_success.mp4	1682729	artifacts
artifacts/robodojo/block_v1_put_bottles_c1_flow2_h16_seed2_20260902/episode_0000000_cam_head_success.mp4	1304421	artifacts
artifacts/robodojo/block_v1_put_bottles_c1_flow2_h16_seed2_20260902/episode_0000000_cam_left_wrist_success.mp4	2415362	artifacts
artifacts/robodojo/block_v1_put_bottles_c1_flow2_h16_seed2_20260902/episode_0000000_cam_right_wrist_success.mp4	1711837	artifacts
artifacts/robodojo/block_v1_stack_bowls_b0_seed2_20260902/episode_0000000_cam_head_fail.mp4	1401719	artifacts
artifacts/robodojo/block_v1_stack_bowls_b0_seed2_20260902/episode_0000000_cam_left_wrist_fail.mp4	2075501	artifacts
artifacts/robodojo/block_v1_stack_bowls_b0_seed2_20260902/episode_0000000_cam_right_wrist_fail.mp4	2117922	artifacts
artifacts/robodojo/block_v2_stack_bowls_b0_seed1_20260902/episode_0000000_cam_head_fail.mp4	1248081	artifacts
artifacts/robodojo/block_v2_stack_bowls_b0_seed1_20260902/episode_0000000_cam_left_wrist_fail.mp4	3084691	artifacts
artifacts/robodojo/block_v2_stack_bowls_b0_seed1_20260902/episode_0000000_cam_right_wrist_fail.mp4	3065861	artifacts
artifacts/robodojo/block_v2_stack_bowls_c2_seed1_20260902/episode_0000000_cam_head_fail.mp4	1539400	artifacts
artifacts/robodojo/block_v2_stack_bowls_c2_seed1_20260902/episode_0000000_cam_left_wrist_fail.mp4	2949507	artifacts
artifacts/robodojo/block_v2_stack_bowls_c2_seed1_20260902/episode_0000000_cam_right_wrist_fail.mp4	8486312	artifacts
artifacts/robodojo/block_v3_stack_bowls_c1_seed1_20260902/episode_0000000_cam_head_fail.mp4	1465689	artifacts
artifacts/robodojo/block_v3_stack_bowls_c1_seed1_20260902/episode_0000000_cam_left_wrist_fail.mp4	3352661	artifacts
artifacts/robodojo/block_v3_stack_bowls_c1_seed1_20260902/episode_0000000_cam_right_wrist_fail.mp4	5269851	artifacts
artifacts/robodojo/block_v3_stack_bowls_c1_seed2_20260902/episode_0000000_cam_head_success.mp4	888960	artifacts
artifacts/robodojo/block_v3_stack_bowls_c1_seed2_20260902/episode_0000000_cam_left_wrist_success.mp4	1177673	artifacts
artifacts/robodojo/block_v3_stack_bowls_c1_seed2_20260902/episode_0000000_cam_right_wrist_success.mp4	1478014	artifacts
artifacts/robodojo/block_v4_stack_bowls_b0_seed0_20260902/episode_0000000_cam_head_fail.mp4	1293279	artifacts
artifacts/robodojo/block_v4_stack_bowls_b0_seed0_20260902/episode_0000000_cam_left_wrist_fail.mp4	1723855	artifacts
artifacts/robodojo/block_v4_stack_bowls_b0_seed0_20260902/episode_0000000_cam_right_wrist_fail.mp4	2540407	artifacts
artifacts/robodojo/block_v5_stack_bowls_c1_seed0_20260902/episode_0000000_cam_head_success.mp4	721585	artifacts
artifacts/robodojo/block_v5_stack_bowls_c1_seed0_20260902/episode_0000000_cam_left_wrist_success.mp4	1179666	artifacts
artifacts/robodojo/block_v5_stack_bowls_c1_seed0_20260902/episode_0000000_cam_right_wrist_success.mp4	1119973	artifacts
artifacts/robodojo/c2_stack_bowls_online_planner_seed2_20260902/episode_0000000_cam_head_fail.mp4	1269697	artifacts
artifacts/robodojo/c2_stack_bowls_online_planner_seed2_20260902/episode_0000000_cam_left_wrist_fail.mp4	2816738	artifacts
artifacts/robodojo/c2_stack_bowls_online_planner_seed2_20260902/episode_0000000_cam_right_wrist_fail.mp4	1766952	artifacts
artifacts/robodojo/c2_v3_stack_bowls_online_taskledger_seed2_20260902/episode_0000000_cam_head_fail.mp4	1456814	artifacts
artifacts/robodojo/c2_v3_stack_bowls_online_taskledger_seed2_20260902/episode_0000000_cam_left_wrist_fail.mp4	2209825	artifacts
artifacts/robodojo/c2_v3_stack_bowls_online_taskledger_seed2_20260902/episode_0000000_cam_right_wrist_fail.mp4	2126088	artifacts
artifacts/robodojo/c3_build_tower_online_taskledger_flow2_seed0_20260902/episode_0000000_cam_head_success.mp4	1662027	artifacts
artifacts/robodojo/c3_build_tower_online_taskledger_flow2_seed0_20260902/episode_0000000_cam_left_wrist_success.mp4	2969048	artifacts
artifacts/robodojo/c3_build_tower_online_taskledger_flow2_seed0_20260902/episode_0000000_cam_right_wrist_success.mp4	2852478	artifacts
artifacts/robodojo/diagnostic_build_tower_ddim10_h16_trace_seed0_20260902/episode_0000000_cam_head_fail.mp4	2055691	artifacts
artifacts/robodojo/diagnostic_build_tower_ddim10_h16_trace_seed0_20260902/episode_0000000_cam_left_wrist_fail.mp4	3648155	artifacts
artifacts/robodojo/diagnostic_build_tower_ddim10_h16_trace_seed0_20260902/episode_0000000_cam_right_wrist_fail.mp4	3516000	artifacts
artifacts/robodojo/diagnostic_build_tower_ddim6_h16_seed0_20260902/episode_0000000_cam_head_success.mp4	1680687	artifacts
artifacts/robodojo/diagnostic_build_tower_ddim6_h16_seed0_20260902/episode_0000000_cam_left_wrist_success.mp4	3090320	artifacts
artifacts/robodojo/diagnostic_build_tower_ddim6_h16_seed0_20260902/episode_0000000_cam_right_wrist_success.mp4	2989929	artifacts
artifacts/robodojo/fault640_c1_build_tower_flow2_seed1_20260902/episode_0000000_cam_head_fail.mp4	1720101	artifacts
artifacts/robodojo/fault640_c1_build_tower_flow2_seed1_20260902/episode_0000000_cam_left_wrist_fail.mp4	3043752	artifacts
artifacts/robodojo/fault640_c1_build_tower_flow2_seed1_20260902/episode_0000000_cam_right_wrist_fail.mp4	2690082	artifacts
artifacts/robodojo/fault640_c1_build_tower_flow2_seed2_20260902/episode_0000000_cam_head_fail.mp4	1691605	artifacts
artifacts/robodojo/fault640_c1_build_tower_flow2_seed2_20260902/episode_0000000_cam_left_wrist_fail.mp4	2664137	artifacts
artifacts/robodojo/fault640_c1_build_tower_flow2_seed2_20260902/episode_0000000_cam_right_wrist_fail.mp4	3040628	artifacts
artifacts/robodojo/fault640_c1_v2_build_tower_flow2_seed0_20260902/episode_0000000_cam_head_fail.mp4	1728591	artifacts
artifacts/robodojo/fault640_c1_v2_build_tower_flow2_seed0_20260902/episode_0000000_cam_left_wrist_fail.mp4	2904790	artifacts
artifacts/robodojo/fault640_c1_v2_build_tower_flow2_seed0_20260902/episode_0000000_cam_right_wrist_fail.mp4	2980899	artifacts
artifacts/robodojo/fault640_c3_replay_build_tower_flow2_flow4_seed0_20260902/episode_0000000_cam_head_success.mp4	1694303	artifacts
artifacts/robodojo/fault640_c3_replay_build_tower_flow2_flow4_seed0_20260902/episode_0000000_cam_left_wrist_success.mp4	3081320	artifacts
artifacts/robodojo/fault640_c3_replay_build_tower_flow2_flow4_seed0_20260902/episode_0000000_cam_right_wrist_success.mp4	2966991	artifacts
artifacts/robodojo/fault640_c3_replay_build_tower_flow2_flow4_seed1_20260902/episode_0000000_cam_head_success.mp4	1759690	artifacts
artifacts/robodojo/fault640_c3_replay_build_tower_flow2_flow4_seed1_20260902/episode_0000000_cam_left_wrist_success.mp4	3054983	artifacts
artifacts/robodojo/fault640_c3_replay_build_tower_flow2_flow4_seed1_20260902/episode_0000000_cam_right_wrist_success.mp4	3079067	artifacts
artifacts/robodojo/fault640_c3_replay_build_tower_flow2_flow4_seed2_20260902/episode_0000000_cam_head_success.mp4	1707311	artifacts
artifacts/robodojo/fault640_c3_replay_build_tower_flow2_flow4_seed2_20260902/episode_0000000_cam_left_wrist_success.mp4	2668108	artifacts
artifacts/robodojo/fault640_c3_replay_build_tower_flow2_flow4_seed2_20260902/episode_0000000_cam_right_wrist_success.mp4	3413801	artifacts
artifacts/robodojo/framework_capability_b0_store_laptop_and_headphones_set0_20260909/episode_0000000_cam_head_fail.mp4	1204723	artifacts
artifacts/robodojo/framework_capability_b0_store_laptop_and_headphones_set0_20260909/episode_0000000_cam_left_wrist_fail.mp4	1425401	artifacts
artifacts/robodojo/framework_capability_b0_store_laptop_and_headphones_set0_20260909/episode_0000000_cam_right_wrist_fail.mp4	2593083	artifacts
artifacts/robodojo/framework_capability_b0_store_laptop_and_headphones_set0_20260909/episode_0000001_cam_head_fail.mp4	1766384	artifacts
artifacts/robodojo/framework_capability_b0_store_laptop_and_headphones_set0_20260909/episode_0000001_cam_left_wrist_fail.mp4	3320242	artifacts
artifacts/robodojo/framework_capability_b0_store_laptop_and_headphones_set0_20260909/episode_0000001_cam_right_wrist_fail.mp4	3043632	artifacts
artifacts/robodojo/framework_capability_b0_store_laptop_and_headphones_set0_20260909/episode_0000002_cam_head_fail.mp4	1540927	artifacts
artifacts/robodojo/framework_capability_b0_store_laptop_and_headphones_set0_20260909/episode_0000002_cam_left_wrist_fail.mp4	2877432	artifacts
artifacts/robodojo/framework_capability_b0_store_laptop_and_headphones_set0_20260909/episode_0000002_cam_right_wrist_fail.mp4	3142806	artifacts
artifacts/robodojo/framework_integration_20260914/C2/episode_0000000_cam_head_success.mp4	709653	artifacts
artifacts/robodojo/framework_integration_20260914/C2/episode_0000000_cam_left_wrist_success.mp4	1158139	artifacts
artifacts/robodojo/framework_integration_20260914/C2/episode_0000000_cam_right_wrist_success.mp4	1135855	artifacts
artifacts/robodojo/framework_integration_20260914/C2/episode_0000001_cam_head_fail.mp4	1475718	artifacts
artifacts/robodojo/framework_integration_20260914/C2/episode_0000001_cam_left_wrist_fail.mp4	2011206	artifacts
artifacts/robodojo/framework_integration_20260914/C2/episode_0000001_cam_right_wrist_fail.mp4	2427371	artifacts
artifacts/robodojo/gate_build_tower_b0_seed0_20260902/episode_0000000_cam_head_success.mp4	1682844	artifacts
artifacts/robodojo/gate_build_tower_b0_seed0_20260902/episode_0000000_cam_left_wrist_success.mp4	3095356	artifacts
artifacts/robodojo/gate_build_tower_b0_seed0_20260902/episode_0000000_cam_right_wrist_success.mp4	3000387	artifacts
artifacts/robodojo/gate_build_tower_c1_seed0_20260902/episode_0000000_cam_head_fail.mp4	2058270	artifacts
artifacts/robodojo/gate_build_tower_c1_seed0_20260902/episode_0000000_cam_left_wrist_fail.mp4	4752513	artifacts
artifacts/robodojo/gate_build_tower_c1_seed0_20260902/episode_0000000_cam_right_wrist_fail.mp4	3578847	artifacts
artifacts/robodojo/gate_v1_put_bottles_b0_seed0_20260902/episode_0000000_cam_head_success.mp4	1642825	artifacts
artifacts/robodojo/gate_v1_put_bottles_b0_seed0_20260902/episode_0000000_cam_left_wrist_success.mp4	2434339	artifacts
artifacts/robodojo/gate_v1_put_bottles_b0_seed0_20260902/episode_0000000_cam_right_wrist_success.mp4	2592498	artifacts
artifacts/robodojo/gate_v1_put_bottles_c1_flow2_h16_seed0_20260902/episode_0000000_cam_head_success.mp4	1673780	artifacts
artifacts/robodojo/gate_v1_put_bottles_c1_flow2_h16_seed0_20260902/episode_0000000_cam_left_wrist_success.mp4	2728468	artifacts
artifacts/robodojo/gate_v1_put_bottles_c1_flow2_h16_seed0_20260902/episode_0000000_cam_right_wrist_success.mp4	2404650	artifacts
artifacts/robodojo/gate_v2_build_tower_c1_flow2_h16_seed0_20260902/episode_0000000_cam_head_success.mp4	1645098	artifacts
artifacts/robodojo/gate_v2_build_tower_c1_flow2_h16_seed0_20260902/episode_0000000_cam_left_wrist_success.mp4	3017836	artifacts
artifacts/robodojo/gate_v2_build_tower_c1_flow2_h16_seed0_20260902/episode_0000000_cam_right_wrist_success.mp4	2942407	artifacts
artifacts/robodojo/native_trace_b0_20260911/B0/episode_0000000_cam_head_success.mp4	698504	artifacts
artifacts/robodojo/native_trace_b0_20260911/B0/episode_0000000_cam_left_wrist_success.mp4	1108775	artifacts
artifacts/robodojo/native_trace_b0_20260911/B0/episode_0000000_cam_right_wrist_success.mp4	1116374	artifacts
artifacts/robodojo/native_trace_b0_20260911/B0/episode_0000001_cam_head_success.mp4	1029040	artifacts
artifacts/robodojo/native_trace_b0_20260911/B0/episode_0000001_cam_left_wrist_success.mp4	1582951	artifacts
artifacts/robodojo/native_trace_b0_20260911/B0/episode_0000001_cam_right_wrist_success.mp4	1539812	artifacts
artifacts/robodojo/paired_v10_stack_bowls_c2_deadline_grounded_seed2_20260902/episode_0000000_cam_head_success.mp4	1328116	artifacts
artifacts/robodojo/paired_v10_stack_bowls_c2_deadline_grounded_seed2_20260902/episode_0000000_cam_left_wrist_success.mp4	1902152	artifacts
artifacts/robodojo/paired_v10_stack_bowls_c2_deadline_grounded_seed2_20260902/episode_0000000_cam_right_wrist_success.mp4	2095950	artifacts
artifacts/robodojo/paired_v11_stack_bowls_c1_seeded_repro_a_seed2_20260902/episode_0000000_cam_head_fail.mp4	1516956	artifacts
artifacts/robodojo/paired_v11_stack_bowls_c1_seeded_repro_a_seed2_20260902/episode_0000000_cam_left_wrist_fail.mp4	2235484	artifacts
artifacts/robodojo/paired_v11_stack_bowls_c1_seeded_repro_a_seed2_20260902/episode_0000000_cam_right_wrist_fail.mp4	2258529	artifacts
artifacts/robodojo/pilot_v20_stack_bowls_single_view_group_guard_seed2_20260902/episode_0000000_cam_head_success.mp4	889573	artifacts
artifacts/robodojo/pilot_v20_stack_bowls_single_view_group_guard_seed2_20260902/episode_0000000_cam_left_wrist_success.mp4	1204789	artifacts
artifacts/robodojo/pilot_v20_stack_bowls_single_view_group_guard_seed2_20260902/episode_0000000_cam_right_wrist_success.mp4	1509593	artifacts
artifacts/robodojo/pilot_v21_stack_bowls_task_only_group_guard_seed2_20260902/episode_0000000_cam_head_success.mp4	883501	artifacts
artifacts/robodojo/pilot_v21_stack_bowls_task_only_group_guard_seed2_20260902/episode_0000000_cam_left_wrist_success.mp4	1195883	artifacts
artifacts/robodojo/pilot_v21_stack_bowls_task_only_group_guard_seed2_20260902/episode_0000000_cam_right_wrist_success.mp4	1467628	artifacts
artifacts/robodojo/pilot_v24_stack_bowls_guarded_hysteresis_seed1_20260902/episode_0000000_cam_head_fail.mp4	1661318	artifacts
artifacts/robodojo/pilot_v24_stack_bowls_guarded_hysteresis_seed1_20260902/episode_0000000_cam_left_wrist_fail.mp4	4183882	artifacts
artifacts/robodojo/pilot_v24_stack_bowls_guarded_hysteresis_seed1_20260902/episode_0000000_cam_right_wrist_fail.mp4	5617867	artifacts
artifacts/robodojo/ral_matrix_20260907_stack_bowls_b0_set0/episode_0000000_cam_head_success.mp4	706189	artifacts
artifacts/robodojo/ral_matrix_20260907_stack_bowls_b0_set0/episode_0000000_cam_left_wrist_success.mp4	1121546	artifacts
artifacts/robodojo/ral_matrix_20260907_stack_bowls_b0_set0/episode_0000000_cam_right_wrist_success.mp4	1113535	artifacts
artifacts/robodojo/ral_matrix_20260907_stack_bowls_b0_set0/episode_0000001_cam_head_fail.mp4	1592859	artifacts
artifacts/robodojo/ral_matrix_20260907_stack_bowls_b0_set0/episode_0000001_cam_left_wrist_fail.mp4	2361016	artifacts
artifacts/robodojo/ral_matrix_20260907_stack_bowls_b0_set0/episode_0000001_cam_right_wrist_fail.mp4	2407567	artifacts
artifacts/robodojo/ral_matrix_20260907_stack_bowls_b0_set0/episode_0000002_cam_head_fail.mp4	1139839	artifacts
artifacts/robodojo/ral_matrix_20260907_stack_bowls_b0_set0/episode_0000002_cam_left_wrist_fail.mp4	1748008	artifacts
artifacts/robodojo/ral_matrix_20260907_stack_bowls_b0_set0/episode_0000002_cam_right_wrist_fail.mp4	1780433	artifacts
artifacts/robodojo/ral_matrix_20260907_stack_bowls_b0_set0/episode_0000003_cam_head_success.mp4	1414301	artifacts
artifacts/robodojo/ral_matrix_20260907_stack_bowls_b0_set0/episode_0000003_cam_left_wrist_success.mp4	2945445	artifacts
artifacts/robodojo/ral_matrix_20260907_stack_bowls_b0_set0/episode_0000003_cam_right_wrist_success.mp4	1760703	artifacts
artifacts/robodojo/ral_matrix_20260907_stack_bowls_b0_set0/episode_0000004_cam_head_fail.mp4	1509519	artifacts
artifacts/robodojo/ral_matrix_20260907_stack_bowls_b0_set0/episode_0000004_cam_left_wrist_fail.mp4	2244443	artifacts
artifacts/robodojo/ral_matrix_20260907_stack_bowls_b0_set0/episode_0000004_cam_right_wrist_fail.mp4	2190543	artifacts
artifacts/robodojo/ral_matrix_20260907_stack_bowls_b0_set0/episode_0000005_cam_head_success.mp4	651031	artifacts
artifacts/robodojo/ral_matrix_20260907_stack_bowls_b0_set0/episode_0000005_cam_left_wrist_success.mp4	1455062	artifacts
artifacts/robodojo/ral_matrix_20260907_stack_bowls_b0_set0/episode_0000005_cam_right_wrist_success.mp4	552127	artifacts
artifacts/robodojo/ral_matrix_20260907_stack_bowls_b0_set0/episode_0000006_cam_head_fail.mp4	1301228	artifacts
artifacts/robodojo/ral_matrix_20260907_stack_bowls_b0_set0/episode_0000006_cam_left_wrist_fail.mp4	3816492	artifacts
artifacts/robodojo/ral_matrix_20260907_stack_bowls_b0_set0/episode_0000006_cam_right_wrist_fail.mp4	2717328	artifacts
artifacts/robodojo/ral_matrix_20260907_stack_bowls_b0_set0/episode_0000007_cam_head_success.mp4	865208	artifacts
artifacts/robodojo/ral_matrix_20260907_stack_bowls_b0_set0/episode_0000007_cam_left_wrist_success.mp4	1214498	artifacts
artifacts/robodojo/ral_matrix_20260907_stack_bowls_b0_set0/episode_0000007_cam_right_wrist_success.mp4	1891566	artifacts
artifacts/robodojo/ral_matrix_20260907_stack_bowls_b0_set0/episode_0000008_cam_head_success.mp4	856414	artifacts
artifacts/robodojo/ral_matrix_20260907_stack_bowls_b0_set0/episode_0000008_cam_left_wrist_success.mp4	3163722	artifacts
artifacts/robodojo/ral_matrix_20260907_stack_bowls_b0_set0/episode_0000008_cam_right_wrist_success.mp4	3557821	artifacts
artifacts/robodojo/ral_matrix_20260907_stack_bowls_b0_set0/episode_0000009_cam_head_fail.mp4	1285384	artifacts
artifacts/robodojo/ral_matrix_20260907_stack_bowls_b0_set0/episode_0000009_cam_left_wrist_fail.mp4	2827800	artifacts
artifacts/robodojo/ral_matrix_20260907_stack_bowls_b0_set0/episode_0000009_cam_right_wrist_fail.mp4	1839087	artifacts
artifacts/robodojo/ral_matrix_20260907_stack_bowls_b0_set0/episode_0000010_cam_head_success.mp4	909978	artifacts
artifacts/robodojo/ral_matrix_20260907_stack_bowls_b0_set0/episode_0000010_cam_left_wrist_success.mp4	4818488	artifacts
artifacts/robodojo/ral_matrix_20260907_stack_bowls_b0_set0/episode_0000010_cam_right_wrist_success.mp4	2350241	artifacts
artifacts/robodojo/ral_matrix_20260907_stack_bowls_b0_set0/episode_0000011_cam_head_fail.mp4	1236952	artifacts
artifacts/robodojo/ral_matrix_20260907_stack_bowls_b0_set0/episode_0000011_cam_left_wrist_fail.mp4	3287158	artifacts
artifacts/robodojo/ral_matrix_20260907_stack_bowls_b0_set0/episode_0000011_cam_right_wrist_fail.mp4	3590136	artifacts
artifacts/robodojo/ral_matrix_20260907_stack_bowls_b0_set0/episode_0000012_cam_head_success.mp4	692854	artifacts
artifacts/robodojo/ral_matrix_20260907_stack_bowls_b0_set0/episode_0000012_cam_left_wrist_success.mp4	2461912	artifacts
artifacts/robodojo/ral_matrix_20260907_stack_bowls_b0_set0/episode_0000012_cam_right_wrist_success.mp4	2463860	artifacts
artifacts/robodojo/ral_matrix_20260907_stack_bowls_b0_set0/episode_0000013_cam_head_fail.mp4	1462844	artifacts
artifacts/robodojo/ral_matrix_20260907_stack_bowls_b0_set0/episode_0000013_cam_left_wrist_fail.mp4	2360206	artifacts
artifacts/robodojo/ral_matrix_20260907_stack_bowls_b0_set0/episode_0000013_cam_right_wrist_fail.mp4	3580615	artifacts
artifacts/robodojo/ral_matrix_20260907_stack_bowls_b0_set0/episode_0000014_cam_head_fail.mp4	1393823	artifacts
artifacts/robodojo/ral_matrix_20260907_stack_bowls_b0_set0/episode_0000014_cam_left_wrist_fail.mp4	2405865	artifacts
artifacts/robodojo/ral_matrix_20260907_stack_bowls_b0_set0/episode_0000014_cam_right_wrist_fail.mp4	2243885	artifacts
artifacts/robodojo/ral_matrix_20260907_stack_bowls_b0_set0/episode_0000015_cam_head_fail.mp4	1092277	artifacts
artifacts/robodojo/ral_matrix_20260907_stack_bowls_b0_set0/episode_0000015_cam_left_wrist_fail.mp4	1366992	artifacts
artifacts/robodojo/ral_matrix_20260907_stack_bowls_b0_set0/episode_0000015_cam_right_wrist_fail.mp4	2865536	artifacts
artifacts/robodojo/ral_matrix_20260907_stack_bowls_b0_set0/episode_0000016_cam_head_success.mp4	491038	artifacts
artifacts/robodojo/ral_matrix_20260907_stack_bowls_b0_set0/episode_0000016_cam_left_wrist_success.mp4	826660	artifacts
artifacts/robodojo/ral_matrix_20260907_stack_bowls_b0_set0/episode_0000016_cam_right_wrist_success.mp4	821480	artifacts
artifacts/robodojo/ral_matrix_20260907_stack_bowls_b0_set0/episode_0000017_cam_head_fail.mp4	855716	artifacts
artifacts/robodojo/ral_matrix_20260907_stack_bowls_b0_set0/episode_0000017_cam_left_wrist_fail.mp4	1676882	artifacts
artifacts/robodojo/ral_matrix_20260907_stack_bowls_b0_set0/episode_0000017_cam_right_wrist_fail.mp4	1533383	artifacts
artifacts/robodojo/ral_matrix_20260907_stack_bowls_b0_set0/episode_0000018_cam_head_success.mp4	850405	artifacts
artifacts/robodojo/ral_matrix_20260907_stack_bowls_b0_set0/episode_0000018_cam_left_wrist_success.mp4	1727768	artifacts
artifacts/robodojo/ral_matrix_20260907_stack_bowls_b0_set0/episode_0000018_cam_right_wrist_success.mp4	1163181	artifacts
artifacts/robodojo/ral_matrix_20260907_stack_bowls_b0_set0/episode_0000019_cam_head_fail.mp4	995024	artifacts
artifacts/robodojo/ral_matrix_20260907_stack_bowls_b0_set0/episode_0000019_cam_left_wrist_fail.mp4	1619683	artifacts
artifacts/robodojo/ral_matrix_20260907_stack_bowls_b0_set0/episode_0000019_cam_right_wrist_fail.mp4	5862473	artifacts
artifacts/robodojo/ral_matrix_20260907_stack_bowls_b0_set0/episode_0000020_cam_head_fail.mp4	1542749	artifacts
artifacts/robodojo/ral_matrix_20260907_stack_bowls_b0_set0/episode_0000020_cam_left_wrist_fail.mp4	2241305	artifacts
artifacts/robodojo/ral_matrix_20260907_stack_bowls_b0_set0/episode_0000020_cam_right_wrist_fail.mp4	2157178	artifacts
artifacts/robodojo/ral_matrix_20260907_stack_bowls_b0_set0/episode_0000021_cam_head_fail.mp4	1276439	artifacts
artifacts/robodojo/ral_matrix_20260907_stack_bowls_b0_set0/episode_0000021_cam_left_wrist_fail.mp4	1556598	artifacts
artifacts/robodojo/ral_matrix_20260907_stack_bowls_b0_set0/episode_0000021_cam_right_wrist_fail.mp4	2412208	artifacts
artifacts/robodojo/ral_matrix_20260907_stack_bowls_b0_set0/episode_0000022_cam_head_success.mp4	717647	artifacts
artifacts/robodojo/ral_matrix_20260907_stack_bowls_b0_set0/episode_0000022_cam_left_wrist_success.mp4	2210178	artifacts
artifacts/robodojo/ral_matrix_20260907_stack_bowls_b0_set0/episode_0000022_cam_right_wrist_success.mp4	2224473	artifacts
artifacts/robodojo/ral_matrix_20260907_stack_bowls_b0_set0/episode_0000023_cam_head_fail.mp4	1416677	artifacts
artifacts/robodojo/ral_matrix_20260907_stack_bowls_b0_set0/episode_0000023_cam_left_wrist_fail.mp4	2098287	artifacts
artifacts/robodojo/ral_matrix_20260907_stack_bowls_b0_set0/episode_0000023_cam_right_wrist_fail.mp4	2379687	artifacts
artifacts/robodojo/ral_matrix_20260907_stack_bowls_b0_set0/episode_0000024_cam_head_success.mp4	827677	artifacts
artifacts/robodojo/ral_matrix_20260907_stack_bowls_b0_set0/episode_0000024_cam_left_wrist_success.mp4	2073120	artifacts
artifacts/robodojo/ral_matrix_20260907_stack_bowls_b0_set0/episode_0000024_cam_right_wrist_success.mp4	3276403	artifacts
artifacts/robodojo/ral_matrix_20260907_stack_bowls_c1_set0/episode_0000000_cam_head_success.mp4	715042	artifacts
artifacts/robodojo/ral_matrix_20260907_stack_bowls_c1_set0/episode_0000000_cam_left_wrist_success.mp4	1129465	artifacts
artifacts/robodojo/ral_matrix_20260907_stack_bowls_c1_set0/episode_0000000_cam_right_wrist_success.mp4	1111503	artifacts
artifacts/robodojo/ral_matrix_20260907_stack_bowls_c1_set0/episode_0000001_cam_head_fail.mp4	1543626	artifacts
artifacts/robodojo/ral_matrix_20260907_stack_bowls_c1_set0/episode_0000001_cam_left_wrist_fail.mp4	2043612	artifacts
artifacts/robodojo/ral_matrix_20260907_stack_bowls_c1_set0/episode_0000001_cam_right_wrist_fail.mp4	2582405	artifacts
artifacts/robodojo/ral_matrix_20260907_stack_bowls_c1_set0/episode_0000002_cam_head_fail.mp4	1111141	artifacts
artifacts/robodojo/ral_matrix_20260907_stack_bowls_c1_set0/episode_0000002_cam_left_wrist_fail.mp4	1697906	artifacts
artifacts/robodojo/ral_matrix_20260907_stack_bowls_c1_set0/episode_0000002_cam_right_wrist_fail.mp4	1760532	artifacts
artifacts/robodojo/ral_matrix_20260907_stack_bowls_c1_set0/episode_0000003_cam_head_fail.mp4	1515618	artifacts
artifacts/robodojo/ral_matrix_20260907_stack_bowls_c1_set0/episode_0000003_cam_left_wrist_fail.mp4	2252126	artifacts
artifacts/robodojo/ral_matrix_20260907_stack_bowls_c1_set0/episode_0000003_cam_right_wrist_fail.mp4	2533730	artifacts
artifacts/robodojo/ral_matrix_20260907_stack_bowls_c1_set0/episode_0000004_cam_head_fail.mp4	1423380	artifacts
artifacts/robodojo/ral_matrix_20260907_stack_bowls_c1_set0/episode_0000004_cam_left_wrist_fail.mp4	2572197	artifacts
artifacts/robodojo/ral_matrix_20260907_stack_bowls_c1_set0/episode_0000004_cam_right_wrist_fail.mp4	1755366	artifacts
artifacts/robodojo/ral_matrix_20260907_stack_bowls_c1_set0/episode_0000005_cam_head_fail.mp4	1342792	artifacts
artifacts/robodojo/ral_matrix_20260907_stack_bowls_c1_set0/episode_0000005_cam_left_wrist_fail.mp4	3124665	artifacts
artifacts/robodojo/ral_matrix_20260907_stack_bowls_c1_set0/episode_0000005_cam_right_wrist_fail.mp4	1310752	artifacts
artifacts/robodojo/ral_matrix_20260907_stack_bowls_c1_set0/episode_0000006_cam_head_fail.mp4	1417633	artifacts
artifacts/robodojo/ral_matrix_20260907_stack_bowls_c1_set0/episode_0000006_cam_left_wrist_fail.mp4	4447425	artifacts
artifacts/robodojo/ral_matrix_20260907_stack_bowls_c1_set0/episode_0000006_cam_right_wrist_fail.mp4	3267256	artifacts
artifacts/robodojo/ral_matrix_20260907_stack_bowls_c1_set0/episode_0000007_cam_head_fail.mp4	1198139	artifacts
artifacts/robodojo/ral_matrix_20260907_stack_bowls_c1_set0/episode_0000007_cam_left_wrist_fail.mp4	1776436	artifacts
artifacts/robodojo/ral_matrix_20260907_stack_bowls_c1_set0/episode_0000007_cam_right_wrist_fail.mp4	2448418	artifacts
artifacts/robodojo/ral_matrix_20260907_stack_bowls_c1_set0/episode_0000008_cam_head_success.mp4	1176904	artifacts
artifacts/robodojo/ral_matrix_20260907_stack_bowls_c1_set0/episode_0000008_cam_left_wrist_success.mp4	5084530	artifacts
artifacts/robodojo/ral_matrix_20260907_stack_bowls_c1_set0/episode_0000008_cam_right_wrist_success.mp4	3895654	artifacts
artifacts/robodojo/ral_matrix_20260907_stack_bowls_c1_set0/episode_0000009_cam_head_fail.mp4	1525016	artifacts
artifacts/robodojo/ral_matrix_20260907_stack_bowls_c1_set0/episode_0000009_cam_left_wrist_fail.mp4	2436889	artifacts
artifacts/robodojo/ral_matrix_20260907_stack_bowls_c1_set0/episode_0000009_cam_right_wrist_fail.mp4	2706919	artifacts
artifacts/robodojo/ral_matrix_20260907_stack_bowls_c1_set0/episode_0000010_cam_head_success.mp4	882124	artifacts
artifacts/robodojo/ral_matrix_20260907_stack_bowls_c1_set0/episode_0000010_cam_left_wrist_success.mp4	4722181	artifacts
artifacts/robodojo/ral_matrix_20260907_stack_bowls_c1_set0/episode_0000010_cam_right_wrist_success.mp4	2291214	artifacts
artifacts/robodojo/ral_matrix_20260907_stack_bowls_c1_set0/episode_0000011_cam_head_success.mp4	765535	artifacts
artifacts/robodojo/ral_matrix_20260907_stack_bowls_c1_set0/episode_0000011_cam_left_wrist_success.mp4	2750223	artifacts
artifacts/robodojo/ral_matrix_20260907_stack_bowls_c1_set0/episode_0000011_cam_right_wrist_success.mp4	2764404	artifacts
artifacts/robodojo/ral_matrix_20260907_stack_bowls_c1_set0/episode_0000012_cam_head_success.mp4	692987	artifacts
artifacts/robodojo/ral_matrix_20260907_stack_bowls_c1_set0/episode_0000012_cam_left_wrist_success.mp4	2461664	artifacts
artifacts/robodojo/ral_matrix_20260907_stack_bowls_c1_set0/episode_0000012_cam_right_wrist_success.mp4	2539646	artifacts
artifacts/robodojo/ral_matrix_20260907_stack_bowls_c1_set0/episode_0000013_cam_head_fail.mp4	1188069	artifacts
artifacts/robodojo/ral_matrix_20260907_stack_bowls_c1_set0/episode_0000013_cam_left_wrist_fail.mp4	1521341	artifacts
artifacts/robodojo/ral_matrix_20260907_stack_bowls_c1_set0/episode_0000013_cam_right_wrist_fail.mp4	3721562	artifacts
artifacts/robodojo/ral_matrix_20260907_stack_bowls_c1_set0/episode_0000014_cam_head_fail.mp4	1647396	artifacts
artifacts/robodojo/ral_matrix_20260907_stack_bowls_c1_set0/episode_0000014_cam_left_wrist_fail.mp4	2870871	artifacts
artifacts/robodojo/ral_matrix_20260907_stack_bowls_c1_set0/episode_0000014_cam_right_wrist_fail.mp4	2404334	artifacts
artifacts/robodojo/ral_matrix_20260907_stack_bowls_c1_set0/episode_0000015_cam_head_fail.mp4	891613	artifacts
artifacts/robodojo/ral_matrix_20260907_stack_bowls_c1_set0/episode_0000015_cam_left_wrist_fail.mp4	1368081	artifacts
artifacts/robodojo/ral_matrix_20260907_stack_bowls_c1_set0/episode_0000015_cam_right_wrist_fail.mp4	2864096	artifacts
artifacts/robodojo/ral_matrix_20260907_stack_bowls_c1_set0/episode_0000016_cam_head_fail.mp4	1144679	artifacts
artifacts/robodojo/ral_matrix_20260907_stack_bowls_c1_set0/episode_0000016_cam_left_wrist_fail.mp4	1777627	artifacts
artifacts/robodojo/ral_matrix_20260907_stack_bowls_c1_set0/episode_0000016_cam_right_wrist_fail.mp4	1700600	artifacts
artifacts/robodojo/ral_matrix_20260907_stack_bowls_c1_set0/episode_0000017_cam_head_fail.mp4	828635	artifacts
artifacts/robodojo/ral_matrix_20260907_stack_bowls_c1_set0/episode_0000017_cam_left_wrist_fail.mp4	1606329	artifacts
artifacts/robodojo/ral_matrix_20260907_stack_bowls_c1_set0/episode_0000017_cam_right_wrist_fail.mp4	1497167	artifacts
artifacts/robodojo/ral_matrix_20260907_stack_bowls_c1_set0/episode_0000018_cam_head_success.mp4	840097	artifacts
artifacts/robodojo/ral_matrix_20260907_stack_bowls_c1_set0/episode_0000018_cam_left_wrist_success.mp4	1701604	artifacts
artifacts/robodojo/ral_matrix_20260907_stack_bowls_c1_set0/episode_0000018_cam_right_wrist_success.mp4	1157318	artifacts
artifacts/robodojo/ral_matrix_20260907_stack_bowls_c1_set0/episode_0000019_cam_head_fail.mp4	1075900	artifacts
artifacts/robodojo/ral_matrix_20260907_stack_bowls_c1_set0/episode_0000019_cam_left_wrist_fail.mp4	1601315	artifacts
artifacts/robodojo/ral_matrix_20260907_stack_bowls_c1_set0/episode_0000019_cam_right_wrist_fail.mp4	7779075	artifacts
artifacts/robodojo/ral_matrix_20260907_stack_bowls_c1_set0/episode_0000020_cam_head_success.mp4	931110	artifacts
artifacts/robodojo/ral_matrix_20260907_stack_bowls_c1_set0/episode_0000020_cam_left_wrist_success.mp4	1589580	artifacts
artifacts/robodojo/ral_matrix_20260907_stack_bowls_c1_set0/episode_0000020_cam_right_wrist_success.mp4	1258445	artifacts
artifacts/robodojo/ral_matrix_20260907_stack_bowls_c1_set0/episode_0000021_cam_head_success.mp4	748680	artifacts
artifacts/robodojo/ral_matrix_20260907_stack_bowls_c1_set0/episode_0000021_cam_left_wrist_success.mp4	677766	artifacts
artifacts/robodojo/ral_matrix_20260907_stack_bowls_c1_set0/episode_0000021_cam_right_wrist_success.mp4	1736138	artifacts
artifacts/robodojo/ral_matrix_20260907_stack_bowls_c1_set0/episode_0000022_cam_head_success.mp4	709647	artifacts
artifacts/robodojo/ral_matrix_20260907_stack_bowls_c1_set0/episode_0000022_cam_left_wrist_success.mp4	2043109	artifacts
artifacts/robodojo/ral_matrix_20260907_stack_bowls_c1_set0/episode_0000022_cam_right_wrist_success.mp4	2223032	artifacts
artifacts/robodojo/ral_matrix_20260907_stack_bowls_c1_set0/episode_0000023_cam_head_success.mp4	1107552	artifacts
artifacts/robodojo/ral_matrix_20260907_stack_bowls_c1_set0/episode_0000023_cam_left_wrist_success.mp4	1707667	artifacts
artifacts/robodojo/ral_matrix_20260907_stack_bowls_c1_set0/episode_0000023_cam_right_wrist_success.mp4	1811046	artifacts
artifacts/robodojo/ral_matrix_20260907_stack_bowls_c1_set0/episode_0000024_cam_head_success.mp4	813511	artifacts
artifacts/robodojo/ral_matrix_20260907_stack_bowls_c1_set0/episode_0000024_cam_left_wrist_success.mp4	2045167	artifacts
artifacts/robodojo/ral_matrix_20260907_stack_bowls_c1_set0/episode_0000024_cam_right_wrist_success.mp4	3113232	artifacts
artifacts/robodojo/ral_matrix_20260907_stack_bowls_c2_set0/episode_0000000_cam_head_success.mp4	721647	artifacts
artifacts/robodojo/ral_matrix_20260907_stack_bowls_c2_set0/episode_0000000_cam_left_wrist_success.mp4	1170492	artifacts
artifacts/robodojo/ral_matrix_20260907_stack_bowls_c2_set0/episode_0000000_cam_right_wrist_success.mp4	1135839	artifacts
artifacts/robodojo/ral_matrix_20260907_stack_bowls_c2_set0/episode_0000001_cam_head_success.mp4	1231032	artifacts
artifacts/robodojo/ral_matrix_20260907_stack_bowls_c2_set0/episode_0000001_cam_left_wrist_success.mp4	2076841	artifacts
artifacts/robodojo/ral_matrix_20260907_stack_bowls_c2_set0/episode_0000001_cam_right_wrist_success.mp4	1751815	artifacts
artifacts/robodojo/ral_matrix_20260907_stack_bowls_c2_set0/episode_0000002_cam_head_fail.mp4	1142482	artifacts
artifacts/robodojo/ral_matrix_20260907_stack_bowls_c2_set0/episode_0000002_cam_left_wrist_fail.mp4	1750575	artifacts
artifacts/robodojo/ral_matrix_20260907_stack_bowls_c2_set0/episode_0000002_cam_right_wrist_fail.mp4	1770857	artifacts
artifacts/robodojo/ral_matrix_20260907_stack_bowls_c2_set0/episode_0000003_cam_head_fail.mp4	1318095	artifacts
artifacts/robodojo/ral_matrix_20260907_stack_bowls_c2_set0/episode_0000003_cam_left_wrist_fail.mp4	2847695	artifacts
artifacts/robodojo/ral_matrix_20260907_stack_bowls_c2_set0/episode_0000003_cam_right_wrist_fail.mp4	1790802	artifacts
artifacts/robodojo/ral_matrix_20260907_stack_bowls_c2_set0/episode_0000004_cam_head_fail.mp4	1551066	artifacts
artifacts/robodojo/ral_matrix_20260907_stack_bowls_c2_set0/episode_0000004_cam_left_wrist_fail.mp4	2336083	artifacts
artifacts/robodojo/ral_matrix_20260907_stack_bowls_c2_set0/episode_0000004_cam_right_wrist_fail.mp4	2154850	artifacts
artifacts/robodojo/ral_matrix_20260907_stack_bowls_c2_set0/episode_0000005_cam_head_fail.mp4	1380519	artifacts
artifacts/robodojo/ral_matrix_20260907_stack_bowls_c2_set0/episode_0000005_cam_left_wrist_fail.mp4	3104773	artifacts
artifacts/robodojo/ral_matrix_20260907_stack_bowls_c2_set0/episode_0000005_cam_right_wrist_fail.mp4	1349432	artifacts
artifacts/robodojo/ral_matrix_20260907_stack_bowls_c2_set0/episode_0000006_cam_head_success.mp4	975949	artifacts
artifacts/robodojo/ral_matrix_20260907_stack_bowls_c2_set0/episode_0000006_cam_left_wrist_success.mp4	3510185	artifacts
artifacts/robodojo/ral_matrix_20260907_stack_bowls_c2_set0/episode_0000006_cam_right_wrist_success.mp4	2168343	artifacts
artifacts/robodojo/ral_matrix_20260907_stack_bowls_c2_set0/episode_0000007_cam_head_fail.mp4	1075989	artifacts
artifacts/robodojo/ral_matrix_20260907_stack_bowls_c2_set0/episode_0000007_cam_left_wrist_fail.mp4	1378227	artifacts
artifacts/robodojo/ral_matrix_20260907_stack_bowls_c2_set0/episode_0000007_cam_right_wrist_fail.mp4	2748449	artifacts
artifacts/robodojo/ral_matrix_20260907_stack_bowls_c2_set0/episode_0000008_cam_head_success.mp4	846616	artifacts
artifacts/robodojo/ral_matrix_20260907_stack_bowls_c2_set0/episode_0000008_cam_left_wrist_success.mp4	2782305	artifacts
artifacts/robodojo/ral_matrix_20260907_stack_bowls_c2_set0/episode_0000008_cam_right_wrist_success.mp4	3557194	artifacts
artifacts/robodojo/ral_matrix_20260907_stack_bowls_c2_set0/episode_0000009_cam_head_fail.mp4	1341453	artifacts
artifacts/robodojo/ral_matrix_20260907_stack_bowls_c2_set0/episode_0000009_cam_left_wrist_fail.mp4	2597210	artifacts
artifacts/robodojo/ral_matrix_20260907_stack_bowls_c2_set0/episode_0000009_cam_right_wrist_fail.mp4	1847680	artifacts
artifacts/robodojo/ral_matrix_20260907_stack_bowls_c2_set0/episode_0000010_cam_head_success.mp4	916326	artifacts
artifacts/robodojo/ral_matrix_20260907_stack_bowls_c2_set0/episode_0000010_cam_left_wrist_success.mp4	5099960	artifacts
artifacts/robodojo/ral_matrix_20260907_stack_bowls_c2_set0/episode_0000010_cam_right_wrist_success.mp4	2323762	artifacts
artifacts/robodojo/ral_matrix_20260907_stack_bowls_c2_set0/episode_0000011_cam_head_fail.mp4	1248300	artifacts
artifacts/robodojo/ral_matrix_20260907_stack_bowls_c2_set0/episode_0000011_cam_left_wrist_fail.mp4	3315845	artifacts
artifacts/robodojo/ral_matrix_20260907_stack_bowls_c2_set0/episode_0000011_cam_right_wrist_fail.mp4	3515313	artifacts
artifacts/robodojo/ral_matrix_20260907_stack_bowls_c2_set0/episode_0000012_cam_head_success.mp4	696980	artifacts
artifacts/robodojo/ral_matrix_20260907_stack_bowls_c2_set0/episode_0000012_cam_left_wrist_success.mp4	2469308	artifacts
artifacts/robodojo/ral_matrix_20260907_stack_bowls_c2_set0/episode_0000012_cam_right_wrist_success.mp4	2555261	artifacts
artifacts/robodojo/ral_matrix_20260907_stack_bowls_c2_set0/episode_0000013_cam_head_fail.mp4	1080738	artifacts
artifacts/robodojo/ral_matrix_20260907_stack_bowls_c2_set0/episode_0000013_cam_left_wrist_fail.mp4	1556168	artifacts
artifacts/robodojo/ral_matrix_20260907_stack_bowls_c2_set0/episode_0000013_cam_right_wrist_fail.mp4	3139669	artifacts
artifacts/robodojo/ral_matrix_20260907_stack_bowls_c2_set0/episode_0000014_cam_head_fail.mp4	1493791	artifacts
artifacts/robodojo/ral_matrix_20260907_stack_bowls_c2_set0/episode_0000014_cam_left_wrist_fail.mp4	2404974	artifacts
artifacts/robodojo/ral_matrix_20260907_stack_bowls_c2_set0/episode_0000014_cam_right_wrist_fail.mp4	2782796	artifacts
artifacts/robodojo/ral_matrix_20260907_stack_bowls_c2_set0/episode_0000015_cam_head_fail.mp4	989417	artifacts
artifacts/robodojo/ral_matrix_20260907_stack_bowls_c2_set0/episode_0000015_cam_left_wrist_fail.mp4	1379640	artifacts
artifacts/robodojo/ral_matrix_20260907_stack_bowls_c2_set0/episode_0000015_cam_right_wrist_fail.mp4	2931961	artifacts
artifacts/robodojo/ral_matrix_20260907_stack_bowls_c2_set0/episode_0000016_cam_head_fail.mp4	1410194	artifacts
artifacts/robodojo/ral_matrix_20260907_stack_bowls_c2_set0/episode_0000016_cam_left_wrist_fail.mp4	2570897	artifacts
artifacts/robodojo/ral_matrix_20260907_stack_bowls_c2_set0/episode_0000016_cam_right_wrist_fail.mp4	1793027	artifacts
artifacts/robodojo/ral_matrix_20260907_stack_bowls_c2_set0/episode_0000017_cam_head_fail.mp4	850876	artifacts
artifacts/robodojo/ral_matrix_20260907_stack_bowls_c2_set0/episode_0000017_cam_left_wrist_fail.mp4	1694351	artifacts
artifacts/robodojo/ral_matrix_20260907_stack_bowls_c2_set0/episode_0000017_cam_right_wrist_fail.mp4	1520551	artifacts
artifacts/robodojo/ral_matrix_20260907_stack_bowls_c2_set0/episode_0000018_cam_head_success.mp4	880348	artifacts
artifacts/robodojo/ral_matrix_20260907_stack_bowls_c2_set0/episode_0000018_cam_left_wrist_success.mp4	1777908	artifacts
artifacts/robodojo/ral_matrix_20260907_stack_bowls_c2_set0/episode_0000018_cam_right_wrist_success.mp4	1192753	artifacts
artifacts/robodojo/ral_matrix_20260907_stack_bowls_c2_set0/episode_0000019_cam_head_fail.mp4	933103	artifacts
artifacts/robodojo/ral_matrix_20260907_stack_bowls_c2_set0/episode_0000019_cam_left_wrist_fail.mp4	1609460	artifacts
artifacts/robodojo/ral_matrix_20260907_stack_bowls_c2_set0/episode_0000019_cam_right_wrist_fail.mp4	5265644	artifacts
artifacts/robodojo/ral_matrix_20260907_stack_bowls_c2_set0/episode_0000020_cam_head_fail.mp4	1524286	artifacts
artifacts/robodojo/ral_matrix_20260907_stack_bowls_c2_set0/episode_0000020_cam_left_wrist_fail.mp4	2218821	artifacts
artifacts/robodojo/ral_matrix_20260907_stack_bowls_c2_set0/episode_0000020_cam_right_wrist_fail.mp4	2449798	artifacts
artifacts/robodojo/ral_matrix_20260907_stack_bowls_c2_set0/episode_0000021_cam_head_success.mp4	722185	artifacts
artifacts/robodojo/ral_matrix_20260907_stack_bowls_c2_set0/episode_0000021_cam_left_wrist_success.mp4	671752	artifacts
artifacts/robodojo/ral_matrix_20260907_stack_bowls_c2_set0/episode_0000021_cam_right_wrist_success.mp4	1646827	artifacts
artifacts/robodojo/ral_matrix_20260907_stack_bowls_c2_set0/episode_0000022_cam_head_success.mp4	699509	artifacts
artifacts/robodojo/ral_matrix_20260907_stack_bowls_c2_set0/episode_0000022_cam_left_wrist_success.mp4	2124695	artifacts
artifacts/robodojo/ral_matrix_20260907_stack_bowls_c2_set0/episode_0000022_cam_right_wrist_success.mp4	2221662	artifacts
artifacts/robodojo/ral_matrix_20260907_stack_bowls_c2_set0/episode_0000023_cam_head_fail.mp4	1465021	artifacts
artifacts/robodojo/ral_matrix_20260907_stack_bowls_c2_set0/episode_0000023_cam_left_wrist_fail.mp4	2269999	artifacts
artifacts/robodojo/ral_matrix_20260907_stack_bowls_c2_set0/episode_0000023_cam_right_wrist_fail.mp4	2192745	artifacts
artifacts/robodojo/ral_matrix_20260907_stack_bowls_c2_set0/episode_0000024_cam_head_success.mp4	818514	artifacts
artifacts/robodojo/ral_matrix_20260907_stack_bowls_c2_set0/episode_0000024_cam_left_wrist_success.mp4	2073273	artifacts
artifacts/robodojo/ral_matrix_20260907_stack_bowls_c2_set0/episode_0000024_cam_right_wrist_success.mp4	3186166	artifacts
artifacts/robodojo/ral_matrix_20260907_stack_bowls_c3_set0/episode_0000000_cam_head_success.mp4	708652	artifacts
artifacts/robodojo/ral_matrix_20260907_stack_bowls_c3_set0/episode_0000000_cam_left_wrist_success.mp4	1131923	artifacts
artifacts/robodojo/ral_matrix_20260907_stack_bowls_c3_set0/episode_0000000_cam_right_wrist_success.mp4	1106731	artifacts
artifacts/robodojo/ral_matrix_20260907_stack_bowls_c3_set0/episode_0000001_cam_head_fail.mp4	1522541	artifacts
artifacts/robodojo/ral_matrix_20260907_stack_bowls_c3_set0/episode_0000001_cam_left_wrist_fail.mp4	2046538	artifacts
artifacts/robodojo/ral_matrix_20260907_stack_bowls_c3_set0/episode_0000001_cam_right_wrist_fail.mp4	2683364	artifacts
artifacts/robodojo/ral_matrix_20260907_stack_bowls_c3_set0/episode_0000002_cam_head_fail.mp4	1121591	artifacts
artifacts/robodojo/ral_matrix_20260907_stack_bowls_c3_set0/episode_0000002_cam_left_wrist_fail.mp4	1709508	artifacts
artifacts/robodojo/ral_matrix_20260907_stack_bowls_c3_set0/episode_0000002_cam_right_wrist_fail.mp4	1744796	artifacts
artifacts/robodojo/ral_matrix_20260907_stack_bowls_c3_set0/episode_0000003_cam_head_fail.mp4	1330454	artifacts
artifacts/robodojo/ral_matrix_20260907_stack_bowls_c3_set0/episode_0000003_cam_left_wrist_fail.mp4	2609124	artifacts
artifacts/robodojo/ral_matrix_20260907_stack_bowls_c3_set0/episode_0000003_cam_right_wrist_fail.mp4	1758491	artifacts
artifacts/robodojo/ral_matrix_20260907_stack_bowls_c3_set0/episode_0000004_cam_head_fail.mp4	1144481	artifacts
artifacts/robodojo/ral_matrix_20260907_stack_bowls_c3_set0/episode_0000004_cam_left_wrist_fail.mp4	2507269	artifacts
artifacts/robodojo/ral_matrix_20260907_stack_bowls_c3_set0/episode_0000004_cam_right_wrist_fail.mp4	1756618	artifacts
artifacts/robodojo/ral_matrix_20260907_stack_bowls_c3_set0/episode_0000005_cam_head_fail.mp4	1337334	artifacts
artifacts/robodojo/ral_matrix_20260907_stack_bowls_c3_set0/episode_0000005_cam_left_wrist_fail.mp4	2978694	artifacts
artifacts/robodojo/ral_matrix_20260907_stack_bowls_c3_set0/episode_0000005_cam_right_wrist_fail.mp4	1311756	artifacts
artifacts/robodojo/ral_matrix_20260907_stack_bowls_c3_set0/episode_0000006_cam_head_success.mp4	986832	artifacts
artifacts/robodojo/ral_matrix_20260907_stack_bowls_c3_set0/episode_0000006_cam_left_wrist_success.mp4	3433105	artifacts
artifacts/robodojo/ral_matrix_20260907_stack_bowls_c3_set0/episode_0000006_cam_right_wrist_success.mp4	2211326	artifacts
artifacts/robodojo/ral_matrix_20260907_stack_bowls_c3_set0/episode_0000007_cam_head_fail.mp4	1302037	artifacts
artifacts/robodojo/ral_matrix_20260907_stack_bowls_c3_set0/episode_0000007_cam_left_wrist_fail.mp4	1796338	artifacts
artifacts/robodojo/ral_matrix_20260907_stack_bowls_c3_set0/episode_0000007_cam_right_wrist_fail.mp4	2738488	artifacts
artifacts/robodojo/ral_matrix_20260907_stack_bowls_c3_set0/episode_0000008_cam_head_success.mp4	864145	artifacts
artifacts/robodojo/ral_matrix_20260907_stack_bowls_c3_set0/episode_0000008_cam_left_wrist_success.mp4	2828674	artifacts
artifacts/robodojo/ral_matrix_20260907_stack_bowls_c3_set0/episode_0000008_cam_right_wrist_success.mp4	3572640	artifacts
artifacts/robodojo/ral_matrix_20260907_stack_bowls_c3_set0/episode_0000009_cam_head_fail.mp4	1567227	artifacts
artifacts/robodojo/ral_matrix_20260907_stack_bowls_c3_set0/episode_0000009_cam_left_wrist_fail.mp4	2430110	artifacts
artifacts/robodojo/ral_matrix_20260907_stack_bowls_c3_set0/episode_0000009_cam_right_wrist_fail.mp4	2544706	artifacts
artifacts/robodojo/ral_matrix_20260907_stack_bowls_c3_set0/episode_0000010_cam_head_success.mp4	890808	artifacts
artifacts/robodojo/ral_matrix_20260907_stack_bowls_c3_set0/episode_0000010_cam_left_wrist_success.mp4	4750447	artifacts
artifacts/robodojo/ral_matrix_20260907_stack_bowls_c3_set0/episode_0000010_cam_right_wrist_success.mp4	2385393	artifacts
artifacts/robodojo/ral_matrix_20260907_stack_bowls_c3_set0/episode_0000011_cam_head_fail.mp4	1311711	artifacts
artifacts/robodojo/ral_matrix_20260907_stack_bowls_c3_set0/episode_0000011_cam_left_wrist_fail.mp4	3712590	artifacts
artifacts/robodojo/ral_matrix_20260907_stack_bowls_c3_set0/episode_0000011_cam_right_wrist_fail.mp4	3472133	artifacts
artifacts/robodojo/ral_matrix_20260907_stack_bowls_c3_set0/episode_0000012_cam_head_success.mp4	688639	artifacts
artifacts/robodojo/ral_matrix_20260907_stack_bowls_c3_set0/episode_0000012_cam_left_wrist_success.mp4	2433422	artifacts
artifacts/robodojo/ral_matrix_20260907_stack_bowls_c3_set0/episode_0000012_cam_right_wrist_success.mp4	2454564	artifacts
artifacts/robodojo/ral_matrix_20260907_stack_bowls_c3_set0/episode_0000013_cam_head_fail.mp4	1006964	artifacts
artifacts/robodojo/ral_matrix_20260907_stack_bowls_c3_set0/episode_0000013_cam_left_wrist_fail.mp4	1527717	artifacts
artifacts/robodojo/ral_matrix_20260907_stack_bowls_c3_set0/episode_0000013_cam_right_wrist_fail.mp4	2879624	artifacts
artifacts/robodojo/ral_matrix_20260907_stack_bowls_c3_set0/episode_0000014_cam_head_fail.mp4	1642508	artifacts
artifacts/robodojo/ral_matrix_20260907_stack_bowls_c3_set0/episode_0000014_cam_left_wrist_fail.mp4	2867291	artifacts
artifacts/robodojo/ral_matrix_20260907_stack_bowls_c3_set0/episode_0000014_cam_right_wrist_fail.mp4	2468835	artifacts
artifacts/robodojo/ral_matrix_20260907_stack_bowls_c3_set0/episode_0000015_cam_head_fail.mp4	1162677	artifacts
artifacts/robodojo/ral_matrix_20260907_stack_bowls_c3_set0/episode_0000015_cam_left_wrist_fail.mp4	1339198	artifacts
artifacts/robodojo/ral_matrix_20260907_stack_bowls_c3_set0/episode_0000015_cam_right_wrist_fail.mp4	2955684	artifacts
artifacts/robodojo/ral_matrix_20260907_stack_bowls_c3_set0/episode_0000016_cam_head_fail.mp4	1549949	artifacts
artifacts/robodojo/ral_matrix_20260907_stack_bowls_c3_set0/episode_0000016_cam_left_wrist_fail.mp4	2107190	artifacts
artifacts/robodojo/ral_matrix_20260907_stack_bowls_c3_set0/episode_0000016_cam_right_wrist_fail.mp4	2650623	artifacts
artifacts/robodojo/ral_matrix_20260907_stack_bowls_c3_set0/episode_0000017_cam_head_fail.mp4	831197	artifacts
artifacts/robodojo/ral_matrix_20260907_stack_bowls_c3_set0/episode_0000017_cam_left_wrist_fail.mp4	1608696	artifacts
artifacts/robodojo/ral_matrix_20260907_stack_bowls_c3_set0/episode_0000017_cam_right_wrist_fail.mp4	1514351	artifacts
artifacts/robodojo/ral_matrix_20260907_stack_bowls_c3_set0/episode_0000018_cam_head_success.mp4	849447	artifacts
artifacts/robodojo/ral_matrix_20260907_stack_bowls_c3_set0/episode_0000018_cam_left_wrist_success.mp4	1669538	artifacts
artifacts/robodojo/ral_matrix_20260907_stack_bowls_c3_set0/episode_0000018_cam_right_wrist_success.mp4	1154290	artifacts
artifacts/robodojo/ral_matrix_20260907_stack_bowls_c3_set0/episode_0000019_cam_head_fail.mp4	1079290	artifacts
artifacts/robodojo/ral_matrix_20260907_stack_bowls_c3_set0/episode_0000019_cam_left_wrist_fail.mp4	1617502	artifacts
artifacts/robodojo/ral_matrix_20260907_stack_bowls_c3_set0/episode_0000019_cam_right_wrist_fail.mp4	8222403	artifacts
artifacts/robodojo/ral_matrix_20260907_stack_bowls_c3_set0/episode_0000020_cam_head_fail.mp4	1227907	artifacts
artifacts/robodojo/ral_matrix_20260907_stack_bowls_c3_set0/episode_0000020_cam_left_wrist_fail.mp4	1898646	artifacts
artifacts/robodojo/ral_matrix_20260907_stack_bowls_c3_set0/episode_0000020_cam_right_wrist_fail.mp4	1841106	artifacts
artifacts/robodojo/ral_matrix_20260907_stack_bowls_c3_set0/episode_0000021_cam_head_success.mp4	718775	artifacts
artifacts/robodojo/ral_matrix_20260907_stack_bowls_c3_set0/episode_0000021_cam_left_wrist_success.mp4	661082	artifacts
artifacts/robodojo/ral_matrix_20260907_stack_bowls_c3_set0/episode_0000021_cam_right_wrist_success.mp4	1647458	artifacts
artifacts/robodojo/ral_matrix_20260907_stack_bowls_c3_set0/episode_0000022_cam_head_success.mp4	705869	artifacts
artifacts/robodojo/ral_matrix_20260907_stack_bowls_c3_set0/episode_0000022_cam_left_wrist_success.mp4	2121830	artifacts
artifacts/robodojo/ral_matrix_20260907_stack_bowls_c3_set0/episode_0000022_cam_right_wrist_success.mp4	2249908	artifacts
artifacts/robodojo/ral_matrix_20260907_stack_bowls_c3_set0/episode_0000023_cam_head_fail.mp4	1510546	artifacts
artifacts/robodojo/ral_matrix_20260907_stack_bowls_c3_set0/episode_0000023_cam_left_wrist_fail.mp4	2501726	artifacts
artifacts/robodojo/ral_matrix_20260907_stack_bowls_c3_set0/episode_0000023_cam_right_wrist_fail.mp4	2026695	artifacts
artifacts/robodojo/ral_matrix_20260907_stack_bowls_c3_set0/episode_0000024_cam_head_success.mp4	825006	artifacts
artifacts/robodojo/ral_matrix_20260907_stack_bowls_c3_set0/episode_0000024_cam_left_wrist_success.mp4	2028110	artifacts
artifacts/robodojo/ral_matrix_20260907_stack_bowls_c3_set0/episode_0000024_cam_right_wrist_success.mp4	3086728	artifacts
artifacts/robodojo/recovery_contract_c3_stack_bowls_set0_20260909/episode_0000000_cam_head_success.mp4	705114	artifacts
artifacts/robodojo/recovery_contract_c3_stack_bowls_set0_20260909/episode_0000000_cam_left_wrist_success.mp4	1134783	artifacts
artifacts/robodojo/recovery_contract_c3_stack_bowls_set0_20260909/episode_0000000_cam_right_wrist_success.mp4	1094775	artifacts
artifacts/robodojo/recovery_contract_c3_stack_bowls_set0_20260909/episode_0000001_cam_head_fail.mp4	1555309	artifacts
artifacts/robodojo/recovery_contract_c3_stack_bowls_set0_20260909/episode_0000001_cam_left_wrist_fail.mp4	1828744	artifacts
artifacts/robodojo/recovery_contract_c3_stack_bowls_set0_20260909/episode_0000001_cam_right_wrist_fail.mp4	2857885	artifacts
artifacts/robodojo/recovery_contract_c3_stack_bowls_set0_20260909/episode_0000002_cam_head_fail.mp4	1126540	artifacts
artifacts/robodojo/recovery_contract_c3_stack_bowls_set0_20260909/episode_0000002_cam_left_wrist_fail.mp4	1739019	artifacts
artifacts/robodojo/recovery_contract_c3_stack_bowls_set0_20260909/episode_0000002_cam_right_wrist_fail.mp4	1759977	artifacts
artifacts/robodojo/recovery_lifecycle_20260910/B0/episode_0000000_cam_head_success.mp4	708007	artifacts
artifacts/robodojo/recovery_lifecycle_20260910/B0/episode_0000000_cam_left_wrist_success.mp4	1138987	artifacts
artifacts/robodojo/recovery_lifecycle_20260910/B0/episode_0000000_cam_right_wrist_success.mp4	1123270	artifacts
artifacts/robodojo/recovery_lifecycle_20260910/B0/episode_0000001_cam_head_success.mp4	998048	artifacts
artifacts/robodojo/recovery_lifecycle_20260910/B0/episode_0000001_cam_left_wrist_success.mp4	1519605	artifacts
artifacts/robodojo/recovery_lifecycle_20260910/B0/episode_0000001_cam_right_wrist_success.mp4	1520549	artifacts
artifacts/robodojo/recovery_lifecycle_20260910/C1/episode_0000000_cam_head_fail.mp4	1159761	artifacts
artifacts/robodojo/recovery_lifecycle_20260910/C1/episode_0000000_cam_left_wrist_fail.mp4	1353405	artifacts
artifacts/robodojo/recovery_lifecycle_20260910/C1/episode_0000000_cam_right_wrist_fail.mp4	2638044	artifacts
artifacts/robodojo/recovery_lifecycle_20260910/C1/episode_0000001_cam_head_fail.mp4	1494880	artifacts
artifacts/robodojo/recovery_lifecycle_20260910/C1/episode_0000001_cam_left_wrist_fail.mp4	1712850	artifacts
artifacts/robodojo/recovery_lifecycle_20260910/C1/episode_0000001_cam_right_wrist_fail.mp4	2601918	artifacts
artifacts/robodojo/recovery_lifecycle_20260910/C2/episode_0000000_cam_head_success.mp4	712049	artifacts
artifacts/robodojo/recovery_lifecycle_20260910/C2/episode_0000000_cam_left_wrist_success.mp4	1146882	artifacts
artifacts/robodojo/recovery_lifecycle_20260910/C2/episode_0000000_cam_right_wrist_success.mp4	1113486	artifacts
artifacts/robodojo/recovery_lifecycle_20260910/C2/episode_0000001_cam_head_fail.mp4	1377291	artifacts
artifacts/robodojo/recovery_lifecycle_20260910/C2/episode_0000001_cam_left_wrist_fail.mp4	2342611	artifacts
artifacts/robodojo/recovery_lifecycle_20260910/C2/episode_0000001_cam_right_wrist_fail.mp4	1988540	artifacts
artifacts/robodojo/recovery_lifecycle_20260910/C3/episode_0000000_cam_head_success.mp4	700859	artifacts
artifacts/robodojo/recovery_lifecycle_20260910/C3/episode_0000000_cam_left_wrist_success.mp4	1118154	artifacts
artifacts/robodojo/recovery_lifecycle_20260910/C3/episode_0000000_cam_right_wrist_success.mp4	1088530	artifacts
artifacts/robodojo/recovery_lifecycle_20260910/C3/episode_0000001_cam_head_fail.mp4	1451751	artifacts
artifacts/robodojo/recovery_lifecycle_20260910/C3/episode_0000001_cam_left_wrist_fail.mp4	1928620	artifacts
artifacts/robodojo/recovery_lifecycle_20260910/C3/episode_0000001_cam_right_wrist_fail.mp4	2372936	artifacts
artifacts/robodojo/reobservation_shadow_20260910/run_fixed_launch/episode_0000000_cam_head_success.mp4	1645955	artifacts
artifacts/robodojo/reobservation_shadow_20260910/run_fixed_launch/episode_0000000_cam_left_wrist_success.mp4	3009697	artifacts
artifacts/robodojo/reobservation_shadow_20260910/run_fixed_launch/episode_0000000_cam_right_wrist_success.mp4	2966639	artifacts
artifacts/robodojo/reset_fix_validation_c3_set0_20260908/episode_0000000_cam_head_success.mp4	719112	artifacts
artifacts/robodojo/reset_fix_validation_c3_set0_20260908/episode_0000000_cam_left_wrist_success.mp4	1140462	artifacts
artifacts/robodojo/reset_fix_validation_c3_set0_20260908/episode_0000000_cam_right_wrist_success.mp4	1109155	artifacts
artifacts/robodojo/reset_fix_validation_c3_set0_20260908/episode_0000001_cam_head_fail.mp4	1547779	artifacts
artifacts/robodojo/reset_fix_validation_c3_set0_20260908/episode_0000001_cam_left_wrist_fail.mp4	2094942	artifacts
artifacts/robodojo/reset_fix_validation_c3_set0_20260908/episode_0000001_cam_right_wrist_fail.mp4	2501475	artifacts
artifacts/robodojo/reset_fix_validation_c3_set0_20260908/episode_0000002_cam_head_fail.mp4	1105281	artifacts
artifacts/robodojo/reset_fix_validation_c3_set0_20260908/episode_0000002_cam_left_wrist_fail.mp4	1695704	artifacts
artifacts/robodojo/reset_fix_validation_c3_set0_20260908/episode_0000002_cam_right_wrist_fail.mp4	1769245	artifacts
artifacts/robodojo/semantic_camera_pair_20260909/C1/episode_0000000_cam_head_success.mp4	1652930	artifacts
artifacts/robodojo/semantic_camera_pair_20260909/C1/episode_0000000_cam_left_wrist_success.mp4	3058710	artifacts
artifacts/robodojo/semantic_camera_pair_20260909/C1/episode_0000000_cam_right_wrist_success.mp4	2970076	artifacts
artifacts/robodojo/semantic_camera_pair_20260909/C3/episode_0000000_cam_head_success.mp4	1640699	artifacts
artifacts/robodojo/semantic_camera_pair_20260909/C3/episode_0000000_cam_left_wrist_success.mp4	3021164	artifacts
artifacts/robodojo/semantic_camera_pair_20260909/C3/episode_0000000_cam_right_wrist_success.mp4	2928705	artifacts
artifacts/robodojo/small_complete_20260914/build_tower_C1/episode_0000000_cam_head_success.mp4	1660622	artifacts
artifacts/robodojo/small_complete_20260914/build_tower_C1/episode_0000000_cam_left_wrist_success.mp4	3061791	artifacts
artifacts/robodojo/small_complete_20260914/build_tower_C1/episode_0000000_cam_right_wrist_success.mp4	2947237	artifacts
artifacts/robodojo/small_complete_20260914/build_tower_C1/episode_0000001_cam_head_success.mp4	1702246	artifacts
artifacts/robodojo/small_complete_20260914/build_tower_C1/episode_0000001_cam_left_wrist_success.mp4	3039010	artifacts
artifacts/robodojo/small_complete_20260914/build_tower_C1/episode_0000001_cam_right_wrist_success.mp4	3100821	artifacts
artifacts/robodojo/small_complete_20260914/build_tower_C1/episode_0000002_cam_head_success.mp4	1685742	artifacts
artifacts/robodojo/small_complete_20260914/build_tower_C1/episode_0000002_cam_left_wrist_success.mp4	3015350	artifacts
artifacts/robodojo/small_complete_20260914/build_tower_C1/episode_0000002_cam_right_wrist_success.mp4	3078085	artifacts
artifacts/robodojo/small_complete_20260914/build_tower_C3/episode_0000000_cam_head_fail.mp4	2282021	artifacts
artifacts/robodojo/small_complete_20260914/build_tower_C3/episode_0000000_cam_left_wrist_fail.mp4	4399142	artifacts
artifacts/robodojo/small_complete_20260914/build_tower_C3/episode_0000000_cam_right_wrist_fail.mp4	4380823	artifacts
artifacts/robodojo/small_complete_20260914/build_tower_C3/episode_0000001_cam_head_success.mp4	1703498	artifacts
artifacts/robodojo/small_complete_20260914/build_tower_C3/episode_0000001_cam_left_wrist_success.mp4	3053018	artifacts
artifacts/robodojo/small_complete_20260914/build_tower_C3/episode_0000001_cam_right_wrist_success.mp4	3111480	artifacts
artifacts/robodojo/small_complete_20260914/build_tower_C3/episode_0000002_cam_head_fail.mp4	2150612	artifacts
artifacts/robodojo/small_complete_20260914/build_tower_C3/episode_0000002_cam_left_wrist_fail.mp4	4447038	artifacts
artifacts/robodojo/small_complete_20260914/build_tower_C3/episode_0000002_cam_right_wrist_fail.mp4	4010295	artifacts
artifacts/robodojo/small_complete_20260914/put_bottles_into_dustbin_C1/episode_0000000_cam_head_success.mp4	1627830	artifacts
artifacts/robodojo/small_complete_20260914/put_bottles_into_dustbin_C1/episode_0000000_cam_left_wrist_success.mp4	2553460	artifacts
artifacts/robodojo/small_complete_20260914/put_bottles_into_dustbin_C1/episode_0000000_cam_right_wrist_success.mp4	2290700	artifacts
artifacts/robodojo/small_complete_20260914/put_bottles_into_dustbin_C1/episode_0000001_cam_head_fail.mp4	1479389	artifacts
artifacts/robodojo/small_complete_20260914/put_bottles_into_dustbin_C1/episode_0000001_cam_left_wrist_fail.mp4	3909856	artifacts
artifacts/robodojo/small_complete_20260914/put_bottles_into_dustbin_C1/episode_0000001_cam_right_wrist_fail.mp4	1219655	artifacts
artifacts/robodojo/small_complete_20260914/put_bottles_into_dustbin_C1/episode_0000002_cam_head_success.mp4	1200109	artifacts
artifacts/robodojo/small_complete_20260914/put_bottles_into_dustbin_C1/episode_0000002_cam_left_wrist_success.mp4	1681129	artifacts
artifacts/robodojo/small_complete_20260914/put_bottles_into_dustbin_C1/episode_0000002_cam_right_wrist_success.mp4	2088538	artifacts
artifacts/robodojo/small_complete_20260914/put_bottles_into_dustbin_C3/episode_0000000_cam_head_success.mp4	1793535	artifacts
artifacts/robodojo/small_complete_20260914/put_bottles_into_dustbin_C3/episode_0000000_cam_left_wrist_success.mp4	2353354	artifacts
artifacts/robodojo/small_complete_20260914/put_bottles_into_dustbin_C3/episode_0000000_cam_right_wrist_success.mp4	3033049	artifacts
artifacts/robodojo/small_complete_20260914/put_bottles_into_dustbin_C3/episode_0000001_cam_head_success.mp4	1147484	artifacts
artifacts/robodojo/small_complete_20260914/put_bottles_into_dustbin_C3/episode_0000001_cam_left_wrist_success.mp4	2251787	artifacts
artifacts/robodojo/small_complete_20260914/put_bottles_into_dustbin_C3/episode_0000001_cam_right_wrist_success.mp4	1453889	artifacts
artifacts/robodojo/small_complete_20260914/put_bottles_into_dustbin_C3/episode_0000002_cam_head_success.mp4	1323941	artifacts
artifacts/robodojo/small_complete_20260914/put_bottles_into_dustbin_C3/episode_0000002_cam_left_wrist_success.mp4	1861466	artifacts
artifacts/robodojo/small_complete_20260914/put_bottles_into_dustbin_C3/episode_0000002_cam_right_wrist_success.mp4	2629337	artifacts
artifacts/robodojo/staged_vlm_c3_build_tower_live_set0_20260909/episode_0000000_cam_head_success.mp4	1648356	artifacts
artifacts/robodojo/staged_vlm_c3_build_tower_live_set0_20260909/episode_0000000_cam_left_wrist_success.mp4	3025366	artifacts
artifacts/robodojo/staged_vlm_c3_build_tower_live_set0_20260909/episode_0000000_cam_right_wrist_success.mp4	2938802	artifacts
artifacts/robodojo/starvla_pi_v3_build_tower_c1_20260901/episode_0000000_cam_head_success.mp4	1645585	artifacts
artifacts/robodojo/starvla_pi_v3_build_tower_c1_20260901/episode_0000000_cam_left_wrist_success.mp4	3060520	artifacts
artifacts/robodojo/starvla_pi_v3_build_tower_c1_20260901/episode_0000000_cam_right_wrist_success.mp4	2954018	artifacts
artifacts/robodojo/starvla_pi_v3_build_tower_c3_20260901/episode_0000000_cam_head_success.mp4	1656156	artifacts
artifacts/robodojo/starvla_pi_v3_build_tower_c3_20260901/episode_0000000_cam_left_wrist_success.mp4	3053912	artifacts
artifacts/robodojo/starvla_pi_v3_build_tower_c3_20260901/episode_0000000_cam_right_wrist_success.mp4	2930053	artifacts
artifacts/robodojo/starvla_pi_v3_build_tower_c3_fault640_20260901/episode_0000000_cam_head_success.mp4	1729039	artifacts
artifacts/robodojo/starvla_pi_v3_build_tower_c3_fault640_20260901/episode_0000000_cam_left_wrist_success.mp4	3141212	artifacts
artifacts/robodojo/starvla_pi_v3_build_tower_c3_fault640_20260901/episode_0000000_cam_right_wrist_success.mp4	3018881	artifacts
artifacts/robodojo/starvla_pi_v3_build_tower_c3_fault640_adaptive_20260901/episode_0000000_cam_head_success.mp4	1721967	artifacts
artifacts/robodojo/starvla_pi_v3_build_tower_c3_fault640_adaptive_20260901/episode_0000000_cam_left_wrist_success.mp4	3103399	artifacts
artifacts/robodojo/starvla_pi_v3_build_tower_c3_fault640_adaptive_20260901/episode_0000000_cam_right_wrist_success.mp4	2991702	artifacts
artifacts/robodojo/starvla_pi_v3_build_tower_c3_fault640_adaptive_seed1_20260901/episode_0000000_cam_head_success.mp4	1743266	artifacts
artifacts/robodojo/starvla_pi_v3_build_tower_c3_fault640_adaptive_seed1_20260901/episode_0000000_cam_left_wrist_success.mp4	3030565	artifacts
artifacts/robodojo/starvla_pi_v3_build_tower_c3_fault640_adaptive_seed1_20260901/episode_0000000_cam_right_wrist_success.mp4	3108775	artifacts
artifacts/robodojo/starvla_pi_v3_build_tower_c3_fault640_adaptive_seed2_20260901/episode_0000000_cam_head_success.mp4	1721978	artifacts
artifacts/robodojo/starvla_pi_v3_build_tower_c3_fault640_adaptive_seed2_20260901/episode_0000000_cam_left_wrist_success.mp4	2678615	artifacts
artifacts/robodojo/starvla_pi_v3_build_tower_c3_fault640_adaptive_seed2_20260901/episode_0000000_cam_right_wrist_success.mp4	3365842	artifacts
artifacts/robodojo/starvla_pi_v3_build_tower_c3_fault640_criticfix_20260901/episode_0000000_cam_head_fail.mp4	2034290	artifacts
artifacts/robodojo/starvla_pi_v3_build_tower_c3_fault640_criticfix_20260901/episode_0000000_cam_left_wrist_fail.mp4	3584082	artifacts
artifacts/robodojo/starvla_pi_v3_build_tower_c3_fault640_criticfix_20260901/episode_0000000_cam_right_wrist_fail.mp4	3417812	artifacts
artifacts/robodojo/starvla_pi_v3_build_tower_c3_fault640_det_adaptive_20260901/episode_0000000_cam_head_fail.mp4	1957335	artifacts
artifacts/robodojo/starvla_pi_v3_build_tower_c3_fault640_det_adaptive_20260901/episode_0000000_cam_left_wrist_fail.mp4	3437652	artifacts
artifacts/robodojo/starvla_pi_v3_build_tower_c3_fault640_det_adaptive_20260901/episode_0000000_cam_right_wrist_fail.mp4	4697721	artifacts
artifacts/robodojo/starvla_pi_v3_build_tower_c3_fault640_det_fixed_20260901/episode_0000000_cam_head_success.mp4	1726796	artifacts
artifacts/robodojo/starvla_pi_v3_build_tower_c3_fault640_det_fixed_20260901/episode_0000000_cam_left_wrist_success.mp4	3116984	artifacts
artifacts/robodojo/starvla_pi_v3_build_tower_c3_fault640_det_fixed_20260901/episode_0000000_cam_right_wrist_success.mp4	2952828	artifacts
artifacts/robodojo/starvla_pi_v3_build_tower_c3_fault640_fixed_seed1_20260901/episode_0000000_cam_head_success.mp4	1741081	artifacts
artifacts/robodojo/starvla_pi_v3_build_tower_c3_fault640_fixed_seed1_20260901/episode_0000000_cam_left_wrist_success.mp4	3014778	artifacts
artifacts/robodojo/starvla_pi_v3_build_tower_c3_fault640_fixed_seed1_20260901/episode_0000000_cam_right_wrist_success.mp4	3097994	artifacts
artifacts/robodojo/starvla_pi_v3_build_tower_c3_fault640_fixed_seed2_20260901/episode_0000000_cam_head_fail.mp4	2017487	artifacts
artifacts/robodojo/starvla_pi_v3_build_tower_c3_fault640_fixed_seed2_20260901/episode_0000000_cam_left_wrist_fail.mp4	3116252	artifacts
artifacts/robodojo/starvla_pi_v3_build_tower_c3_fault640_fixed_seed2_20260901/episode_0000000_cam_right_wrist_fail.mp4	3820027	artifacts
artifacts/robodojo/starvla_pi_v3_build_tower_c3_seed1_20260901/episode_0000000_cam_head_success.mp4	1673347	artifacts
artifacts/robodojo/starvla_pi_v3_build_tower_c3_seed1_20260901/episode_0000000_cam_left_wrist_success.mp4	3035458	artifacts
artifacts/robodojo/starvla_pi_v3_build_tower_c3_seed1_20260901/episode_0000000_cam_right_wrist_success.mp4	3035340	artifacts
artifacts/robodojo/starvla_pi_v3_build_tower_planner_ledger_replay_fault640_seed2_20260901/episode_0000000_cam_head_success.mp4	1718570	artifacts
artifacts/robodojo/starvla_pi_v3_build_tower_planner_ledger_replay_fault640_seed2_20260901/episode_0000000_cam_left_wrist_success.mp4	2685108	artifacts
artifacts/robodojo/starvla_pi_v3_build_tower_planner_ledger_replay_fault640_seed2_20260901/episode_0000000_cam_right_wrist_success.mp4	3407072	artifacts
artifacts/robodojo/starvla_pi_v3_build_tower_shadow_20260901/episode_0000000_cam_head_fail.mp4	2051665	artifacts
artifacts/robodojo/starvla_pi_v3_build_tower_shadow_20260901/episode_0000000_cam_left_wrist_fail.mp4	3642969	artifacts
artifacts/robodojo/starvla_pi_v3_build_tower_shadow_20260901/episode_0000000_cam_right_wrist_fail.mp4	3506991	artifacts
artifacts/robodojo/starvla_pi_v3_build_tower_shadow_fault640_20260901/episode_0000000_cam_head_fail.mp4	1712057	artifacts
artifacts/robodojo/starvla_pi_v3_build_tower_shadow_fault640_20260901/episode_0000000_cam_left_wrist_fail.mp4	2955541	artifacts
artifacts/robodojo/starvla_pi_v3_build_tower_shadow_fault640_20260901/episode_0000000_cam_right_wrist_fail.mp4	3143701	artifacts
artifacts/robodojo/starvla_pi_v3_build_tower_shadow_fault640_seed1_20260901/episode_0000000_cam_head_fail.mp4	1750048	artifacts
artifacts/robodojo/starvla_pi_v3_build_tower_shadow_fault640_seed1_20260901/episode_0000000_cam_left_wrist_fail.mp4	2976491	artifacts
artifacts/robodojo/starvla_pi_v3_build_tower_shadow_fault640_seed1_20260901/episode_0000000_cam_right_wrist_fail.mp4	2860686	artifacts
artifacts/robodojo/starvla_pi_v3_build_tower_shadow_fault640_seed2_20260901/episode_0000000_cam_head_fail.mp4	1706214	artifacts
artifacts/robodojo/starvla_pi_v3_build_tower_shadow_fault640_seed2_20260901/episode_0000000_cam_left_wrist_fail.mp4	2667384	artifacts
artifacts/robodojo/starvla_pi_v3_build_tower_shadow_fault640_seed2_20260901/episode_0000000_cam_right_wrist_fail.mp4	3068790	artifacts
artifacts/robodojo/starvla_pi_v3_build_tower_smoke_20260901/build_tower_seed0_cam_head_fail.mp4	2084253	artifacts
artifacts/robodojo/starvla_pi_v3_build_tower_smoke_20260901/build_tower_seed0_cam_left_wrist_fail.mp4	4460049	artifacts
artifacts/robodojo/starvla_pi_v3_build_tower_smoke_20260901/build_tower_seed0_cam_right_wrist_fail.mp4	4256923	artifacts
artifacts/robodojo/task_completion_mirror_20260910/run/episode_0000000_cam_head_success.mp4	1633035	artifacts
artifacts/robodojo/task_completion_mirror_20260910/run/episode_0000000_cam_left_wrist_success.mp4	3040251	artifacts
artifacts/robodojo/task_completion_mirror_20260910/run/episode_0000000_cam_right_wrist_success.mp4	2961747	artifacts
artifacts/robodojo/task_completion_mirror_20260910/run/episode_0000001_cam_head_success.mp4	1703906	artifacts
artifacts/robodojo/task_completion_mirror_20260910/run/episode_0000001_cam_left_wrist_success.mp4	3012833	artifacts
artifacts/robodojo/task_completion_mirror_20260910/run/episode_0000001_cam_right_wrist_success.mp4	3101399	artifacts
artifacts/robomme/authority_regression_20260922/ep1_observe_every/initial_demo_front.mp4	5843	artifacts
artifacts/robomme/authority_regression_20260922/ep1_observe_every/PickXtimes_ep1_vlm_groundsg.mp4	498217	artifacts
artifacts/robomme/authority_regression_20260922/ep1_raw_every/initial_demo_front.mp4	5843	artifacts
artifacts/robomme/authority_regression_20260922/ep1_raw_every/PickXtimes_ep1_vlm_groundsg.mp4	541572	artifacts
artifacts/robomme/authority_regression_20260922/ep2_observe_every/initial_demo_front.mp4	5968	artifacts
artifacts/robomme/authority_regression_20260922/ep2_observe_every/PickXtimes_ep2_vlm_groundsg.mp4	2304081	artifacts
artifacts/robomme/authority_regression_20260922/ep2_raw_every/initial_demo_front.mp4	5968	artifacts
artifacts/robomme/authority_regression_20260922/ep2_raw_every/PickXtimes_ep2_vlm_groundsg.mp4	630365	artifacts
artifacts/robomme/authority_regression_20260922/ep3_observe_every/initial_demo_front.mp4	5862	artifacts
artifacts/robomme/authority_regression_20260922/ep3_observe_every/PickXtimes_ep3_vlm_groundsg.mp4	2023590	artifacts
artifacts/robomme/authority_regression_20260922/ep3_raw_every/initial_demo_front.mp4	5862	artifacts
artifacts/robomme/authority_regression_20260922/ep3_raw_every/PickXtimes_ep3_vlm_groundsg.mp4	1303632	artifacts
artifacts/robomme/authority_regression_20260922/ep4_observe_every/initial_demo_front.mp4	5889	artifacts
artifacts/robomme/authority_regression_20260922/ep4_observe_every/PickXtimes_ep4_vlm_groundsg.mp4	676723	artifacts
artifacts/robomme/authority_regression_20260922/ep4_raw_every/initial_demo_front.mp4	5889	artifacts
artifacts/robomme/authority_regression_20260922/ep4_raw_every/PickXtimes_ep4_vlm_groundsg.mp4	798029	artifacts
artifacts/robomme/authority_regression_20260922/ep5_observe_every/initial_demo_front.mp4	5821	artifacts
artifacts/robomme/authority_regression_20260922/ep5_observe_every/PickXtimes_ep5_vlm_groundsg.mp4	630279	artifacts
artifacts/robomme/authority_regression_20260922/ep5_raw_every/initial_demo_front.mp4	5821	artifacts
artifacts/robomme/authority_regression_20260922/ep5_raw_every/PickXtimes_ep5_vlm_groundsg.mp4	824455	artifacts
artifacts/robomme/closeout_development_run_20260923/VideoRepick_ep12_A/initial_demo_front.mp4	131354	artifacts
artifacts/robomme/closeout_development_run_20260923/VideoRepick_ep12_A/VideoRepick_ep12_vlm_groundsg.mp4	1445583	artifacts
artifacts/robomme/closeout_development_run_20260923/VideoRepick_ep12_C/initial_demo_front.mp4	131354	artifacts
artifacts/robomme/closeout_development_run_20260923/VideoRepick_ep12_C/VideoRepick_ep12_vlm_groundsg.mp4	1503168	artifacts
artifacts/robomme/closeout_development_run_20260923/VideoUnmaskSwap_ep11_B/initial_demo_front.mp4	57181	artifacts
artifacts/robomme/closeout_development_run_20260923/VideoUnmaskSwap_ep11_B/VideoUnmaskSwap_ep11_vlm_groundsg.mp4	576793	artifacts
artifacts/robomme/closeout_development_run_20260923/VideoUnmaskSwap_ep11_C/initial_demo_front.mp4	57181	artifacts
artifacts/robomme/closeout_development_run_20260923/VideoUnmaskSwap_ep11_C/VideoUnmaskSwap_ep11_vlm_groundsg.mp4	576793	artifacts
artifacts/robomme/closeout_development/identity_memory/VideoUnmaskSwap_ep11_sam2_container_memory.mp4	45458	artifacts
artifacts/robomme/closeout_development/official_demos/VideoRepick_ep12/initial_demo_front.mp4	131354	artifacts
artifacts/robomme/closeout_development/official_demos/VideoUnmaskSwap_ep11/initial_demo_front.mp4	57181	artifacts
artifacts/robomme/closeout_unmask_a_diagnostic_20260923/VideoUnmaskSwap_ep11_A/initial_demo_front.mp4	57181	artifacts
artifacts/robomme/closeout_unmask_a_diagnostic_20260923/VideoUnmaskSwap_ep11_A/VideoUnmaskSwap_ep11_vlm_groundsg.mp4	408204	artifacts
artifacts/robomme/coarse_identity_development_20260923/VideoUnmask_ep11_Bprime/initial_demo_front.mp4	22294	artifacts
artifacts/robomme/coarse_identity_development_20260923/VideoUnmask_ep11_Bprime/VideoUnmask_ep11_vlm_groundsg.mp4	237898	artifacts
artifacts/robomme/control_repro_calibration_20260923/VideoUnmask_ep11_A1_valid/initial_demo_front.mp4	22294	artifacts
artifacts/robomme/control_repro_calibration_20260923/VideoUnmask_ep11_A1_valid/VideoUnmask_ep11_vlm_groundsg.mp4	587240	artifacts
artifacts/robomme/control_repro_calibration_20260923/VideoUnmask_ep11_A2_valid/initial_demo_front.mp4	22294	artifacts
artifacts/robomme/control_repro_calibration_20260923/VideoUnmask_ep11_A2_valid/VideoUnmask_ep11_vlm_groundsg.mp4	587240	artifacts
artifacts/robomme/cross_service_short_calibration_20260923/VideoUnmask_ep11_A16/initial_demo_front.mp4	22294	artifacts
artifacts/robomme/cross_service_short_calibration_20260923/VideoUnmask_ep11_A16/VideoUnmask_ep11_vlm_groundsg.mp4	63489	artifacts
artifacts/robomme/execution_feedback_20260922/execution_every/initial_demo_front.mp4	5823	artifacts
artifacts/robomme/execution_feedback_20260922/execution_every/PickXtimes_ep0_vlm_groundsg.mp4	502915	artifacts
artifacts/robomme/execution_feedback_20260922/execution_selective/initial_demo_front.mp4	5823	artifacts
artifacts/robomme/execution_feedback_20260922/execution_selective/PickXtimes_ep0_vlm_groundsg.mp4	432642	artifacts
artifacts/robomme/execution_feedback_20260922/legacy_every/initial_demo_front.mp4	5823	artifacts
artifacts/robomme/execution_feedback_20260922/legacy_every/PickXtimes_ep0_vlm_groundsg.mp4	502915	artifacts
artifacts/robomme/execution_feedback_20260922/raw_every/initial_demo_front.mp4	5823	artifacts
artifacts/robomme/execution_feedback_20260922/raw_every/PickXtimes_ep0_vlm_groundsg.mp4	1406504	artifacts
artifacts/robomme/frozen_gate_20260923/memory/VideoUnmaskSwap_ep22_sam2_container_memory.mp4	27481	artifacts
artifacts/robomme/frozen_gate_20260923/memory/VideoUnmaskSwap_ep23_sam2_container_memory.mp4	43796	artifacts
artifacts/robomme/frozen_gate_20260923/memory/VideoUnmaskSwap_ep24_sam2_container_memory.mp4	35586	artifacts
artifacts/robomme/frozen_gate_20260923/memory/VideoUnmaskSwap_ep25_sam2_container_memory.mp4	25790	artifacts
artifacts/robomme/frozen_gate_20260923/memory/VideoUnmaskSwap_ep27_sam2_container_memory.mp4	44534	artifacts
artifacts/robomme/frozen_gate_20260923/memory/VideoUnmaskSwap_ep28_sam2_container_memory.mp4	27841	artifacts
artifacts/robomme/frozen_gate_20260923/memory/VideoUnmaskSwap_ep29_sam2_container_memory.mp4	26426	artifacts
artifacts/robomme/frozen_gate_20260923/preflight/VideoUnmaskSwap_ep22/initial_demo_front.mp4	31688	artifacts
artifacts/robomme/frozen_gate_20260923/preflight/VideoUnmaskSwap_ep23/initial_demo_front.mp4	52656	artifacts
artifacts/robomme/frozen_gate_20260923/preflight/VideoUnmaskSwap_ep24/initial_demo_front.mp4	44173	artifacts
artifacts/robomme/frozen_gate_20260923/preflight/VideoUnmaskSwap_ep25/initial_demo_front.mp4	30731	artifacts
artifacts/robomme/frozen_gate_20260923/preflight/VideoUnmaskSwap_ep26/initial_demo_front.mp4	32694	artifacts
artifacts/robomme/frozen_gate_20260923/preflight/VideoUnmaskSwap_ep27/initial_demo_front.mp4	54890	artifacts
artifacts/robomme/frozen_gate_20260923/preflight/VideoUnmaskSwap_ep28/initial_demo_front.mp4	33256	artifacts
artifacts/robomme/frozen_gate_20260923/preflight/VideoUnmaskSwap_ep29/initial_demo_front.mp4	32196	artifacts
artifacts/robomme/frozen_gate_20260923/rollouts/VideoUnmaskSwap_ep22_B/initial_demo_front.mp4	31688	artifacts
artifacts/robomme/frozen_gate_20260923/rollouts/VideoUnmaskSwap_ep22_B/VideoUnmaskSwap_ep22_vlm_groundsg.mp4	291181	artifacts
artifacts/robomme/frozen_gate_20260923/rollouts/VideoUnmaskSwap_ep22_F/initial_demo_front.mp4	31688	artifacts
artifacts/robomme/frozen_gate_20260923/rollouts/VideoUnmaskSwap_ep22_F/VideoUnmaskSwap_ep22_vlm_groundsg.mp4	291181	artifacts
artifacts/robomme/frozen_gate_20260923/rollouts/VideoUnmaskSwap_ep23_B/initial_demo_front.mp4	52656	artifacts
artifacts/robomme/frozen_gate_20260923/rollouts/VideoUnmaskSwap_ep23_B/VideoUnmaskSwap_ep23_vlm_groundsg.mp4	642748	artifacts
artifacts/robomme/frozen_gate_20260923/rollouts/VideoUnmaskSwap_ep23_F/initial_demo_front.mp4	52656	artifacts
artifacts/robomme/frozen_gate_20260923/rollouts/VideoUnmaskSwap_ep23_F/VideoUnmaskSwap_ep23_vlm_groundsg.mp4	642196	artifacts
artifacts/robomme/frozen_gate_20260923/rollouts/VideoUnmaskSwap_ep24_B/initial_demo_front.mp4	44173	artifacts
artifacts/robomme/frozen_gate_20260923/rollouts/VideoUnmaskSwap_ep24_B/VideoUnmaskSwap_ep24_vlm_groundsg.mp4	427951	artifacts
artifacts/robomme/frozen_gate_20260923/rollouts/VideoUnmaskSwap_ep24_F/initial_demo_front.mp4	44173	artifacts
artifacts/robomme/frozen_gate_20260923/rollouts/VideoUnmaskSwap_ep24_F/VideoUnmaskSwap_ep24_vlm_groundsg.mp4	427951	artifacts
artifacts/robomme/frozen_gate_20260923/rollouts/VideoUnmaskSwap_ep25_B/initial_demo_front.mp4	30731	artifacts
artifacts/robomme/frozen_gate_20260923/rollouts/VideoUnmaskSwap_ep25_B/VideoUnmaskSwap_ep25_vlm_groundsg.mp4	283079	artifacts
artifacts/robomme/frozen_gate_20260923/rollouts/VideoUnmaskSwap_ep25_F/initial_demo_front.mp4	30731	artifacts
artifacts/robomme/frozen_gate_20260923/rollouts/VideoUnmaskSwap_ep25_F/VideoUnmaskSwap_ep25_vlm_groundsg.mp4	283079	artifacts
artifacts/robomme/frozen_gate_20260923/rollouts/VideoUnmaskSwap_ep27_B/initial_demo_front.mp4	54890	artifacts
artifacts/robomme/frozen_gate_20260923/rollouts/VideoUnmaskSwap_ep27_B/VideoUnmaskSwap_ep27_vlm_groundsg.mp4	1159005	artifacts
artifacts/robomme/frozen_gate_20260923/rollouts/VideoUnmaskSwap_ep27_F/initial_demo_front.mp4	54890	artifacts
artifacts/robomme/frozen_gate_20260923/rollouts/VideoUnmaskSwap_ep27_F/VideoUnmaskSwap_ep27_vlm_groundsg.mp4	1488912	artifacts
artifacts/robomme/frozen_gate_20260923/rollouts/VideoUnmaskSwap_ep28_B/initial_demo_front.mp4	33256	artifacts
artifacts/robomme/frozen_gate_20260923/rollouts/VideoUnmaskSwap_ep28_B/VideoUnmaskSwap_ep28_vlm_groundsg.mp4	365360	artifacts
artifacts/robomme/frozen_gate_20260923/rollouts/VideoUnmaskSwap_ep28_F/initial_demo_front.mp4	33256	artifacts
artifacts/robomme/frozen_gate_20260923/rollouts/VideoUnmaskSwap_ep28_F/VideoUnmaskSwap_ep28_vlm_groundsg.mp4	365360	artifacts
artifacts/robomme/frozen_gate_20260923/rollouts/VideoUnmaskSwap_ep29_B/initial_demo_front.mp4	32196	artifacts
artifacts/robomme/frozen_gate_20260923/rollouts/VideoUnmaskSwap_ep29_B/VideoUnmaskSwap_ep29_vlm_groundsg.mp4	308805	artifacts
artifacts/robomme/frozen_gate_20260923/rollouts/VideoUnmaskSwap_ep29_F/initial_demo_front.mp4	32196	artifacts
artifacts/robomme/frozen_gate_20260923/rollouts/VideoUnmaskSwap_ep29_F/VideoUnmaskSwap_ep29_vlm_groundsg.mp4	308805	artifacts
artifacts/robomme/frozen_gate_20260923/rollouts/warmup_ep15_B/initial_demo_front.mp4	59314	artifacts
artifacts/robomme/frozen_gate_20260923/rollouts/warmup_ep15_B/VideoUnmaskSwap_ep15_vlm_groundsg.mp4	119771	artifacts
artifacts/robomme/frozen_gate_20260923/rollouts/warmup_resume_ep15_B/initial_demo_front.mp4	59314	artifacts
artifacts/robomme/frozen_gate_20260923/rollouts/warmup_resume_ep15_B/VideoUnmaskSwap_ep15_vlm_groundsg.mp4	119930	artifacts
artifacts/robomme/grounded_reuse_development_20260923/VideoUnmaskSwap_ep11_B_warm_repeat/initial_demo_front.mp4	57181	artifacts
artifacts/robomme/grounded_reuse_development_20260923/VideoUnmaskSwap_ep11_B_warm_repeat/VideoUnmaskSwap_ep11_vlm_groundsg.mp4	549655	artifacts
artifacts/robomme/grounded_reuse_development_20260923/VideoUnmaskSwap_ep11_B_warm/initial_demo_front.mp4	57181	artifacts
artifacts/robomme/grounded_reuse_development_20260923/VideoUnmaskSwap_ep11_B_warm/VideoUnmaskSwap_ep11_vlm_groundsg.mp4	549655	artifacts
artifacts/robomme/grounded_reuse_development_20260923/VideoUnmaskSwap_ep11_C_warm/initial_demo_front.mp4	57181	artifacts
artifacts/robomme/grounded_reuse_development_20260923/VideoUnmaskSwap_ep11_C_warm/VideoUnmaskSwap_ep11_vlm_groundsg.mp4	590891	artifacts
artifacts/robomme/grounded_reuse_development_20260923/VideoUnmaskSwap_ep11_C/initial_demo_front.mp4	57181	artifacts
artifacts/robomme/grounded_reuse_development_20260923/VideoUnmaskSwap_ep11_C/VideoUnmaskSwap_ep11_vlm_groundsg.mp4	590891	artifacts
artifacts/robomme/grounding_authority_20260922/ep2_observe_tools_every/initial_demo_front.mp4	5968	artifacts
artifacts/robomme/grounding_authority_20260922/ep2_observe_tools_every/PickXtimes_ep2_vlm_groundsg.mp4	630365	artifacts
artifacts/robomme/grounding_authority_20260922/ep3_observe_tools_every/initial_demo_front.mp4	5862	artifacts
artifacts/robomme/grounding_authority_20260922/ep3_observe_tools_every/PickXtimes_ep3_vlm_groundsg.mp4	1303632	artifacts
artifacts/robomme/harness_transfer_gate_20260924/preflight/RouteStick_ep22/initial_demo_front.mp4	111550	artifacts
artifacts/robomme/harness_transfer_gate_20260924/preflight/RouteStick_ep23/initial_demo_front.mp4	89555	artifacts
artifacts/robomme/harness_transfer_gate_20260924/preflight/RouteStick_ep24/initial_demo_front.mp4	61231	artifacts
artifacts/robomme/harness_transfer_gate_20260924/preflight/RouteStick_ep25/initial_demo_front.mp4	53613	artifacts
artifacts/robomme/harness_transfer_gate_20260924/preflight/RouteStick_ep26/initial_demo_front.mp4	112085	artifacts
artifacts/robomme/harness_transfer_gate_20260924/preflight/RouteStick_ep27/initial_demo_front.mp4	103934	artifacts
artifacts/robomme/harness_transfer_gate_20260924/preflight/RouteStick_ep28/initial_demo_front.mp4	73537	artifacts
artifacts/robomme/harness_transfer_gate_20260924/preflight/RouteStick_ep29/initial_demo_front.mp4	48454	artifacts
artifacts/robomme/harness_transfer_gate_20260924/preflight/RouteStick_ep30/initial_demo_front.mp4	113283	artifacts
artifacts/robomme/harness_transfer_gate_20260924/preflight/RouteStick_ep31/initial_demo_front.mp4	96131	artifacts
artifacts/robomme/harness_transfer_gate_20260924/preflight/RouteStick_ep32/initial_demo_front.mp4	57729	artifacts
artifacts/robomme/harness_transfer_gate_20260924/preflight/RouteStick_ep33/initial_demo_front.mp4	57280	artifacts
artifacts/robomme/harness_transfer_gate_20260924/preflight/RouteStick_ep34/initial_demo_front.mp4	97453	artifacts
artifacts/robomme/harness_transfer_gate_20260924/preflight/RouteStick_ep35/initial_demo_front.mp4	144486	artifacts
artifacts/robomme/harness_transfer_gate_20260924/preflight/RouteStick_ep36/initial_demo_front.mp4	54386	artifacts
artifacts/robomme/harness_transfer_gate_20260924/preflight/RouteStick_ep37/initial_demo_front.mp4	64777	artifacts
artifacts/robomme/harness_transfer_gate_20260924/rollouts/PickHighlight_ep22_H/PickHighlight_ep22_vlm_groundsg.mp4	428032	artifacts
artifacts/robomme/harness_transfer_gate_20260924/rollouts/PickHighlight_ep22_R/PickHighlight_ep22_vlm_groundsg.mp4	365349	artifacts
artifacts/robomme/harness_transfer_gate_20260924/rollouts/PickHighlight_ep23_H/PickHighlight_ep23_vlm_groundsg.mp4	1929829	artifacts
artifacts/robomme/harness_transfer_gate_20260924/rollouts/PickHighlight_ep23_R/PickHighlight_ep23_vlm_groundsg.mp4	620726	artifacts
artifacts/robomme/harness_transfer_gate_20260924/rollouts/PickHighlight_ep24_H/PickHighlight_ep24_vlm_groundsg.mp4	421598	artifacts
artifacts/robomme/harness_transfer_gate_20260924/rollouts/PickHighlight_ep24_R/PickHighlight_ep24_vlm_groundsg.mp4	419246	artifacts
artifacts/robomme/harness_transfer_gate_20260924/rollouts/PickHighlight_ep25_H/PickHighlight_ep25_vlm_groundsg.mp4	392206	artifacts
artifacts/robomme/harness_transfer_gate_20260924/rollouts/PickHighlight_ep25_R/PickHighlight_ep25_vlm_groundsg.mp4	392206	artifacts
artifacts/robomme/harness_transfer_gate_20260924/rollouts/PickHighlight_ep26_H/PickHighlight_ep26_vlm_groundsg.mp4	2064268	artifacts
artifacts/robomme/harness_transfer_gate_20260924/rollouts/PickHighlight_ep26_R/PickHighlight_ep26_vlm_groundsg.mp4	420153	artifacts
artifacts/robomme/harness_transfer_gate_20260924/rollouts/PickHighlight_ep27_H/PickHighlight_ep27_vlm_groundsg.mp4	470470	artifacts
artifacts/robomme/harness_transfer_gate_20260924/rollouts/PickHighlight_ep27_R/PickHighlight_ep27_vlm_groundsg.mp4	409975	artifacts
artifacts/robomme/harness_transfer_gate_20260924/rollouts/PickHighlight_ep28_H/PickHighlight_ep28_vlm_groundsg.mp4	551220	artifacts
artifacts/robomme/harness_transfer_gate_20260924/rollouts/PickHighlight_ep28_R/PickHighlight_ep28_vlm_groundsg.mp4	518222	artifacts
artifacts/robomme/harness_transfer_gate_20260924/rollouts/PickHighlight_ep29_H/PickHighlight_ep29_vlm_groundsg.mp4	336180	artifacts
artifacts/robomme/harness_transfer_gate_20260924/rollouts/PickHighlight_ep29_R/PickHighlight_ep29_vlm_groundsg.mp4	337019	artifacts
artifacts/robomme/harness_transfer_gate_20260924/rollouts/PickHighlight_ep30_H/PickHighlight_ep30_vlm_groundsg.mp4	751106	artifacts
artifacts/robomme/harness_transfer_gate_20260924/rollouts/PickHighlight_ep30_R/PickHighlight_ep30_vlm_groundsg.mp4	704841	artifacts
artifacts/robomme/harness_transfer_gate_20260924/rollouts/PickHighlight_ep31_H/PickHighlight_ep31_vlm_groundsg.mp4	825259	artifacts
artifacts/robomme/harness_transfer_gate_20260924/rollouts/PickHighlight_ep31_R/PickHighlight_ep31_vlm_groundsg.mp4	571684	artifacts
artifacts/robomme/harness_transfer_gate_20260924/rollouts/PickHighlight_ep32_H/PickHighlight_ep32_vlm_groundsg.mp4	360733	artifacts
artifacts/robomme/harness_transfer_gate_20260924/rollouts/PickHighlight_ep32_R/PickHighlight_ep32_vlm_groundsg.mp4	366975	artifacts
artifacts/robomme/harness_transfer_gate_20260924/rollouts/PickHighlight_ep33_H/PickHighlight_ep33_vlm_groundsg.mp4	439823	artifacts
artifacts/robomme/harness_transfer_gate_20260924/rollouts/PickHighlight_ep33_R/PickHighlight_ep33_vlm_groundsg.mp4	436707	artifacts
artifacts/robomme/harness_transfer_gate_20260924/rollouts/PickHighlight_ep34_H/PickHighlight_ep34_vlm_groundsg.mp4	449475	artifacts
artifacts/robomme/harness_transfer_gate_20260924/rollouts/PickHighlight_ep34_R/PickHighlight_ep34_vlm_groundsg.mp4	562195	artifacts
artifacts/robomme/harness_transfer_gate_20260924/rollouts/PickHighlight_ep35_H/PickHighlight_ep35_vlm_groundsg.mp4	508035	artifacts
artifacts/robomme/harness_transfer_gate_20260924/rollouts/PickHighlight_ep35_R/PickHighlight_ep35_vlm_groundsg.mp4	589375	artifacts
artifacts/robomme/harness_transfer_gate_20260924/rollouts/PickHighlight_ep36_H/PickHighlight_ep36_vlm_groundsg.mp4	457525	artifacts
artifacts/robomme/harness_transfer_gate_20260924/rollouts/PickHighlight_ep36_R/PickHighlight_ep36_vlm_groundsg.mp4	445461	artifacts
artifacts/robomme/harness_transfer_gate_20260924/rollouts/PickHighlight_ep37_H/PickHighlight_ep37_vlm_groundsg.mp4	459641	artifacts
artifacts/robomme/harness_transfer_gate_20260924/rollouts/PickHighlight_ep37_R/PickHighlight_ep37_vlm_groundsg.mp4	1742818	artifacts
artifacts/robomme/harness_transfer_gate_20260924/rollouts/RouteStick_ep15_R/initial_demo_front.mp4	81988	artifacts
artifacts/robomme/harness_transfer_gate_20260924/rollouts/RouteStick_ep15_R/RouteStick_ep15_vlm_groundsg.mp4	394992	artifacts
artifacts/robomme/harness_transfer_gate_20260924/rollouts/RouteStick_ep22_H/initial_demo_front.mp4	111550	artifacts
artifacts/robomme/harness_transfer_gate_20260924/rollouts/RouteStick_ep22_H/RouteStick_ep22_vlm_groundsg.mp4	763195	artifacts
artifacts/robomme/harness_transfer_gate_20260924/rollouts/RouteStick_ep22_R/initial_demo_front.mp4	111550	artifacts
artifacts/robomme/harness_transfer_gate_20260924/rollouts/RouteStick_ep22_R/RouteStick_ep22_vlm_groundsg.mp4	582018	artifacts
artifacts/robomme/harness_transfer_gate_20260924/rollouts/RouteStick_ep23_H/initial_demo_front.mp4	89555	artifacts
artifacts/robomme/harness_transfer_gate_20260924/rollouts/RouteStick_ep23_H/RouteStick_ep23_vlm_groundsg.mp4	450100	artifacts
artifacts/robomme/harness_transfer_gate_20260924/rollouts/RouteStick_ep23_R/initial_demo_front.mp4	89555	artifacts
artifacts/robomme/harness_transfer_gate_20260924/rollouts/RouteStick_ep23_R/RouteStick_ep23_vlm_groundsg.mp4	445260	artifacts
artifacts/robomme/harness_transfer_gate_20260924/rollouts/RouteStick_ep24_H/initial_demo_front.mp4	61231	artifacts
artifacts/robomme/harness_transfer_gate_20260924/rollouts/RouteStick_ep24_H/RouteStick_ep24_vlm_groundsg.mp4	281297	artifacts
artifacts/robomme/harness_transfer_gate_20260924/rollouts/RouteStick_ep24_R/initial_demo_front.mp4	61231	artifacts
artifacts/robomme/harness_transfer_gate_20260924/rollouts/RouteStick_ep24_R/RouteStick_ep24_vlm_groundsg.mp4	291191	artifacts
artifacts/robomme/harness_transfer_gate_20260924/rollouts/RouteStick_ep25_H/initial_demo_front.mp4	53613	artifacts
artifacts/robomme/harness_transfer_gate_20260924/rollouts/RouteStick_ep25_H/RouteStick_ep25_vlm_groundsg.mp4	280638	artifacts
artifacts/robomme/harness_transfer_gate_20260924/rollouts/RouteStick_ep25_R/initial_demo_front.mp4	53613	artifacts
artifacts/robomme/harness_transfer_gate_20260924/rollouts/RouteStick_ep25_R/RouteStick_ep25_vlm_groundsg.mp4	280638	artifacts
artifacts/robomme/harness_transfer_gate_20260924/rollouts/RouteStick_ep26_H/initial_demo_front.mp4	112085	artifacts
artifacts/robomme/harness_transfer_gate_20260924/rollouts/RouteStick_ep26_H/RouteStick_ep26_vlm_groundsg.mp4	556923	artifacts
artifacts/robomme/harness_transfer_gate_20260924/rollouts/RouteStick_ep26_R/initial_demo_front.mp4	112085	artifacts
artifacts/robomme/harness_transfer_gate_20260924/rollouts/RouteStick_ep26_R/RouteStick_ep26_vlm_groundsg.mp4	585339	artifacts
artifacts/robomme/harness_transfer_gate_20260924/rollouts/RouteStick_ep27_H/initial_demo_front.mp4	103934	artifacts
artifacts/robomme/harness_transfer_gate_20260924/rollouts/RouteStick_ep27_H/RouteStick_ep27_vlm_groundsg.mp4	558216	artifacts
artifacts/robomme/harness_transfer_gate_20260924/rollouts/RouteStick_ep27_R/initial_demo_front.mp4	103934	artifacts
artifacts/robomme/harness_transfer_gate_20260924/rollouts/RouteStick_ep27_R/RouteStick_ep27_vlm_groundsg.mp4	558216	artifacts
artifacts/robomme/harness_transfer_gate_20260924/rollouts/RouteStick_ep28_H/initial_demo_front.mp4	73537	artifacts
artifacts/robomme/harness_transfer_gate_20260924/rollouts/RouteStick_ep28_H/RouteStick_ep28_vlm_groundsg.mp4	357488	artifacts
artifacts/robomme/harness_transfer_gate_20260924/rollouts/RouteStick_ep28_R/initial_demo_front.mp4	73537	artifacts
artifacts/robomme/harness_transfer_gate_20260924/rollouts/RouteStick_ep28_R/RouteStick_ep28_vlm_groundsg.mp4	366654	artifacts
artifacts/robomme/harness_transfer_gate_20260924/rollouts/RouteStick_ep29_H/initial_demo_front.mp4	48454	artifacts
artifacts/robomme/harness_transfer_gate_20260924/rollouts/RouteStick_ep29_H/RouteStick_ep29_vlm_groundsg.mp4	282762	artifacts
artifacts/robomme/harness_transfer_gate_20260924/rollouts/RouteStick_ep29_R/initial_demo_front.mp4	48454	artifacts
artifacts/robomme/harness_transfer_gate_20260924/rollouts/RouteStick_ep29_R/RouteStick_ep29_vlm_groundsg.mp4	361755	artifacts
artifacts/robomme/harness_transfer_gate_20260924/rollouts/RouteStick_ep30_H/initial_demo_front.mp4	113283	artifacts
artifacts/robomme/harness_transfer_gate_20260924/rollouts/RouteStick_ep30_H/RouteStick_ep30_vlm_groundsg.mp4	661834	artifacts
artifacts/robomme/harness_transfer_gate_20260924/rollouts/RouteStick_ep30_R/initial_demo_front.mp4	113283	artifacts
artifacts/robomme/harness_transfer_gate_20260924/rollouts/RouteStick_ep30_R/RouteStick_ep30_vlm_groundsg.mp4	569045	artifacts
artifacts/robomme/harness_transfer_gate_20260924/rollouts/RouteStick_ep31_H/initial_demo_front.mp4	96131	artifacts
artifacts/robomme/harness_transfer_gate_20260924/rollouts/RouteStick_ep31_H/RouteStick_ep31_vlm_groundsg.mp4	772794	artifacts
artifacts/robomme/harness_transfer_gate_20260924/rollouts/RouteStick_ep31_R/initial_demo_front.mp4	96131	artifacts
artifacts/robomme/harness_transfer_gate_20260924/rollouts/RouteStick_ep31_R/RouteStick_ep31_vlm_groundsg.mp4	464985	artifacts
artifacts/robomme/harness_transfer_gate_20260924/rollouts/RouteStick_ep32_H/initial_demo_front.mp4	57729	artifacts
artifacts/robomme/harness_transfer_gate_20260924/rollouts/RouteStick_ep32_H/RouteStick_ep32_vlm_groundsg.mp4	275200	artifacts
artifacts/robomme/harness_transfer_gate_20260924/rollouts/RouteStick_ep32_R/initial_demo_front.mp4	57729	artifacts
artifacts/robomme/harness_transfer_gate_20260924/rollouts/RouteStick_ep32_R/RouteStick_ep32_vlm_groundsg.mp4	384407	artifacts
artifacts/robomme/harness_transfer_gate_20260924/rollouts/RouteStick_ep33_H/initial_demo_front.mp4	57280	artifacts
artifacts/robomme/harness_transfer_gate_20260924/rollouts/RouteStick_ep33_H/RouteStick_ep33_vlm_groundsg.mp4	571159	artifacts
artifacts/robomme/harness_transfer_gate_20260924/rollouts/RouteStick_ep33_R/initial_demo_front.mp4	57280	artifacts
artifacts/robomme/harness_transfer_gate_20260924/rollouts/RouteStick_ep33_R/RouteStick_ep33_vlm_groundsg.mp4	571159	artifacts
artifacts/robomme/harness_transfer_gate_20260924/rollouts/RouteStick_ep34_H/initial_demo_front.mp4	97453	artifacts
artifacts/robomme/harness_transfer_gate_20260924/rollouts/RouteStick_ep34_H/RouteStick_ep34_vlm_groundsg.mp4	558800	artifacts
artifacts/robomme/harness_transfer_gate_20260924/rollouts/RouteStick_ep34_R/initial_demo_front.mp4	97453	artifacts
artifacts/robomme/harness_transfer_gate_20260924/rollouts/RouteStick_ep34_R/RouteStick_ep34_vlm_groundsg.mp4	558445	artifacts
artifacts/robomme/harness_transfer_gate_20260924/rollouts/RouteStick_ep35_H/initial_demo_front.mp4	144486	artifacts
artifacts/robomme/harness_transfer_gate_20260924/rollouts/RouteStick_ep35_H/RouteStick_ep35_vlm_groundsg.mp4	876815	artifacts
artifacts/robomme/harness_transfer_gate_20260924/rollouts/RouteStick_ep35_R/initial_demo_front.mp4	144486	artifacts
artifacts/robomme/harness_transfer_gate_20260924/rollouts/RouteStick_ep35_R/RouteStick_ep35_vlm_groundsg.mp4	813788	artifacts
artifacts/robomme/harness_transfer_gate_20260924/rollouts/RouteStick_ep36_H/initial_demo_front.mp4	54386	artifacts
artifacts/robomme/harness_transfer_gate_20260924/rollouts/RouteStick_ep36_H/RouteStick_ep36_vlm_groundsg.mp4	290270	artifacts
artifacts/robomme/harness_transfer_gate_20260924/rollouts/RouteStick_ep36_R/initial_demo_front.mp4	54386	artifacts
artifacts/robomme/harness_transfer_gate_20260924/rollouts/RouteStick_ep36_R/RouteStick_ep36_vlm_groundsg.mp4	381763	artifacts
artifacts/robomme/harness_transfer_gate_20260924/rollouts/RouteStick_ep37_H/initial_demo_front.mp4	64777	artifacts
artifacts/robomme/harness_transfer_gate_20260924/rollouts/RouteStick_ep37_H/RouteStick_ep37_vlm_groundsg.mp4	472956	artifacts
artifacts/robomme/harness_transfer_gate_20260924/rollouts/RouteStick_ep37_R/initial_demo_front.mp4	64777	artifacts
artifacts/robomme/harness_transfer_gate_20260924/rollouts/RouteStick_ep37_R/RouteStick_ep37_vlm_groundsg.mp4	575141	artifacts
artifacts/robomme/identity_conflict_dev_20260923/rollouts/VideoUnmaskSwap_ep16_B/initial_demo_front.mp4	31444	artifacts
artifacts/robomme/identity_conflict_dev_20260923/rollouts/VideoUnmaskSwap_ep16_B/VideoUnmaskSwap_ep16_vlm_groundsg.mp4	257669	artifacts
artifacts/robomme/identity_conflict_dev_20260923/rollouts/VideoUnmaskSwap_ep16_D/initial_demo_front.mp4	31444	artifacts
artifacts/robomme/identity_conflict_dev_20260923/rollouts/VideoUnmaskSwap_ep16_D/VideoUnmaskSwap_ep16_vlm_groundsg.mp4	257669	artifacts
artifacts/robomme/identity_conflict_dev_20260923/rollouts/VideoUnmaskSwap_ep20_B/initial_demo_front.mp4	30178	artifacts
artifacts/robomme/identity_conflict_dev_20260923/rollouts/VideoUnmaskSwap_ep20_B/VideoUnmaskSwap_ep20_vlm_groundsg.mp4	318005	artifacts
artifacts/robomme/identity_conflict_dev_20260923/rollouts/VideoUnmaskSwap_ep20_D/initial_demo_front.mp4	30178	artifacts
artifacts/robomme/identity_conflict_dev_20260923/rollouts/VideoUnmaskSwap_ep20_D/VideoUnmaskSwap_ep20_vlm_groundsg.mp4	363620	artifacts
artifacts/robomme/identity_conflict_dev_20260923/rollouts/VideoUnmaskSwap_ep21_B/initial_demo_front.mp4	31882	artifacts
artifacts/robomme/identity_conflict_dev_20260923/rollouts/VideoUnmaskSwap_ep21_B/VideoUnmaskSwap_ep21_vlm_groundsg.mp4	400086	artifacts
artifacts/robomme/identity_conflict_dev_20260923/rollouts/VideoUnmaskSwap_ep21_D/initial_demo_front.mp4	31882	artifacts
artifacts/robomme/identity_conflict_dev_20260923/rollouts/VideoUnmaskSwap_ep21_D/VideoUnmaskSwap_ep21_vlm_groundsg.mp4	400086	artifacts
artifacts/robomme/identity_conflict_dev_20260923/rollouts/warmup_ep15_B/initial_demo_front.mp4	59314	artifacts
artifacts/robomme/identity_conflict_dev_20260923/rollouts/warmup_ep15_B/VideoUnmaskSwap_ep15_vlm_groundsg.mp4	120280	artifacts
artifacts/robomme/identity_memory_20260922/ep0_observe_memory_off/initial_demo_front.mp4	32284	artifacts
artifacts/robomme/identity_memory_20260922/ep0_observe_memory_off/VideoUnmaskSwap_ep0_vlm_groundsg.mp4	335357	artifacts
artifacts/robomme/identity_memory_20260922/ep0_observe_memory_on/initial_demo_front.mp4	32284	artifacts
artifacts/robomme/identity_memory_20260922/ep0_observe_memory_on/VideoUnmaskSwap_ep0_vlm_groundsg.mp4	336693	artifacts
artifacts/robomme/identity_memory_20260922/ep1_observe_memory_on/initial_demo_front.mp4	41285	artifacts
artifacts/robomme/identity_memory_20260922/ep1_observe_memory_on/VideoUnmaskSwap_ep1_vlm_groundsg.mp4	71706	artifacts
artifacts/robomme/identity_memory_contract_20260922/ep0_observe_memory_off/initial_demo_front.mp4	32284	artifacts
artifacts/robomme/identity_memory_contract_20260922/ep0_observe_memory_off/VideoUnmaskSwap_ep0_vlm_groundsg.mp4	335357	artifacts
artifacts/robomme/identity_memory_contract_20260922/ep0_observe_memory_on/initial_demo_front.mp4	32284	artifacts
artifacts/robomme/identity_memory_contract_20260922/ep0_observe_memory_on/VideoUnmaskSwap_ep0_vlm_groundsg.mp4	629603	artifacts
artifacts/robomme/identity_memory_contract_20260922/ep1_observe_memory_off/initial_demo_front.mp4	41285	artifacts
artifacts/robomme/identity_memory_contract_20260922/ep1_observe_memory_off/VideoUnmaskSwap_ep1_vlm_groundsg.mp4	349217	artifacts
artifacts/robomme/identity_memory_contract_20260922/ep1_observe_memory_on/initial_demo_front.mp4	41285	artifacts
artifacts/robomme/identity_memory_contract_20260922/ep1_observe_memory_on/VideoUnmaskSwap_ep1_vlm_groundsg.mp4	343591	artifacts
artifacts/robomme/identity_memory_contract_20260922/ep2_observe_memory_off/initial_demo_front.mp4	30925	artifacts
artifacts/robomme/identity_memory_contract_20260922/ep2_observe_memory_off/VideoUnmaskSwap_ep2_vlm_groundsg.mp4	260771	artifacts
artifacts/robomme/identity_memory_contract_20260922/ep2_observe_memory_on/initial_demo_front.mp4	30925	artifacts
artifacts/robomme/identity_memory_contract_20260922/ep2_observe_memory_on/VideoUnmaskSwap_ep2_vlm_groundsg.mp4	328795	artifacts
artifacts/robomme/identity_memory_contract_20260922/ep3_observe_memory_off/initial_demo_front.mp4	56103	artifacts
artifacts/robomme/identity_memory_contract_20260922/ep3_observe_memory_off/VideoUnmaskSwap_ep3_vlm_groundsg.mp4	381434	artifacts
artifacts/robomme/identity_memory_contract_20260922/ep3_observe_memory_on/initial_demo_front.mp4	56103	artifacts
artifacts/robomme/identity_memory_contract_20260922/ep3_observe_memory_on/VideoUnmaskSwap_ep3_vlm_groundsg.mp4	545026	artifacts
artifacts/robomme/identity_memory_contract_20260922/ep4_observe_memory_off/initial_demo_front.mp4	33228	artifacts
artifacts/robomme/identity_memory_contract_20260922/ep4_observe_memory_off/VideoUnmaskSwap_ep4_vlm_groundsg.mp4	285941	artifacts
artifacts/robomme/identity_memory_contract_20260922/ep4_observe_memory_on/initial_demo_front.mp4	33228	artifacts
artifacts/robomme/identity_memory_contract_20260922/ep4_observe_memory_on/VideoUnmaskSwap_ep4_vlm_groundsg.mp4	276168	artifacts
artifacts/robomme/identity_memory_extension_20260922/ep10_observe_memory_off/initial_demo_front.mp4	33974	artifacts
artifacts/robomme/identity_memory_extension_20260922/ep10_observe_memory_off/VideoUnmaskSwap_ep10_vlm_groundsg.mp4	313181	artifacts
artifacts/robomme/identity_memory_extension_20260922/ep10_observe_memory_on/initial_demo_front.mp4	33974	artifacts
artifacts/robomme/identity_memory_extension_20260922/ep10_observe_memory_on/VideoUnmaskSwap_ep10_vlm_groundsg.mp4	311175	artifacts
artifacts/robomme/identity_memory_extension_20260922/ep11_observe_memory_off/initial_demo_front.mp4	57261	artifacts
artifacts/robomme/identity_memory_extension_20260922/ep11_observe_memory_off/VideoUnmaskSwap_ep11_vlm_groundsg.mp4	407757	artifacts
artifacts/robomme/identity_memory_extension_20260922/ep11_observe_memory_on/initial_demo_front.mp4	57261	artifacts
artifacts/robomme/identity_memory_extension_20260922/ep11_observe_memory_on/VideoUnmaskSwap_ep11_vlm_groundsg.mp4	905508	artifacts
artifacts/robomme/identity_memory_extension_20260922/ep12_observe_memory_off/initial_demo_front.mp4	30806	artifacts
artifacts/robomme/identity_memory_extension_20260922/ep12_observe_memory_off/VideoUnmaskSwap_ep12_vlm_groundsg.mp4	331498	artifacts
artifacts/robomme/identity_memory_extension_20260922/ep12_observe_memory_on/initial_demo_front.mp4	30806	artifacts
artifacts/robomme/identity_memory_extension_20260922/ep12_observe_memory_on/VideoUnmaskSwap_ep12_vlm_groundsg.mp4	235353	artifacts
artifacts/robomme/identity_memory_extension_20260922/ep13_observe_memory_off/initial_demo_front.mp4	33502	artifacts
artifacts/robomme/identity_memory_extension_20260922/ep13_observe_memory_off/VideoUnmaskSwap_ep13_vlm_groundsg.mp4	440488	artifacts
artifacts/robomme/identity_memory_extension_20260922/ep13_observe_memory_on/initial_demo_front.mp4	33502	artifacts
artifacts/robomme/identity_memory_extension_20260922/ep13_observe_memory_on/VideoUnmaskSwap_ep13_vlm_groundsg.mp4	286962	artifacts
artifacts/robomme/identity_memory_extension_20260922/ep14_observe_memory_off/initial_demo_front.mp4	33467	artifacts
artifacts/robomme/identity_memory_extension_20260922/ep14_observe_memory_off/VideoUnmaskSwap_ep14_vlm_groundsg.mp4	364509	artifacts
artifacts/robomme/identity_memory_extension_20260922/ep14_observe_memory_on/initial_demo_front.mp4	33467	artifacts
artifacts/robomme/identity_memory_extension_20260922/ep14_observe_memory_on/VideoUnmaskSwap_ep14_vlm_groundsg.mp4	294592	artifacts
artifacts/robomme/identity_memory_extension_cache_20260922/VideoUnmaskSwap_ep10_sam2_container_memory.mp4	27586	artifacts
artifacts/robomme/identity_memory_extension_cache_20260922/VideoUnmaskSwap_ep11_sam2_container_memory.mp4	45637	artifacts
artifacts/robomme/identity_memory_extension_cache_20260922/VideoUnmaskSwap_ep12_sam2_container_memory.mp4	25415	artifacts
artifacts/robomme/identity_memory_extension_cache_20260922/VideoUnmaskSwap_ep13_sam2_container_memory.mp4	27715	artifacts
artifacts/robomme/identity_memory_extension_cache_20260922/VideoUnmaskSwap_ep14_sam2_container_memory.mp4	27177	artifacts
artifacts/robomme/identity_memory_extension_preflight_20260922/VideoUnmaskSwap_ep10/initial_demo_front.mp4	33974	artifacts
artifacts/robomme/identity_memory_extension_preflight_20260922/VideoUnmaskSwap_ep11/initial_demo_front.mp4	57261	artifacts
artifacts/robomme/identity_memory_extension_preflight_20260922/VideoUnmaskSwap_ep12/initial_demo_front.mp4	30806	artifacts
artifacts/robomme/identity_memory_extension_preflight_20260922/VideoUnmaskSwap_ep13/initial_demo_front.mp4	33502	artifacts
artifacts/robomme/identity_memory_extension_preflight_20260922/VideoUnmaskSwap_ep14/initial_demo_front.mp4	33467	artifacts
artifacts/robomme/identity_memory_preflight_20260922/VideoUnmaskSwap_ep0/initial_demo_front.mp4	32284	artifacts
artifacts/robomme/identity_memory_preflight_20260922/VideoUnmaskSwap_ep1/initial_demo_front.mp4	41285	artifacts
artifacts/robomme/identity_memory_preflight_20260922/VideoUnmaskSwap_ep2/initial_demo_front.mp4	30925	artifacts
artifacts/robomme/identity_memory_preflight_20260922/VideoUnmaskSwap_ep3/initial_demo_front.mp4	56103	artifacts
artifacts/robomme/identity_memory_preflight_20260922/VideoUnmaskSwap_ep4/initial_demo_front.mp4	33228	artifacts
artifacts/robomme/memory_ab_confirm_20260923/memory/VideoUnmaskSwap_ep38_sam2_container_memory.mp4	36419	artifacts
artifacts/robomme/memory_ab_confirm_20260923/memory/VideoUnmaskSwap_ep39_sam2_container_memory.mp4	43775	artifacts
artifacts/robomme/memory_ab_confirm_20260923/memory/VideoUnmaskSwap_ep40_sam2_container_memory.mp4	25700	artifacts
artifacts/robomme/memory_ab_confirm_20260923/memory/VideoUnmaskSwap_ep41_sam2_container_memory.mp4	33536	artifacts
artifacts/robomme/memory_ab_confirm_20260923/memory/VideoUnmaskSwap_ep42_sam2_container_memory.mp4	26407	artifacts
artifacts/robomme/memory_ab_confirm_20260923/memory/VideoUnmaskSwap_ep43_sam2_container_memory.mp4	36212	artifacts
artifacts/robomme/memory_ab_confirm_20260923/memory/VideoUnmaskSwap_ep44_sam2_container_memory.mp4	35748	artifacts
artifacts/robomme/memory_ab_confirm_20260923/memory/VideoUnmaskSwap_ep45_sam2_container_memory.mp4	35881	artifacts
artifacts/robomme/memory_ab_confirm_20260923/memory/VideoUnmaskSwap_ep46_sam2_container_memory.mp4	36961	artifacts
artifacts/robomme/memory_ab_confirm_20260923/memory/VideoUnmaskSwap_ep47_sam2_container_memory.mp4	44032	artifacts
artifacts/robomme/memory_ab_confirm_20260923/memory/VideoUnmaskSwap_ep48_sam2_container_memory.mp4	27956	artifacts
artifacts/robomme/memory_ab_confirm_20260923/memory/VideoUnmaskSwap_ep49_sam2_container_memory.mp4	27118	artifacts
artifacts/robomme/memory_ab_confirm_20260923/preflight/VideoUnmaskSwap_ep38/initial_demo_front.mp4	43981	artifacts
artifacts/robomme/memory_ab_confirm_20260923/preflight/VideoUnmaskSwap_ep39/initial_demo_front.mp4	55057	artifacts
artifacts/robomme/memory_ab_confirm_20260923/preflight/VideoUnmaskSwap_ep40/initial_demo_front.mp4	31322	artifacts
artifacts/robomme/memory_ab_confirm_20260923/preflight/VideoUnmaskSwap_ep41/initial_demo_front.mp4	41765	artifacts
artifacts/robomme/memory_ab_confirm_20260923/preflight/VideoUnmaskSwap_ep42/initial_demo_front.mp4	32266	artifacts
artifacts/robomme/memory_ab_confirm_20260923/preflight/VideoUnmaskSwap_ep43/initial_demo_front.mp4	44910	artifacts
artifacts/robomme/memory_ab_confirm_20260923/preflight/VideoUnmaskSwap_ep44/initial_demo_front.mp4	44088	artifacts
artifacts/robomme/memory_ab_confirm_20260923/preflight/VideoUnmaskSwap_ep45/initial_demo_front.mp4	43931	artifacts
artifacts/robomme/memory_ab_confirm_20260923/preflight/VideoUnmaskSwap_ep46/initial_demo_front.mp4	44012	artifacts
artifacts/robomme/memory_ab_confirm_20260923/preflight/VideoUnmaskSwap_ep47/initial_demo_front.mp4	54057	artifacts
artifacts/robomme/memory_ab_confirm_20260923/preflight/VideoUnmaskSwap_ep48/initial_demo_front.mp4	33990	artifacts
artifacts/robomme/memory_ab_confirm_20260923/preflight/VideoUnmaskSwap_ep49/initial_demo_front.mp4	33041	artifacts
artifacts/robomme/memory_ab_confirm_20260923/preflight/VideoUnmaskSwap_ep50/initial_demo_front.mp4	32582	artifacts
artifacts/robomme/memory_ab_confirm_20260923/preflight/VideoUnmaskSwap_ep51/initial_demo_front.mp4	32582	artifacts
artifacts/robomme/memory_ab_confirm_20260923/preflight/VideoUnmaskSwap_ep52/initial_demo_front.mp4	32582	artifacts
artifacts/robomme/memory_ab_confirm_20260923/preflight/VideoUnmaskSwap_ep53/initial_demo_front.mp4	32582	artifacts
artifacts/robomme/memory_ab_confirm_20260923/rollouts/VideoUnmaskSwap_ep38_A/initial_demo_front.mp4	43981	artifacts
artifacts/robomme/memory_ab_confirm_20260923/rollouts/VideoUnmaskSwap_ep38_A/VideoUnmaskSwap_ep38_vlm_groundsg.mp4	308885	artifacts
artifacts/robomme/memory_ab_confirm_20260923/rollouts/VideoUnmaskSwap_ep38_B/initial_demo_front.mp4	43981	artifacts
artifacts/robomme/memory_ab_confirm_20260923/rollouts/VideoUnmaskSwap_ep38_B/VideoUnmaskSwap_ep38_vlm_groundsg.mp4	341552	artifacts
artifacts/robomme/memory_ab_confirm_20260923/rollouts/VideoUnmaskSwap_ep39_A/initial_demo_front.mp4	55057	artifacts
artifacts/robomme/memory_ab_confirm_20260923/rollouts/VideoUnmaskSwap_ep39_A/VideoUnmaskSwap_ep39_vlm_groundsg.mp4	947145	artifacts
artifacts/robomme/memory_ab_confirm_20260923/rollouts/VideoUnmaskSwap_ep39_B/initial_demo_front.mp4	55057	artifacts
artifacts/robomme/memory_ab_confirm_20260923/rollouts/VideoUnmaskSwap_ep39_B/VideoUnmaskSwap_ep39_vlm_groundsg.mp4	667829	artifacts
artifacts/robomme/memory_ab_confirm_20260923/rollouts/VideoUnmaskSwap_ep40_A/initial_demo_front.mp4	31322	artifacts
artifacts/robomme/memory_ab_confirm_20260923/rollouts/VideoUnmaskSwap_ep40_A/VideoUnmaskSwap_ep40_vlm_groundsg.mp4	297297	artifacts
artifacts/robomme/memory_ab_confirm_20260923/rollouts/VideoUnmaskSwap_ep40_B/initial_demo_front.mp4	31322	artifacts
artifacts/robomme/memory_ab_confirm_20260923/rollouts/VideoUnmaskSwap_ep40_B/VideoUnmaskSwap_ep40_vlm_groundsg.mp4	271965	artifacts
artifacts/robomme/memory_ab_confirm_20260923/rollouts/VideoUnmaskSwap_ep41_A/initial_demo_front.mp4	41765	artifacts
artifacts/robomme/memory_ab_confirm_20260923/rollouts/VideoUnmaskSwap_ep41_A/VideoUnmaskSwap_ep41_vlm_groundsg.mp4	750968	artifacts
artifacts/robomme/memory_ab_confirm_20260923/rollouts/VideoUnmaskSwap_ep41_B/initial_demo_front.mp4	41765	artifacts
artifacts/robomme/memory_ab_confirm_20260923/rollouts/VideoUnmaskSwap_ep41_B/VideoUnmaskSwap_ep41_vlm_groundsg.mp4	756685	artifacts
artifacts/robomme/memory_ab_confirm_20260923/rollouts/VideoUnmaskSwap_ep42_A/initial_demo_front.mp4	32266	artifacts
artifacts/robomme/memory_ab_confirm_20260923/rollouts/VideoUnmaskSwap_ep42_A/VideoUnmaskSwap_ep42_vlm_groundsg.mp4	291476	artifacts
artifacts/robomme/memory_ab_confirm_20260923/rollouts/VideoUnmaskSwap_ep42_B/initial_demo_front.mp4	32266	artifacts
artifacts/robomme/memory_ab_confirm_20260923/rollouts/VideoUnmaskSwap_ep42_B/VideoUnmaskSwap_ep42_vlm_groundsg.mp4	300016	artifacts
artifacts/robomme/memory_ab_confirm_20260923/rollouts/VideoUnmaskSwap_ep43_A/initial_demo_front.mp4	44910	artifacts
artifacts/robomme/memory_ab_confirm_20260923/rollouts/VideoUnmaskSwap_ep43_A/VideoUnmaskSwap_ep43_vlm_groundsg.mp4	683047	artifacts
artifacts/robomme/memory_ab_confirm_20260923/rollouts/VideoUnmaskSwap_ep43_B/initial_demo_front.mp4	44910	artifacts
artifacts/robomme/memory_ab_confirm_20260923/rollouts/VideoUnmaskSwap_ep43_B/VideoUnmaskSwap_ep43_vlm_groundsg.mp4	620375	artifacts
artifacts/robomme/memory_ab_confirm_20260923/rollouts/VideoUnmaskSwap_ep44_A/initial_demo_front.mp4	44088	artifacts
artifacts/robomme/memory_ab_confirm_20260923/rollouts/VideoUnmaskSwap_ep44_A/VideoUnmaskSwap_ep44_vlm_groundsg.mp4	587801	artifacts
artifacts/robomme/memory_ab_confirm_20260923/rollouts/VideoUnmaskSwap_ep44_B/initial_demo_front.mp4	44088	artifacts
artifacts/robomme/memory_ab_confirm_20260923/rollouts/VideoUnmaskSwap_ep44_B/VideoUnmaskSwap_ep44_vlm_groundsg.mp4	1228260	artifacts
artifacts/robomme/memory_ab_confirm_20260923/rollouts/VideoUnmaskSwap_ep45_A/initial_demo_front.mp4	43931	artifacts
artifacts/robomme/memory_ab_confirm_20260923/rollouts/VideoUnmaskSwap_ep45_A/VideoUnmaskSwap_ep45_vlm_groundsg.mp4	331135	artifacts
artifacts/robomme/memory_ab_confirm_20260923/rollouts/VideoUnmaskSwap_ep45_B/initial_demo_front.mp4	43931	artifacts
artifacts/robomme/memory_ab_confirm_20260923/rollouts/VideoUnmaskSwap_ep45_B/VideoUnmaskSwap_ep45_vlm_groundsg.mp4	299165	artifacts
artifacts/robomme/memory_ab_confirm_20260923/rollouts/VideoUnmaskSwap_ep46_A/initial_demo_front.mp4	44012	artifacts
artifacts/robomme/memory_ab_confirm_20260923/rollouts/VideoUnmaskSwap_ep46_A/VideoUnmaskSwap_ep46_vlm_groundsg.mp4	355093	artifacts
artifacts/robomme/memory_ab_confirm_20260923/rollouts/VideoUnmaskSwap_ep46_B/initial_demo_front.mp4	44012	artifacts
artifacts/robomme/memory_ab_confirm_20260923/rollouts/VideoUnmaskSwap_ep46_B/VideoUnmaskSwap_ep46_vlm_groundsg.mp4	327597	artifacts
artifacts/robomme/memory_ab_confirm_20260923/rollouts/VideoUnmaskSwap_ep47_A/initial_demo_front.mp4	54057	artifacts
artifacts/robomme/memory_ab_confirm_20260923/rollouts/VideoUnmaskSwap_ep47_A/VideoUnmaskSwap_ep47_vlm_groundsg.mp4	378109	artifacts
artifacts/robomme/memory_ab_confirm_20260923/rollouts/VideoUnmaskSwap_ep47_B/initial_demo_front.mp4	54057	artifacts
artifacts/robomme/memory_ab_confirm_20260923/rollouts/VideoUnmaskSwap_ep47_B/VideoUnmaskSwap_ep47_vlm_groundsg.mp4	1887460	artifacts
artifacts/robomme/memory_ab_confirm_20260923/rollouts/VideoUnmaskSwap_ep48_A/initial_demo_front.mp4	33990	artifacts
artifacts/robomme/memory_ab_confirm_20260923/rollouts/VideoUnmaskSwap_ep48_A/VideoUnmaskSwap_ep48_vlm_groundsg.mp4	299914	artifacts
artifacts/robomme/memory_ab_confirm_20260923/rollouts/VideoUnmaskSwap_ep48_B/initial_demo_front.mp4	33990	artifacts
artifacts/robomme/memory_ab_confirm_20260923/rollouts/VideoUnmaskSwap_ep48_B/VideoUnmaskSwap_ep48_vlm_groundsg.mp4	285938	artifacts
artifacts/robomme/memory_ab_confirm_20260923/rollouts/VideoUnmaskSwap_ep49_A/initial_demo_front.mp4	33041	artifacts
artifacts/robomme/memory_ab_confirm_20260923/rollouts/VideoUnmaskSwap_ep49_A/VideoUnmaskSwap_ep49_vlm_groundsg.mp4	289380	artifacts
artifacts/robomme/memory_ab_confirm_20260923/rollouts/VideoUnmaskSwap_ep49_B/initial_demo_front.mp4	33041	artifacts
artifacts/robomme/memory_ab_confirm_20260923/rollouts/VideoUnmaskSwap_ep49_B/VideoUnmaskSwap_ep49_vlm_groundsg.mp4	390996	artifacts
artifacts/robomme/memory_ab_confirm_20260923/rollouts/warmup_ep15_A/initial_demo_front.mp4	59314	artifacts
artifacts/robomme/memory_ab_confirm_20260923/rollouts/warmup_ep15_A/VideoUnmaskSwap_ep15_vlm_groundsg.mp4	130641	artifacts
artifacts/robomme/memory_ab_gate_20260923/memory/VideoUnmaskSwap_ep30_sam2_container_memory.mp4	35929	artifacts
artifacts/robomme/memory_ab_gate_20260923/memory/VideoUnmaskSwap_ep31_sam2_container_memory.mp4	33466	artifacts
artifacts/robomme/memory_ab_gate_20260923/memory/VideoUnmaskSwap_ep32_sam2_container_memory.mp4	27364	artifacts
artifacts/robomme/memory_ab_gate_20260923/memory/VideoUnmaskSwap_ep33_sam2_container_memory.mp4	37395	artifacts
artifacts/robomme/memory_ab_gate_20260923/memory/VideoUnmaskSwap_ep34_sam2_container_memory.mp4	26635	artifacts
artifacts/robomme/memory_ab_gate_20260923/memory/VideoUnmaskSwap_ep35_sam2_container_memory.mp4	37845	artifacts
artifacts/robomme/memory_ab_gate_20260923/memory/VideoUnmaskSwap_ep36_sam2_container_memory.mp4	27240	artifacts
artifacts/robomme/memory_ab_gate_20260923/memory/VideoUnmaskSwap_ep37_sam2_container_memory.mp4	26259	artifacts
artifacts/robomme/memory_ab_gate_20260923/preflight/VideoUnmaskSwap_ep30/initial_demo_front.mp4	45643	artifacts
artifacts/robomme/memory_ab_gate_20260923/preflight/VideoUnmaskSwap_ep31/initial_demo_front.mp4	43450	artifacts
artifacts/robomme/memory_ab_gate_20260923/preflight/VideoUnmaskSwap_ep32/initial_demo_front.mp4	33253	artifacts
artifacts/robomme/memory_ab_gate_20260923/preflight/VideoUnmaskSwap_ep33/initial_demo_front.mp4	45960	artifacts
artifacts/robomme/memory_ab_gate_20260923/preflight/VideoUnmaskSwap_ep34/initial_demo_front.mp4	32558	artifacts
artifacts/robomme/memory_ab_gate_20260923/preflight/VideoUnmaskSwap_ep35/initial_demo_front.mp4	45535	artifacts
artifacts/robomme/memory_ab_gate_20260923/preflight/VideoUnmaskSwap_ep36/initial_demo_front.mp4	32466	artifacts
artifacts/robomme/memory_ab_gate_20260923/preflight/VideoUnmaskSwap_ep37/initial_demo_front.mp4	32035	artifacts
artifacts/robomme/memory_ab_gate_20260923/rollouts/VideoUnmaskSwap_ep30_A/initial_demo_front.mp4	45643	artifacts
artifacts/robomme/memory_ab_gate_20260923/rollouts/VideoUnmaskSwap_ep30_A/VideoUnmaskSwap_ep30_vlm_groundsg.mp4	370933	artifacts
artifacts/robomme/memory_ab_gate_20260923/rollouts/VideoUnmaskSwap_ep30_B/initial_demo_front.mp4	45643	artifacts
artifacts/robomme/memory_ab_gate_20260923/rollouts/VideoUnmaskSwap_ep30_B/VideoUnmaskSwap_ep30_vlm_groundsg.mp4	353845	artifacts
artifacts/robomme/memory_ab_gate_20260923/rollouts/VideoUnmaskSwap_ep31_A/initial_demo_front.mp4	43450	artifacts
artifacts/robomme/memory_ab_gate_20260923/rollouts/VideoUnmaskSwap_ep31_A/VideoUnmaskSwap_ep31_vlm_groundsg.mp4	391588	artifacts
artifacts/robomme/memory_ab_gate_20260923/rollouts/VideoUnmaskSwap_ep31_B/initial_demo_front.mp4	43450	artifacts
artifacts/robomme/memory_ab_gate_20260923/rollouts/VideoUnmaskSwap_ep31_B/VideoUnmaskSwap_ep31_vlm_groundsg.mp4	355537	artifacts
artifacts/robomme/memory_ab_gate_20260923/rollouts/VideoUnmaskSwap_ep32_A/initial_demo_front.mp4	33253	artifacts
artifacts/robomme/memory_ab_gate_20260923/rollouts/VideoUnmaskSwap_ep32_A/VideoUnmaskSwap_ep32_vlm_groundsg.mp4	273489	artifacts
artifacts/robomme/memory_ab_gate_20260923/rollouts/VideoUnmaskSwap_ep32_B/initial_demo_front.mp4	33253	artifacts
artifacts/robomme/memory_ab_gate_20260923/rollouts/VideoUnmaskSwap_ep32_B/VideoUnmaskSwap_ep32_vlm_groundsg.mp4	263080	artifacts
artifacts/robomme/memory_ab_gate_20260923/rollouts/VideoUnmaskSwap_ep33_A/initial_demo_front.mp4	45960	artifacts
artifacts/robomme/memory_ab_gate_20260923/rollouts/VideoUnmaskSwap_ep33_A/VideoUnmaskSwap_ep33_vlm_groundsg.mp4	1513760	artifacts
artifacts/robomme/memory_ab_gate_20260923/rollouts/VideoUnmaskSwap_ep33_B/initial_demo_front.mp4	45960	artifacts
artifacts/robomme/memory_ab_gate_20260923/rollouts/VideoUnmaskSwap_ep33_B/VideoUnmaskSwap_ep33_vlm_groundsg.mp4	2168753	artifacts
artifacts/robomme/memory_ab_gate_20260923/rollouts/VideoUnmaskSwap_ep34_A/initial_demo_front.mp4	32558	artifacts
artifacts/robomme/memory_ab_gate_20260923/rollouts/VideoUnmaskSwap_ep34_A/VideoUnmaskSwap_ep34_vlm_groundsg.mp4	303577	artifacts
artifacts/robomme/memory_ab_gate_20260923/rollouts/VideoUnmaskSwap_ep34_B/initial_demo_front.mp4	32558	artifacts
artifacts/robomme/memory_ab_gate_20260923/rollouts/VideoUnmaskSwap_ep34_B/VideoUnmaskSwap_ep34_vlm_groundsg.mp4	292988	artifacts
artifacts/robomme/memory_ab_gate_20260923/rollouts/VideoUnmaskSwap_ep35_A/initial_demo_front.mp4	45535	artifacts
artifacts/robomme/memory_ab_gate_20260923/rollouts/VideoUnmaskSwap_ep35_A/VideoUnmaskSwap_ep35_vlm_groundsg.mp4	375208	artifacts
artifacts/robomme/memory_ab_gate_20260923/rollouts/VideoUnmaskSwap_ep35_B/initial_demo_front.mp4	45535	artifacts
artifacts/robomme/memory_ab_gate_20260923/rollouts/VideoUnmaskSwap_ep35_B/VideoUnmaskSwap_ep35_vlm_groundsg.mp4	389788	artifacts
artifacts/robomme/memory_ab_gate_20260923/rollouts/VideoUnmaskSwap_ep36_A/initial_demo_front.mp4	32466	artifacts
artifacts/robomme/memory_ab_gate_20260923/rollouts/VideoUnmaskSwap_ep36_A/VideoUnmaskSwap_ep36_vlm_groundsg.mp4	289157	artifacts
artifacts/robomme/memory_ab_gate_20260923/rollouts/VideoUnmaskSwap_ep36_B/initial_demo_front.mp4	32466	artifacts
artifacts/robomme/memory_ab_gate_20260923/rollouts/VideoUnmaskSwap_ep36_B/VideoUnmaskSwap_ep36_vlm_groundsg.mp4	262314	artifacts
artifacts/robomme/memory_ab_gate_20260923/rollouts/VideoUnmaskSwap_ep37_A/initial_demo_front.mp4	32035	artifacts
artifacts/robomme/memory_ab_gate_20260923/rollouts/VideoUnmaskSwap_ep37_A/VideoUnmaskSwap_ep37_vlm_groundsg.mp4	362239	artifacts
artifacts/robomme/memory_ab_gate_20260923/rollouts/VideoUnmaskSwap_ep37_B/initial_demo_front.mp4	32035	artifacts
artifacts/robomme/memory_ab_gate_20260923/rollouts/VideoUnmaskSwap_ep37_B/VideoUnmaskSwap_ep37_vlm_groundsg.mp4	294257	artifacts
artifacts/robomme/memory_ab_gate_20260923/rollouts/warmup_ep15_A/initial_demo_front.mp4	59314	artifacts
artifacts/robomme/memory_ab_gate_20260923/rollouts/warmup_ep15_A/VideoUnmaskSwap_ep15_vlm_groundsg.mp4	130055	artifacts
artifacts/robomme/memory_runtime_20260922/ep0_observe_memory_full/initial_demo_front.mp4	32284	artifacts
artifacts/robomme/memory_runtime_20260922/ep0_observe_memory_full/VideoUnmaskSwap_ep0_vlm_groundsg.mp4	629603	artifacts
artifacts/robomme/memory_runtime_20260922/ep0_observe_memory_once/initial_demo_front.mp4	32284	artifacts
artifacts/robomme/memory_runtime_20260922/ep0_observe_memory_once/VideoUnmaskSwap_ep0_vlm_groundsg.mp4	902142	artifacts
artifacts/robomme/memory_runtime_20260922/ep1_observe_memory_full/initial_demo_front.mp4	41285	artifacts
artifacts/robomme/memory_runtime_20260922/ep1_observe_memory_full/VideoUnmaskSwap_ep1_vlm_groundsg.mp4	343591	artifacts
artifacts/robomme/memory_runtime_20260922/ep1_observe_memory_once/initial_demo_front.mp4	41285	artifacts
artifacts/robomme/memory_runtime_20260922/ep1_observe_memory_once/VideoUnmaskSwap_ep1_vlm_groundsg.mp4	343830	artifacts
artifacts/robomme/memory_runtime_20260922/ep2_observe_memory_full/initial_demo_front.mp4	30925	artifacts
artifacts/robomme/memory_runtime_20260922/ep2_observe_memory_full/VideoUnmaskSwap_ep2_vlm_groundsg.mp4	328795	artifacts
artifacts/robomme/memory_runtime_20260922/ep2_observe_memory_once/initial_demo_front.mp4	30925	artifacts
artifacts/robomme/memory_runtime_20260922/ep2_observe_memory_once/VideoUnmaskSwap_ep2_vlm_groundsg.mp4	328795	artifacts
artifacts/robomme/memory_runtime_20260922/ep3_observe_memory_full/initial_demo_front.mp4	56103	artifacts
artifacts/robomme/memory_runtime_20260922/ep3_observe_memory_full/VideoUnmaskSwap_ep3_vlm_groundsg.mp4	545026	artifacts
artifacts/robomme/memory_runtime_20260922/ep3_observe_memory_once/initial_demo_front.mp4	56103	artifacts
artifacts/robomme/memory_runtime_20260922/ep3_observe_memory_once/VideoUnmaskSwap_ep3_vlm_groundsg.mp4	792491	artifacts
artifacts/robomme/memory_runtime_20260922/ep4_observe_memory_full/initial_demo_front.mp4	33228	artifacts
artifacts/robomme/memory_runtime_20260922/ep4_observe_memory_full/VideoUnmaskSwap_ep4_vlm_groundsg.mp4	276168	artifacts
artifacts/robomme/memory_runtime_20260922/ep4_observe_memory_once/initial_demo_front.mp4	33228	artifacts
artifacts/robomme/memory_runtime_20260922/ep4_observe_memory_once/VideoUnmaskSwap_ep4_vlm_groundsg.mp4	404729	artifacts
artifacts/robomme/memory_selective_bc_20260923/rollouts/VideoUnmaskSwap_ep38_B/initial_demo_front.mp4	43981	artifacts
artifacts/robomme/memory_selective_bc_20260923/rollouts/VideoUnmaskSwap_ep38_B/VideoUnmaskSwap_ep38_vlm_groundsg.mp4	341125	artifacts
artifacts/robomme/memory_selective_bc_20260923/rollouts/VideoUnmaskSwap_ep38_C/initial_demo_front.mp4	43981	artifacts
artifacts/robomme/memory_selective_bc_20260923/rollouts/VideoUnmaskSwap_ep38_C/VideoUnmaskSwap_ep38_vlm_groundsg.mp4	342265	artifacts
artifacts/robomme/memory_selective_bc_20260923/rollouts/VideoUnmaskSwap_ep39_B/initial_demo_front.mp4	55057	artifacts
artifacts/robomme/memory_selective_bc_20260923/rollouts/VideoUnmaskSwap_ep39_B/VideoUnmaskSwap_ep39_vlm_groundsg.mp4	1728717	artifacts
artifacts/robomme/memory_selective_bc_20260923/rollouts/VideoUnmaskSwap_ep39_C/initial_demo_front.mp4	55057	artifacts
artifacts/robomme/memory_selective_bc_20260923/rollouts/VideoUnmaskSwap_ep39_C/VideoUnmaskSwap_ep39_vlm_groundsg.mp4	683748	artifacts
artifacts/robomme/memory_selective_bc_20260923/rollouts/VideoUnmaskSwap_ep40_B/initial_demo_front.mp4	31322	artifacts
artifacts/robomme/memory_selective_bc_20260923/rollouts/VideoUnmaskSwap_ep40_B/VideoUnmaskSwap_ep40_vlm_groundsg.mp4	272959	artifacts
artifacts/robomme/memory_selective_bc_20260923/rollouts/VideoUnmaskSwap_ep40_C/initial_demo_front.mp4	31322	artifacts
artifacts/robomme/memory_selective_bc_20260923/rollouts/VideoUnmaskSwap_ep40_C/VideoUnmaskSwap_ep40_vlm_groundsg.mp4	264692	artifacts
artifacts/robomme/memory_selective_bc_20260923/rollouts/VideoUnmaskSwap_ep41_B/initial_demo_front.mp4	41765	artifacts
artifacts/robomme/memory_selective_bc_20260923/rollouts/VideoUnmaskSwap_ep41_B/VideoUnmaskSwap_ep41_vlm_groundsg.mp4	671037	artifacts
artifacts/robomme/memory_selective_bc_20260923/rollouts/VideoUnmaskSwap_ep41_C/initial_demo_front.mp4	41765	artifacts
artifacts/robomme/memory_selective_bc_20260923/rollouts/VideoUnmaskSwap_ep41_C/VideoUnmaskSwap_ep41_vlm_groundsg.mp4	428189	artifacts
artifacts/robomme/memory_selective_bc_20260923/rollouts/VideoUnmaskSwap_ep42_B/initial_demo_front.mp4	32266	artifacts
artifacts/robomme/memory_selective_bc_20260923/rollouts/VideoUnmaskSwap_ep42_B/VideoUnmaskSwap_ep42_vlm_groundsg.mp4	297093	artifacts
artifacts/robomme/memory_selective_bc_20260923/rollouts/VideoUnmaskSwap_ep42_C/initial_demo_front.mp4	32266	artifacts
artifacts/robomme/memory_selective_bc_20260923/rollouts/VideoUnmaskSwap_ep42_C/VideoUnmaskSwap_ep42_vlm_groundsg.mp4	299910	artifacts
artifacts/robomme/memory_selective_bc_20260923/rollouts/VideoUnmaskSwap_ep43_B/initial_demo_front.mp4	44910	artifacts
artifacts/robomme/memory_selective_bc_20260923/rollouts/VideoUnmaskSwap_ep43_B/VideoUnmaskSwap_ep43_vlm_groundsg.mp4	674753	artifacts
artifacts/robomme/memory_selective_bc_20260923/rollouts/VideoUnmaskSwap_ep43_C/initial_demo_front.mp4	44910	artifacts
artifacts/robomme/memory_selective_bc_20260923/rollouts/VideoUnmaskSwap_ep43_C/VideoUnmaskSwap_ep43_vlm_groundsg.mp4	626430	artifacts
artifacts/robomme/memory_selective_bc_20260923/rollouts/VideoUnmaskSwap_ep44_B/initial_demo_front.mp4	44088	artifacts
artifacts/robomme/memory_selective_bc_20260923/rollouts/VideoUnmaskSwap_ep44_B/VideoUnmaskSwap_ep44_vlm_groundsg.mp4	620407	artifacts
artifacts/robomme/memory_selective_bc_20260923/rollouts/VideoUnmaskSwap_ep44_C/initial_demo_front.mp4	44088	artifacts
artifacts/robomme/memory_selective_bc_20260923/rollouts/VideoUnmaskSwap_ep44_C/VideoUnmaskSwap_ep44_vlm_groundsg.mp4	572346	artifacts
artifacts/robomme/memory_selective_bc_20260923/rollouts/VideoUnmaskSwap_ep45_B/initial_demo_front.mp4	43931	artifacts
artifacts/robomme/memory_selective_bc_20260923/rollouts/VideoUnmaskSwap_ep45_B/VideoUnmaskSwap_ep45_vlm_groundsg.mp4	307825	artifacts
artifacts/robomme/memory_selective_bc_20260923/rollouts/VideoUnmaskSwap_ep45_C/initial_demo_front.mp4	43931	artifacts
artifacts/robomme/memory_selective_bc_20260923/rollouts/VideoUnmaskSwap_ep45_C/VideoUnmaskSwap_ep45_vlm_groundsg.mp4	294982	artifacts
artifacts/robomme/memory_selective_bc_20260923/rollouts/VideoUnmaskSwap_ep46_B/initial_demo_front.mp4	44012	artifacts
artifacts/robomme/memory_selective_bc_20260923/rollouts/VideoUnmaskSwap_ep46_B/VideoUnmaskSwap_ep46_vlm_groundsg.mp4	320878	artifacts
artifacts/robomme/memory_selective_bc_20260923/rollouts/VideoUnmaskSwap_ep46_C/initial_demo_front.mp4	44012	artifacts
artifacts/robomme/memory_selective_bc_20260923/rollouts/VideoUnmaskSwap_ep46_C/VideoUnmaskSwap_ep46_vlm_groundsg.mp4	318696	artifacts
artifacts/robomme/memory_selective_bc_20260923/rollouts/VideoUnmaskSwap_ep47_B/initial_demo_front.mp4	54057	artifacts
artifacts/robomme/memory_selective_bc_20260923/rollouts/VideoUnmaskSwap_ep47_B/VideoUnmaskSwap_ep47_vlm_groundsg.mp4	1856245	artifacts
artifacts/robomme/memory_selective_bc_20260923/rollouts/VideoUnmaskSwap_ep47_C/initial_demo_front.mp4	54057	artifacts
artifacts/robomme/memory_selective_bc_20260923/rollouts/VideoUnmaskSwap_ep47_C/VideoUnmaskSwap_ep47_vlm_groundsg.mp4	457050	artifacts
artifacts/robomme/memory_selective_bc_20260923/rollouts/VideoUnmaskSwap_ep48_B/initial_demo_front.mp4	33990	artifacts
artifacts/robomme/memory_selective_bc_20260923/rollouts/VideoUnmaskSwap_ep48_B/VideoUnmaskSwap_ep48_vlm_groundsg.mp4	286657	artifacts
artifacts/robomme/memory_selective_bc_20260923/rollouts/VideoUnmaskSwap_ep48_C/initial_demo_front.mp4	33990	artifacts
artifacts/robomme/memory_selective_bc_20260923/rollouts/VideoUnmaskSwap_ep48_C/VideoUnmaskSwap_ep48_vlm_groundsg.mp4	285441	artifacts
artifacts/robomme/memory_selective_bc_20260923/rollouts/VideoUnmaskSwap_ep49_C/initial_demo_front.mp4	33041	artifacts
artifacts/robomme/memory_selective_bc_20260923/rollouts/VideoUnmaskSwap_ep49_C/VideoUnmaskSwap_ep49_vlm_groundsg.mp4	299738	artifacts
artifacts/robomme/memory_selective_bc_20260923/rollouts/warmup_ep15_B/initial_demo_front.mp4	59314	artifacts
artifacts/robomme/memory_selective_bc_20260923/rollouts/warmup_ep15_B/VideoUnmaskSwap_ep15_vlm_groundsg.mp4	119222	artifacts
artifacts/robomme/memory_selective_ep49_b_completion_20260923/rollouts/VideoUnmaskSwap_ep49_B/initial_demo_front.mp4	33041	artifacts
artifacts/robomme/memory_selective_ep49_b_completion_20260923/rollouts/VideoUnmaskSwap_ep49_B/VideoUnmaskSwap_ep49_vlm_groundsg.mp4	623194	artifacts
artifacts/robomme/memory_selective_ep49_b_completion_20260923/rollouts/warmup_ep15_B/initial_demo_front.mp4	59314	artifacts
artifacts/robomme/memory_selective_ep49_b_completion_20260923/rollouts/warmup_ep15_B/VideoUnmaskSwap_ep15_vlm_groundsg.mp4	119489	artifacts
artifacts/robomme/motion_gate_development_20260923/VideoUnmask_ep11_gate/initial_demo_front.mp4	22294	artifacts
artifacts/robomme/motion_gate_development_20260923/VideoUnmask_ep11_gate/VideoUnmask_ep11_vlm_groundsg.mp4	2087220	artifacts
artifacts/robomme/native_context_20260922/ep2_observe_native_every/initial_demo_front.mp4	5968	artifacts
artifacts/robomme/native_context_20260922/ep2_observe_native_every/PickXtimes_ep2_vlm_groundsg.mp4	2187760	artifacts
artifacts/robomme/native_context_20260922/ep3_observe_native_every/initial_demo_front.mp4	5862	artifacts
artifacts/robomme/native_context_20260922/ep3_observe_native_every/PickXtimes_ep3_vlm_groundsg.mp4	1452210	artifacts
artifacts/robomme/noninterference_confirmation_20260922/ep1_observe_tools_every/initial_demo_front.mp4	5843	artifacts
artifacts/robomme/noninterference_confirmation_20260922/ep1_observe_tools_every/PickXtimes_ep1_vlm_groundsg.mp4	493367	artifacts
artifacts/robomme/noninterference_confirmation_20260922/ep4_observe_tools_every/initial_demo_front.mp4	5889	artifacts
artifacts/robomme/noninterference_confirmation_20260922/ep4_observe_tools_every/PickXtimes_ep4_vlm_groundsg.mp4	825382	artifacts
artifacts/robomme/noninterference_confirmation_20260922/ep5_observe_tools_every/initial_demo_front.mp4	5821	artifacts
artifacts/robomme/noninterference_confirmation_20260922/ep5_observe_tools_every/PickXtimes_ep5_vlm_groundsg.mp4	782431	artifacts
artifacts/robomme/procedure_authority_20260922/observe_every/initial_demo_front.mp4	5823	artifacts
artifacts/robomme/procedure_authority_20260922/observe_every/PickXtimes_ep0_vlm_groundsg.mp4	939440	artifacts
artifacts/robomme/procedure_authority_20260922/observe_selective/initial_demo_front.mp4	5823	artifacts
artifacts/robomme/procedure_authority_20260922/observe_selective/PickXtimes_ep0_vlm_groundsg.mp4	1310284	artifacts
artifacts/robomme/public_demo_extractor_smoke_20260923/VideoUnmaskSwap_ep12/initial_demo_front.mp4	30619	artifacts
artifacts/robomme/ral_gate_20260924/memory_bound/VideoRepick_ep41_sam2_memory_track.mp4	127605	artifacts
artifacts/robomme/ral_gate_20260924/memory_bound/VideoRepick_ep45_sam2_memory_track.mp4	96726	artifacts
artifacts/robomme/ral_gate_20260924/memory/VideoRepick_ep38_sam2_memory_track.mp4	123135	artifacts
artifacts/robomme/ral_gate_20260924/memory/VideoRepick_ep39_sam2_memory_track.mp4	60374	artifacts
artifacts/robomme/ral_gate_20260924/memory/VideoRepick_ep40_sam2_memory_track.mp4	103372	artifacts
artifacts/robomme/ral_gate_20260924/memory/VideoRepick_ep41_sam2_memory_track.mp4	127605	artifacts
artifacts/robomme/ral_gate_20260924/memory/VideoRepick_ep42_sam2_memory_track.mp4	157217	artifacts
artifacts/robomme/ral_gate_20260924/memory/VideoRepick_ep43_sam2_memory_track.mp4	61483	artifacts
artifacts/robomme/ral_gate_20260924/memory/VideoRepick_ep44_sam2_memory_track.mp4	127710	artifacts
artifacts/robomme/ral_gate_20260924/memory/VideoRepick_ep45_sam2_memory_track.mp4	96726	artifacts
artifacts/robomme/ral_gate_20260924/memory/VideoUnmask_ep38_sam2_container_memory.mp4	18029	artifacts
artifacts/robomme/ral_gate_20260924/memory/VideoUnmask_ep39_sam2_container_memory.mp4	18736	artifacts
artifacts/robomme/ral_gate_20260924/memory/VideoUnmask_ep40_sam2_container_memory.mp4	18143	artifacts
artifacts/robomme/ral_gate_20260924/memory/VideoUnmask_ep41_sam2_container_memory.mp4	18168	artifacts
artifacts/robomme/ral_gate_20260924/memory/VideoUnmask_ep42_sam2_container_memory.mp4	18208	artifacts
artifacts/robomme/ral_gate_20260924/memory/VideoUnmask_ep43_sam2_container_memory.mp4	18494	artifacts
artifacts/robomme/ral_gate_20260924/memory/VideoUnmask_ep44_sam2_container_memory.mp4	17839	artifacts
artifacts/robomme/ral_gate_20260924/memory/VideoUnmask_ep45_sam2_container_memory.mp4	17606	artifacts
artifacts/robomme/ral_gate_20260924/memory/VideoUnmask_ep47_sam2_container_memory.mp4	18407	artifacts
artifacts/robomme/ral_gate_20260924/preflight/VideoRepick_ep38/initial_demo_front.mp4	129371	artifacts
artifacts/robomme/ral_gate_20260924/preflight/VideoRepick_ep39/initial_demo_front.mp4	64809	artifacts
artifacts/robomme/ral_gate_20260924/preflight/VideoRepick_ep40/initial_demo_front.mp4	108655	artifacts
artifacts/robomme/ral_gate_20260924/preflight/VideoRepick_ep41/initial_demo_front.mp4	134916	artifacts
artifacts/robomme/ral_gate_20260924/preflight/VideoRepick_ep42/initial_demo_front.mp4	164467	artifacts
artifacts/robomme/ral_gate_20260924/preflight/VideoRepick_ep43/initial_demo_front.mp4	64681	artifacts
artifacts/robomme/ral_gate_20260924/preflight/VideoRepick_ep44/initial_demo_front.mp4	134078	artifacts
artifacts/robomme/ral_gate_20260924/preflight/VideoRepick_ep45/initial_demo_front.mp4	101565	artifacts
artifacts/robomme/ral_gate_20260924/preflight/VideoUnmask_ep38/initial_demo_front.mp4	21334	artifacts
artifacts/robomme/ral_gate_20260924/preflight/VideoUnmask_ep39/initial_demo_front.mp4	21907	artifacts
artifacts/robomme/ral_gate_20260924/preflight/VideoUnmask_ep40/initial_demo_front.mp4	21272	artifacts
artifacts/robomme/ral_gate_20260924/preflight/VideoUnmask_ep41/initial_demo_front.mp4	21091	artifacts
artifacts/robomme/ral_gate_20260924/preflight/VideoUnmask_ep42/initial_demo_front.mp4	21500	artifacts
artifacts/robomme/ral_gate_20260924/preflight/VideoUnmask_ep43/initial_demo_front.mp4	21595	artifacts
artifacts/robomme/ral_gate_20260924/preflight/VideoUnmask_ep44/initial_demo_front.mp4	21069	artifacts
artifacts/robomme/ral_gate_20260924/preflight/VideoUnmask_ep45/initial_demo_front.mp4	20600	artifacts
artifacts/robomme/ral_gate_20260924/preflight/VideoUnmask_ep46/initial_demo_front.mp4	21729	artifacts
artifacts/robomme/ral_gate_20260924/preflight/VideoUnmask_ep47/initial_demo_front.mp4	21669	artifacts
artifacts/robomme/ral_gate_20260924/preflight/VideoUnmask_ep48/initial_demo_front.mp4	20528	artifacts
artifacts/robomme/ral_gate_20260924/preflight/VideoUnmask_ep49/initial_demo_front.mp4	20769	artifacts
artifacts/robomme/ral_gate_20260924/preflight/VideoUnmaskSwap_ep38/initial_demo_front.mp4	43981	artifacts
artifacts/robomme/ral_gate_20260924/preflight/VideoUnmaskSwap_ep39/initial_demo_front.mp4	55057	artifacts
artifacts/robomme/ral_gate_20260924/preflight/VideoUnmaskSwap_ep40/initial_demo_front.mp4	31322	artifacts
artifacts/robomme/ral_gate_20260924/preflight/VideoUnmaskSwap_ep41/initial_demo_front.mp4	41765	artifacts
artifacts/robomme/ral_gate_20260924/preflight/VideoUnmaskSwap_ep42/initial_demo_front.mp4	32266	artifacts
artifacts/robomme/ral_gate_20260924/preflight/VideoUnmaskSwap_ep43/initial_demo_front.mp4	44910	artifacts
artifacts/robomme/ral_gate_20260924/preflight/VideoUnmaskSwap_ep44/initial_demo_front.mp4	44088	artifacts
artifacts/robomme/ral_gate_20260924/preflight/VideoUnmaskSwap_ep45/initial_demo_front.mp4	43931	artifacts
artifacts/robomme/ral_gate_20260924/smoke_rollouts_relational_fix/VideoRepick_ep41_C/initial_demo_front.mp4	134916	artifacts
artifacts/robomme/ral_gate_20260924/smoke_rollouts_relational_fix/VideoRepick_ep41_C/VideoRepick_ep41_vlm_groundsg.mp4	853190	artifacts
artifacts/robomme/ral_gate_20260924/smoke_rollouts_schema_fix/VideoRepick_ep41_C/initial_demo_front.mp4	134916	artifacts
artifacts/robomme/ral_gate_20260924/smoke_rollouts_schema_fix/VideoRepick_ep41_C/VideoRepick_ep41_vlm_groundsg.mp4	460858	artifacts
artifacts/robomme/ral_gate_20260924/smoke_rollouts_v2/VideoRepick_ep41_C/initial_demo_front.mp4	134916	artifacts
artifacts/robomme/ral_gate_20260924/smoke_rollouts_v2/VideoRepick_ep41_C/VideoRepick_ep41_vlm_groundsg.mp4	460858	artifacts
artifacts/robomme/ral_gate_20260924/smoke_rollouts_v4/VideoRepick_ep41_C/initial_demo_front.mp4	134916	artifacts
artifacts/robomme/ral_gate_20260924/smoke_rollouts_v4/VideoRepick_ep41_C/VideoRepick_ep41_vlm_groundsg.mp4	460858	artifacts
artifacts/robomme/ral_gate_20260924/smoke_rollouts_v5/VideoRepick_ep41_C/initial_demo_front.mp4	134916	artifacts
artifacts/robomme/ral_gate_20260924/smoke_rollouts_v5/VideoRepick_ep41_C/VideoRepick_ep41_vlm_groundsg.mp4	460858	artifacts
artifacts/robomme/ral_gate_20260924/smoke_rollouts_v6/VideoRepick_ep41_A/initial_demo_front.mp4	134916	artifacts
artifacts/robomme/ral_gate_20260924/smoke_rollouts_v6/VideoRepick_ep41_A/VideoRepick_ep41_vlm_groundsg.mp4	778867	artifacts
artifacts/robomme/ral_gate_20260924/smoke_rollouts_v6/VideoRepick_ep41_B/initial_demo_front.mp4	134916	artifacts
artifacts/robomme/ral_gate_20260924/smoke_rollouts_v6/VideoRepick_ep41_B/VideoRepick_ep41_vlm_groundsg.mp4	778867	artifacts
artifacts/robomme/ral_gate_20260924/smoke_rollouts_v6/VideoRepick_ep41_C/initial_demo_front.mp4	134916	artifacts
artifacts/robomme/ral_gate_20260924/smoke_rollouts_v6/VideoRepick_ep41_C/VideoRepick_ep41_vlm_groundsg.mp4	460858	artifacts
artifacts/robomme/ral_gate_20260924/smoke_rollouts_v6/VideoUnmask_ep38_A/initial_demo_front.mp4	21334	artifacts
artifacts/robomme/ral_gate_20260924/smoke_rollouts_v6/VideoUnmask_ep38_A/VideoUnmask_ep38_vlm_groundsg.mp4	281340	artifacts
artifacts/robomme/ral_gate_20260924/smoke_rollouts_v6/VideoUnmask_ep38_B/initial_demo_front.mp4	21334	artifacts
artifacts/robomme/ral_gate_20260924/smoke_rollouts_v6/VideoUnmask_ep38_B/VideoUnmask_ep38_vlm_groundsg.mp4	281340	artifacts
artifacts/robomme/ral_gate_20260924/smoke_rollouts_v6/VideoUnmask_ep38_C/initial_demo_front.mp4	21334	artifacts
artifacts/robomme/ral_gate_20260924/smoke_rollouts_v6/VideoUnmask_ep38_C/VideoUnmask_ep38_vlm_groundsg.mp4	253629	artifacts
artifacts/robomme/ral_gate_20260924/unmask_ep39_45_abc/VideoUnmask_ep39_A/initial_demo_front.mp4	21907	artifacts
artifacts/robomme/ral_gate_20260924/unmask_ep39_45_abc/VideoUnmask_ep39_A/VideoUnmask_ep39_vlm_groundsg.mp4	755446	artifacts
artifacts/robomme/ral_gate_20260924/unmask_ep39_45_abc/VideoUnmask_ep39_B/initial_demo_front.mp4	21907	artifacts
artifacts/robomme/ral_gate_20260924/unmask_ep39_45_abc/VideoUnmask_ep39_B/VideoUnmask_ep39_vlm_groundsg.mp4	755446	artifacts
artifacts/robomme/ral_gate_20260924/unmask_ep39_45_abc/VideoUnmask_ep39_C/initial_demo_front.mp4	21907	artifacts
artifacts/robomme/ral_gate_20260924/unmask_ep39_45_abc/VideoUnmask_ep39_C/VideoUnmask_ep39_vlm_groundsg.mp4	730821	artifacts
artifacts/robomme/ral_gate_20260924/unmask_ep39_45_abc/VideoUnmask_ep40_A/initial_demo_front.mp4	21272	artifacts
artifacts/robomme/ral_gate_20260924/unmask_ep39_45_abc/VideoUnmask_ep40_A/VideoUnmask_ep40_vlm_groundsg.mp4	255808	artifacts
artifacts/robomme/ral_gate_20260924/unmask_ep39_45_abc/VideoUnmask_ep40_B/initial_demo_front.mp4	21272	artifacts
artifacts/robomme/ral_gate_20260924/unmask_ep39_45_abc/VideoUnmask_ep40_B/VideoUnmask_ep40_vlm_groundsg.mp4	255808	artifacts
artifacts/robomme/ral_gate_20260924/unmask_ep39_45_abc/VideoUnmask_ep40_C/initial_demo_front.mp4	21272	artifacts
artifacts/robomme/ral_gate_20260924/unmask_ep39_45_abc/VideoUnmask_ep40_C/VideoUnmask_ep40_vlm_groundsg.mp4	262136	artifacts
artifacts/robomme/ral_gate_20260924/unmask_ep39_45_abc/VideoUnmask_ep41_A/initial_demo_front.mp4	21091	artifacts
artifacts/robomme/ral_gate_20260924/unmask_ep39_45_abc/VideoUnmask_ep41_A/VideoUnmask_ep41_vlm_groundsg.mp4	299978	artifacts
artifacts/robomme/ral_gate_20260924/unmask_ep39_45_abc/VideoUnmask_ep41_B/initial_demo_front.mp4	21091	artifacts
artifacts/robomme/ral_gate_20260924/unmask_ep39_45_abc/VideoUnmask_ep41_B/VideoUnmask_ep41_vlm_groundsg.mp4	299978	artifacts
artifacts/robomme/ral_gate_20260924/unmask_ep39_45_abc/VideoUnmask_ep41_C/initial_demo_front.mp4	21091	artifacts
artifacts/robomme/ral_gate_20260924/unmask_ep39_45_abc/VideoUnmask_ep41_C/VideoUnmask_ep41_vlm_groundsg.mp4	238565	artifacts
artifacts/robomme/ral_gate_20260924/unmask_ep39_45_abc/VideoUnmask_ep42_A/initial_demo_front.mp4	21500	artifacts
artifacts/robomme/ral_gate_20260924/unmask_ep39_45_abc/VideoUnmask_ep42_A/VideoUnmask_ep42_vlm_groundsg.mp4	647606	artifacts
artifacts/robomme/ral_gate_20260924/unmask_ep39_45_abc/VideoUnmask_ep42_B/initial_demo_front.mp4	21500	artifacts
artifacts/robomme/ral_gate_20260924/unmask_ep39_45_abc/VideoUnmask_ep42_B/VideoUnmask_ep42_vlm_groundsg.mp4	647606	artifacts
artifacts/robomme/ral_gate_20260924/unmask_ep39_45_abc/VideoUnmask_ep42_C/initial_demo_front.mp4	21500	artifacts
artifacts/robomme/ral_gate_20260924/unmask_ep39_45_abc/VideoUnmask_ep42_C/VideoUnmask_ep42_vlm_groundsg.mp4	247282	artifacts
artifacts/robomme/ral_gate_20260924/unmask_ep39_45_abc/VideoUnmask_ep43_A/initial_demo_front.mp4	21595	artifacts
artifacts/robomme/ral_gate_20260924/unmask_ep39_45_abc/VideoUnmask_ep43_A/VideoUnmask_ep43_vlm_groundsg.mp4	819236	artifacts
artifacts/robomme/ral_gate_20260924/unmask_ep39_45_abc/VideoUnmask_ep43_B/initial_demo_front.mp4	21595	artifacts
artifacts/robomme/ral_gate_20260924/unmask_ep39_45_abc/VideoUnmask_ep43_B/VideoUnmask_ep43_vlm_groundsg.mp4	819236	artifacts
artifacts/robomme/ral_gate_20260924/unmask_ep39_45_abc/VideoUnmask_ep43_C/initial_demo_front.mp4	21595	artifacts
artifacts/robomme/ral_gate_20260924/unmask_ep39_45_abc/VideoUnmask_ep43_C/VideoUnmask_ep43_vlm_groundsg.mp4	331210	artifacts
artifacts/robomme/ral_gate_20260924/unmask_ep39_45_abc/VideoUnmask_ep44_A/initial_demo_front.mp4	21069	artifacts
artifacts/robomme/ral_gate_20260924/unmask_ep39_45_abc/VideoUnmask_ep44_A/VideoUnmask_ep44_vlm_groundsg.mp4	265174	artifacts
artifacts/robomme/ral_gate_20260924/unmask_ep39_45_abc/VideoUnmask_ep44_B/initial_demo_front.mp4	21069	artifacts
artifacts/robomme/ral_gate_20260924/unmask_ep39_45_abc/VideoUnmask_ep44_B/VideoUnmask_ep44_vlm_groundsg.mp4	265174	artifacts
artifacts/robomme/ral_gate_20260924/unmask_ep39_45_abc/VideoUnmask_ep44_C/initial_demo_front.mp4	21069	artifacts
artifacts/robomme/ral_gate_20260924/unmask_ep39_45_abc/VideoUnmask_ep44_C/VideoUnmask_ep44_vlm_groundsg.mp4	255632	artifacts
artifacts/robomme/ral_gate_20260924/unmask_ep39_45_abc/VideoUnmask_ep45_A/initial_demo_front.mp4	20600	artifacts
artifacts/robomme/ral_gate_20260924/unmask_ep39_45_abc/VideoUnmask_ep45_A/VideoUnmask_ep45_vlm_groundsg.mp4	246886	artifacts
artifacts/robomme/ral_gate_20260924/unmask_ep39_45_abc/VideoUnmask_ep45_B/initial_demo_front.mp4	20600	artifacts
artifacts/robomme/ral_gate_20260924/unmask_ep39_45_abc/VideoUnmask_ep45_B/VideoUnmask_ep45_vlm_groundsg.mp4	246886	artifacts
artifacts/robomme/ral_gate_20260924/unmask_ep39_45_abc/VideoUnmask_ep45_C/initial_demo_front.mp4	20600	artifacts
artifacts/robomme/ral_gate_20260924/unmask_ep39_45_abc/VideoUnmask_ep45_C/VideoUnmask_ep45_vlm_groundsg.mp4	244279	artifacts
artifacts/robomme/ral_gate_20260924/unmask_ep43_stage_hint_dev/VideoUnmask_ep43_C/initial_demo_front.mp4	21595	artifacts
artifacts/robomme/ral_gate_20260924/unmask_ep43_stage_hint_dev/VideoUnmask_ep43_C/VideoUnmask_ep43_vlm_groundsg.mp4	808945	artifacts
artifacts/robomme/ral_gate_20260924/unmask_ep47_frozen_abc/VideoUnmask_ep47_A/initial_demo_front.mp4	21669	artifacts
artifacts/robomme/ral_gate_20260924/unmask_ep47_frozen_abc/VideoUnmask_ep47_A/VideoUnmask_ep47_vlm_groundsg.mp4	645240	artifacts
artifacts/robomme/ral_gate_20260924/unmask_ep47_frozen_abc/VideoUnmask_ep47_B/initial_demo_front.mp4	21669	artifacts
artifacts/robomme/ral_gate_20260924/unmask_ep47_frozen_abc/VideoUnmask_ep47_B/VideoUnmask_ep47_vlm_groundsg.mp4	645240	artifacts
artifacts/robomme/ral_gate_20260924/unmask_ep47_frozen_abc/VideoUnmask_ep47_C/initial_demo_front.mp4	21669	artifacts
artifacts/robomme/ral_gate_20260924/unmask_ep47_frozen_abc/VideoUnmask_ep47_C/VideoUnmask_ep47_vlm_groundsg.mp4	739329	artifacts
artifacts/robomme/repick_identity_cache_20260922/VideoRepick_ep11_sam2_memory_track.mp4	72429	artifacts
artifacts/robomme/repick_identity_cache_20260922/VideoRepick_ep12_sam2_memory_track.mp4	125109	artifacts
artifacts/robomme/repick_noninterference_diagnostic_20260922/ep11_observe_memory_off/initial_demo_front.mp4	76008	artifacts
artifacts/robomme/repick_noninterference_diagnostic_20260922/ep11_observe_memory_off/VideoRepick_ep11_vlm_groundsg.mp4	709407	artifacts
artifacts/robomme/repick_noninterference_diagnostic_20260922/ep11_raw_every/initial_demo_front.mp4	76008	artifacts
artifacts/robomme/repick_noninterference_diagnostic_20260922/ep11_raw_every/VideoRepick_ep11_vlm_groundsg.mp4	709407	artifacts
artifacts/robomme/repick_noninterference_diagnostic_20260922/ep12_observe_memory_off/initial_demo_front.mp4	132145	artifacts
artifacts/robomme/repick_noninterference_diagnostic_20260922/ep12_observe_memory_off/VideoRepick_ep12_vlm_groundsg.mp4	1431195	artifacts
artifacts/robomme/repick_noninterference_diagnostic_20260922/ep12_raw_every/initial_demo_front.mp4	132145	artifacts
artifacts/robomme/repick_noninterference_diagnostic_20260922/ep12_raw_every/VideoRepick_ep12_vlm_groundsg.mp4	1431195	artifacts
artifacts/robomme/representative_admission_repick_20260922/ep10_raw_every/initial_demo_front.mp4	127031	artifacts
artifacts/robomme/representative_admission_repick_20260922/ep10_raw_every/VideoRepick_ep10_vlm_groundsg.mp4	1041660	artifacts
artifacts/robomme/representative_admission_route_20260922/ep10_raw_every/initial_demo_front.mp4	91299	artifacts
artifacts/robomme/representative_admission_route_20260922/ep10_raw_every/RouteStick_ep10_vlm_groundsg.mp4	468428	artifacts
artifacts/robomme/representative_complexity_preflight_20260922/VideoRepick_ep11/initial_demo_front.mp4	76008	artifacts
artifacts/robomme/representative_complexity_preflight_20260922/VideoRepick_ep12/initial_demo_front.mp4	132145	artifacts
artifacts/robomme/representative_complexity_preflight_20260922/VideoRepick_ep13/initial_demo_front.mp4	102710	artifacts
artifacts/robomme/representative_complexity_preflight_20260922/VideoRepick_ep14/initial_demo_front.mp4	155443	artifacts
artifacts/robomme/representative_complexity_preflight_20260922/VideoRepick_ep15/initial_demo_front.mp4	61486	artifacts
artifacts/robomme/service_block_pilot_20260923/memory/VideoUnmask_ep20_sam2_container_memory.mp4	18173	artifacts
artifacts/robomme/service_block_pilot_20260923/memory/VideoUnmask_ep21_sam2_container_memory.mp4	17927	artifacts
artifacts/robomme/service_block_pilot_20260923/memory/VideoUnmaskSwap_ep20_sam2_container_memory.mp4	25650	artifacts
artifacts/robomme/service_block_pilot_20260923/memory/VideoUnmaskSwap_ep21_sam2_container_memory.mp4	26395	artifacts
artifacts/robomme/service_block_pilot_20260923/preflight/VideoUnmask_ep20/initial_demo_front.mp4	20974	artifacts
artifacts/robomme/service_block_pilot_20260923/preflight/VideoUnmask_ep21/initial_demo_front.mp4	21196	artifacts
artifacts/robomme/service_block_pilot_20260923/preflight/VideoUnmaskSwap_ep20/initial_demo_front.mp4	30178	artifacts
artifacts/robomme/service_block_pilot_20260923/preflight/VideoUnmaskSwap_ep21/initial_demo_front.mp4	31882	artifacts
artifacts/robomme/service_block_pilot_20260923/rollouts/block1/VideoUnmask_ep20_A/initial_demo_front.mp4	20974	artifacts
artifacts/robomme/service_block_pilot_20260923/rollouts/block1/VideoUnmask_ep20_A/VideoUnmask_ep20_vlm_groundsg.mp4	284286	artifacts
artifacts/robomme/service_block_pilot_20260923/rollouts/block1/VideoUnmask_ep20_B/initial_demo_front.mp4	20974	artifacts
artifacts/robomme/service_block_pilot_20260923/rollouts/block1/VideoUnmask_ep20_B/VideoUnmask_ep20_vlm_groundsg.mp4	284286	artifacts
artifacts/robomme/service_block_pilot_20260923/rollouts/block1/VideoUnmask_ep21_A/initial_demo_front.mp4	21196	artifacts
artifacts/robomme/service_block_pilot_20260923/rollouts/block1/VideoUnmask_ep21_A/VideoUnmask_ep21_vlm_groundsg.mp4	286444	artifacts
artifacts/robomme/service_block_pilot_20260923/rollouts/block1/VideoUnmask_ep21_B/initial_demo_front.mp4	21196	artifacts
artifacts/robomme/service_block_pilot_20260923/rollouts/block1/VideoUnmask_ep21_B/VideoUnmask_ep21_vlm_groundsg.mp4	286444	artifacts
artifacts/robomme/service_block_pilot_20260923/rollouts/block1/VideoUnmaskSwap_ep15_B/initial_demo_front.mp4	59314	artifacts
artifacts/robomme/service_block_pilot_20260923/rollouts/block1/VideoUnmaskSwap_ep15_B/VideoUnmaskSwap_ep15_vlm_groundsg.mp4	120938	artifacts
artifacts/robomme/service_block_pilot_20260923/rollouts/block1/VideoUnmaskSwap_ep20_A/initial_demo_front.mp4	30178	artifacts
artifacts/robomme/service_block_pilot_20260923/rollouts/block1/VideoUnmaskSwap_ep20_A/VideoUnmaskSwap_ep20_vlm_groundsg.mp4	336051	artifacts
artifacts/robomme/service_block_pilot_20260923/rollouts/block1/VideoUnmaskSwap_ep20_B/initial_demo_front.mp4	30178	artifacts
artifacts/robomme/service_block_pilot_20260923/rollouts/block1/VideoUnmaskSwap_ep20_B/VideoUnmaskSwap_ep20_vlm_groundsg.mp4	317210	artifacts
artifacts/robomme/service_block_pilot_20260923/rollouts/block1/VideoUnmaskSwap_ep20_C/initial_demo_front.mp4	30178	artifacts
artifacts/robomme/service_block_pilot_20260923/rollouts/block1/VideoUnmaskSwap_ep20_C/VideoUnmaskSwap_ep20_vlm_groundsg.mp4	317210	artifacts
artifacts/robomme/service_block_pilot_20260923/rollouts/block1/VideoUnmaskSwap_ep21_A/initial_demo_front.mp4	31882	artifacts
artifacts/robomme/service_block_pilot_20260923/rollouts/block1/VideoUnmaskSwap_ep21_A/VideoUnmaskSwap_ep21_vlm_groundsg.mp4	542805	artifacts
artifacts/robomme/service_block_pilot_20260923/rollouts/block1/VideoUnmaskSwap_ep21_B/initial_demo_front.mp4	31882	artifacts
artifacts/robomme/service_block_pilot_20260923/rollouts/block1/VideoUnmaskSwap_ep21_B/VideoUnmaskSwap_ep21_vlm_groundsg.mp4	463028	artifacts
artifacts/robomme/service_block_pilot_20260923/rollouts/block1/VideoUnmaskSwap_ep21_C/initial_demo_front.mp4	31882	artifacts
artifacts/robomme/service_block_pilot_20260923/rollouts/block1/VideoUnmaskSwap_ep21_C/VideoUnmaskSwap_ep21_vlm_groundsg.mp4	386647	artifacts
artifacts/robomme/service_block_pilot_20260923/rollouts/block2/VideoUnmask_ep20_A/initial_demo_front.mp4	20974	artifacts
artifacts/robomme/service_block_pilot_20260923/rollouts/block2/VideoUnmask_ep20_A/VideoUnmask_ep20_vlm_groundsg.mp4	280070	artifacts
artifacts/robomme/service_block_pilot_20260923/rollouts/block2/VideoUnmask_ep20_B/initial_demo_front.mp4	20974	artifacts
artifacts/robomme/service_block_pilot_20260923/rollouts/block2/VideoUnmask_ep20_B/VideoUnmask_ep20_vlm_groundsg.mp4	280070	artifacts
artifacts/robomme/service_block_pilot_20260923/rollouts/block2/VideoUnmask_ep21_A/initial_demo_front.mp4	21196	artifacts
artifacts/robomme/service_block_pilot_20260923/rollouts/block2/VideoUnmask_ep21_A/VideoUnmask_ep21_vlm_groundsg.mp4	282213	artifacts
artifacts/robomme/service_block_pilot_20260923/rollouts/block2/VideoUnmask_ep21_B/initial_demo_front.mp4	21196	artifacts
artifacts/robomme/service_block_pilot_20260923/rollouts/block2/VideoUnmask_ep21_B/VideoUnmask_ep21_vlm_groundsg.mp4	282213	artifacts
artifacts/robomme/service_block_pilot_20260923/rollouts/block2/VideoUnmaskSwap_ep15_B/initial_demo_front.mp4	59314	artifacts
artifacts/robomme/service_block_pilot_20260923/rollouts/block2/VideoUnmaskSwap_ep15_B/VideoUnmaskSwap_ep15_vlm_groundsg.mp4	120754	artifacts
artifacts/robomme/service_block_pilot_20260923/rollouts/block2/VideoUnmaskSwap_ep20_A/initial_demo_front.mp4	30178	artifacts
artifacts/robomme/service_block_pilot_20260923/rollouts/block2/VideoUnmaskSwap_ep20_A/VideoUnmaskSwap_ep20_vlm_groundsg.mp4	314524	artifacts
artifacts/robomme/service_block_pilot_20260923/rollouts/block2/VideoUnmaskSwap_ep20_B/initial_demo_front.mp4	30178	artifacts
artifacts/robomme/service_block_pilot_20260923/rollouts/block2/VideoUnmaskSwap_ep20_B/VideoUnmaskSwap_ep20_vlm_groundsg.mp4	321878	artifacts
artifacts/robomme/service_block_pilot_20260923/rollouts/block2/VideoUnmaskSwap_ep20_C/initial_demo_front.mp4	30178	artifacts
artifacts/robomme/service_block_pilot_20260923/rollouts/block2/VideoUnmaskSwap_ep20_C/VideoUnmaskSwap_ep20_vlm_groundsg.mp4	321878	artifacts
artifacts/robomme/service_block_pilot_20260923/rollouts/block2/VideoUnmaskSwap_ep21_A/initial_demo_front.mp4	31882	artifacts
artifacts/robomme/service_block_pilot_20260923/rollouts/block2/VideoUnmaskSwap_ep21_A/VideoUnmaskSwap_ep21_vlm_groundsg.mp4	581404	artifacts
artifacts/robomme/service_block_pilot_20260923/rollouts/block2/VideoUnmaskSwap_ep21_B/initial_demo_front.mp4	31882	artifacts
artifacts/robomme/service_block_pilot_20260923/rollouts/block2/VideoUnmaskSwap_ep21_B/VideoUnmaskSwap_ep21_vlm_groundsg.mp4	522081	artifacts
artifacts/robomme/service_block_pilot_20260923/rollouts/block2/VideoUnmaskSwap_ep21_C/initial_demo_front.mp4	31882	artifacts
artifacts/robomme/service_block_pilot_20260923/rollouts/block2/VideoUnmaskSwap_ep21_C/VideoUnmaskSwap_ep21_vlm_groundsg.mp4	396719	artifacts
artifacts/robomme/stage_receipt_dev_20260923/rollouts/VideoUnmaskSwap_ep15_E/initial_demo_front.mp4	59314	artifacts
artifacts/robomme/stage_receipt_dev_20260923/rollouts/VideoUnmaskSwap_ep15_E/VideoUnmaskSwap_ep15_vlm_groundsg.mp4	732254	artifacts
artifacts/robomme/stage_receipt_dev_20260923/rollouts/VideoUnmaskSwap_ep19_E/initial_demo_front.mp4	57223	artifacts
artifacts/robomme/stage_receipt_dev_20260923/rollouts/VideoUnmaskSwap_ep19_E/VideoUnmaskSwap_ep19_vlm_groundsg.mp4	609480	artifacts
artifacts/robomme/unmaskswap_ep12_quality_pair_20260923/memory/VideoUnmaskSwap_ep12_sam2_container_memory.mp4	25110	artifacts
artifacts/robomme/unmaskswap_ep12_quality_pair_20260923/VideoUnmaskSwap_ep12_A/initial_demo_front.mp4	30619	artifacts
artifacts/robomme/unmaskswap_ep12_quality_pair_20260923/VideoUnmaskSwap_ep12_A/VideoUnmaskSwap_ep12_vlm_groundsg.mp4	317709	artifacts
artifacts/robomme/unmaskswap_ep12_quality_pair_20260923/VideoUnmaskSwap_ep12_B/initial_demo_front.mp4	30619	artifacts
artifacts/robomme/unmaskswap_ep12_quality_pair_20260923/VideoUnmaskSwap_ep12_B/VideoUnmaskSwap_ep12_vlm_groundsg.mp4	236362	artifacts
artifacts/robomme/unmaskswap_fixed_five_20260923/memory/VideoUnmaskSwap_ep15_sam2_container_memory.mp4	49057	artifacts
artifacts/robomme/unmaskswap_fixed_five_20260923/memory/VideoUnmaskSwap_ep16_sam2_container_memory.mp4	26285	artifacts
artifacts/robomme/unmaskswap_fixed_five_20260923/memory/VideoUnmaskSwap_ep17_sam2_container_memory.mp4	29802	artifacts
artifacts/robomme/unmaskswap_fixed_five_20260923/memory/VideoUnmaskSwap_ep18_sam2_container_memory.mp4	28252	artifacts
artifacts/robomme/unmaskswap_fixed_five_20260923/memory/VideoUnmaskSwap_ep19_sam2_container_memory.mp4	46193	artifacts
artifacts/robomme/unmaskswap_fixed_five_20260923/preflight/VideoUnmaskSwap_ep15/initial_demo_front.mp4	59314	artifacts
artifacts/robomme/unmaskswap_fixed_five_20260923/preflight/VideoUnmaskSwap_ep16/initial_demo_front.mp4	31444	artifacts
artifacts/robomme/unmaskswap_fixed_five_20260923/preflight/VideoUnmaskSwap_ep17/initial_demo_front.mp4	41310	artifacts
artifacts/robomme/unmaskswap_fixed_five_20260923/preflight/VideoUnmaskSwap_ep18/initial_demo_front.mp4	32826	artifacts
artifacts/robomme/unmaskswap_fixed_five_20260923/preflight/VideoUnmaskSwap_ep19/initial_demo_front.mp4	57223	artifacts
artifacts/robomme/unmaskswap_fixed_five_20260923/rollouts/VideoUnmaskSwap_ep15_A/initial_demo_front.mp4	59314	artifacts
artifacts/robomme/unmaskswap_fixed_five_20260923/rollouts/VideoUnmaskSwap_ep15_A/VideoUnmaskSwap_ep15_vlm_groundsg.mp4	415400	artifacts
artifacts/robomme/unmaskswap_fixed_five_20260923/rollouts/VideoUnmaskSwap_ep15_B/initial_demo_front.mp4	59314	artifacts
artifacts/robomme/unmaskswap_fixed_five_20260923/rollouts/VideoUnmaskSwap_ep15_B/VideoUnmaskSwap_ep15_vlm_groundsg.mp4	721619	artifacts
artifacts/robomme/unmaskswap_fixed_five_20260923/rollouts/VideoUnmaskSwap_ep16_A/initial_demo_front.mp4	31444	artifacts
artifacts/robomme/unmaskswap_fixed_five_20260923/rollouts/VideoUnmaskSwap_ep16_A/VideoUnmaskSwap_ep16_vlm_groundsg.mp4	302301	artifacts
artifacts/robomme/unmaskswap_fixed_five_20260923/rollouts/VideoUnmaskSwap_ep16_B/initial_demo_front.mp4	31444	artifacts
artifacts/robomme/unmaskswap_fixed_five_20260923/rollouts/VideoUnmaskSwap_ep16_B/VideoUnmaskSwap_ep16_vlm_groundsg.mp4	260502	artifacts
artifacts/robomme/unmaskswap_fixed_five_20260923/rollouts/VideoUnmaskSwap_ep17_A/initial_demo_front.mp4	41310	artifacts
artifacts/robomme/unmaskswap_fixed_five_20260923/rollouts/VideoUnmaskSwap_ep17_A/VideoUnmaskSwap_ep17_vlm_groundsg.mp4	341541	artifacts
artifacts/robomme/unmaskswap_fixed_five_20260923/rollouts/VideoUnmaskSwap_ep17_B/initial_demo_front.mp4	41310	artifacts
artifacts/robomme/unmaskswap_fixed_five_20260923/rollouts/VideoUnmaskSwap_ep17_B/VideoUnmaskSwap_ep17_vlm_groundsg.mp4	348440	artifacts
artifacts/robomme/unmaskswap_fixed_five_20260923/rollouts/VideoUnmaskSwap_ep18_A/initial_demo_front.mp4	32826	artifacts
artifacts/robomme/unmaskswap_fixed_five_20260923/rollouts/VideoUnmaskSwap_ep18_A/VideoUnmaskSwap_ep18_vlm_groundsg.mp4	314556	artifacts
artifacts/robomme/unmaskswap_fixed_five_20260923/rollouts/VideoUnmaskSwap_ep18_B/initial_demo_front.mp4	32826	artifacts
artifacts/robomme/unmaskswap_fixed_five_20260923/rollouts/VideoUnmaskSwap_ep18_B/VideoUnmaskSwap_ep18_vlm_groundsg.mp4	289975	artifacts
artifacts/robomme/unmaskswap_fixed_five_20260923/rollouts/VideoUnmaskSwap_ep19_A/initial_demo_front.mp4	57223	artifacts
artifacts/robomme/unmaskswap_fixed_five_20260923/rollouts/VideoUnmaskSwap_ep19_A/VideoUnmaskSwap_ep19_vlm_groundsg.mp4	695189	artifacts
artifacts/robomme/unmaskswap_fixed_five_20260923/rollouts/VideoUnmaskSwap_ep19_B/initial_demo_front.mp4	57223	artifacts
artifacts/robomme/unmaskswap_fixed_five_20260923/rollouts/VideoUnmaskSwap_ep19_B/VideoUnmaskSwap_ep19_vlm_groundsg.mp4	610653	artifacts
artifacts/robomme/unmaskswap_runtime_bc_20260923/rollouts/VideoUnmaskSwap_ep15_B/initial_demo_front.mp4	59314	artifacts
artifacts/robomme/unmaskswap_runtime_bc_20260923/rollouts/VideoUnmaskSwap_ep15_B/VideoUnmaskSwap_ep15_vlm_groundsg.mp4	1534299	artifacts
artifacts/robomme/unmaskswap_runtime_bc_20260923/rollouts/VideoUnmaskSwap_ep15_C/initial_demo_front.mp4	59314	artifacts
artifacts/robomme/unmaskswap_runtime_bc_20260923/rollouts/VideoUnmaskSwap_ep15_C/VideoUnmaskSwap_ep15_vlm_groundsg.mp4	735497	artifacts
artifacts/robomme/unmaskswap_runtime_bc_20260923/rollouts/VideoUnmaskSwap_ep15_warmup/initial_demo_front.mp4	59314	artifacts
artifacts/robomme/unmaskswap_runtime_bc_20260923/rollouts/VideoUnmaskSwap_ep15_warmup/VideoUnmaskSwap_ep15_vlm_groundsg.mp4	120814	artifacts
artifacts/robomme/unmaskswap_runtime_bc_20260923/rollouts/VideoUnmaskSwap_ep16_B/initial_demo_front.mp4	31444	artifacts
artifacts/robomme/unmaskswap_runtime_bc_20260923/rollouts/VideoUnmaskSwap_ep16_B/VideoUnmaskSwap_ep16_vlm_groundsg.mp4	259201	artifacts
artifacts/robomme/unmaskswap_runtime_bc_20260923/rollouts/VideoUnmaskSwap_ep16_C/initial_demo_front.mp4	31444	artifacts
artifacts/robomme/unmaskswap_runtime_bc_20260923/rollouts/VideoUnmaskSwap_ep16_C/VideoUnmaskSwap_ep16_vlm_groundsg.mp4	260634	artifacts
artifacts/robomme/unmaskswap_runtime_bc_20260923/rollouts/VideoUnmaskSwap_ep17_B/initial_demo_front.mp4	41310	artifacts
artifacts/robomme/unmaskswap_runtime_bc_20260923/rollouts/VideoUnmaskSwap_ep17_B/VideoUnmaskSwap_ep17_vlm_groundsg.mp4	343452	artifacts
artifacts/robomme/unmaskswap_runtime_bc_20260923/rollouts/VideoUnmaskSwap_ep17_C/initial_demo_front.mp4	41310	artifacts
artifacts/robomme/unmaskswap_runtime_bc_20260923/rollouts/VideoUnmaskSwap_ep17_C/VideoUnmaskSwap_ep17_vlm_groundsg.mp4	347002	artifacts
artifacts/robomme/unmaskswap_runtime_bc_20260923/rollouts/VideoUnmaskSwap_ep18_B/initial_demo_front.mp4	32826	artifacts
artifacts/robomme/unmaskswap_runtime_bc_20260923/rollouts/VideoUnmaskSwap_ep18_B/VideoUnmaskSwap_ep18_vlm_groundsg.mp4	288893	artifacts
artifacts/robomme/unmaskswap_runtime_bc_20260923/rollouts/VideoUnmaskSwap_ep18_C/initial_demo_front.mp4	32826	artifacts
artifacts/robomme/unmaskswap_runtime_bc_20260923/rollouts/VideoUnmaskSwap_ep18_C/VideoUnmaskSwap_ep18_vlm_groundsg.mp4	287486	artifacts
artifacts/robomme/unmaskswap_runtime_bc_20260923/rollouts/VideoUnmaskSwap_ep19_B/initial_demo_front.mp4	57223	artifacts
artifacts/robomme/unmaskswap_runtime_bc_20260923/rollouts/VideoUnmaskSwap_ep19_B/VideoUnmaskSwap_ep19_vlm_groundsg.mp4	576615	artifacts
artifacts/robomme/unmaskswap_runtime_bc_20260923/rollouts/VideoUnmaskSwap_ep19_C/initial_demo_front.mp4	57223	artifacts
artifacts/robomme/unmaskswap_runtime_bc_20260923/rollouts/VideoUnmaskSwap_ep19_C/VideoUnmaskSwap_ep19_vlm_groundsg.mp4	580473	artifacts
artifacts/robomme/videounmask_dev_20260923/VideoUnmask_ep11_A_warm/initial_demo_front.mp4	22294	artifacts
artifacts/robomme/videounmask_dev_20260923/VideoUnmask_ep11_A_warm/VideoUnmask_ep11_vlm_groundsg.mp4	719003	artifacts
artifacts/robomme/videounmask_dev_20260923/VideoUnmask_ep11_B_cold/initial_demo_front.mp4	22294	artifacts
artifacts/robomme/videounmask_dev_20260923/VideoUnmask_ep11_B_cold/VideoUnmask_ep11_vlm_groundsg.mp4	1185013	artifacts
artifacts/robomme/videounmask_dev_20260923/VideoUnmask_ep11_B_warm/initial_demo_front.mp4	22294	artifacts
artifacts/robomme/videounmask_dev_20260923/VideoUnmask_ep11_B_warm/VideoUnmask_ep11_vlm_groundsg.mp4	1185013	artifacts
artifacts/robomme/videounmask_memory_transfer_20260924/memory/VideoUnmask_ep22_sam2_container_memory.mp4	18518	artifacts
artifacts/robomme/videounmask_memory_transfer_20260924/memory/VideoUnmask_ep23_sam2_container_memory.mp4	18344	artifacts
artifacts/robomme/videounmask_memory_transfer_20260924/memory/VideoUnmask_ep24_sam2_container_memory.mp4	18085	artifacts
artifacts/robomme/videounmask_memory_transfer_20260924/memory/VideoUnmask_ep25_sam2_container_memory.mp4	18002	artifacts
artifacts/robomme/videounmask_memory_transfer_20260924/memory/VideoUnmask_ep26_sam2_container_memory.mp4	18220	artifacts
artifacts/robomme/videounmask_memory_transfer_20260924/memory/VideoUnmask_ep27_sam2_container_memory.mp4	18104	artifacts
artifacts/robomme/videounmask_memory_transfer_20260924/memory/VideoUnmask_ep28_sam2_container_memory.mp4	18105	artifacts
artifacts/robomme/videounmask_memory_transfer_20260924/memory/VideoUnmask_ep29_sam2_container_memory.mp4	17756	artifacts
artifacts/robomme/videounmask_memory_transfer_20260924/memory/VideoUnmask_ep30_sam2_container_memory.mp4	18388	artifacts
artifacts/robomme/videounmask_memory_transfer_20260924/memory/VideoUnmask_ep31_sam2_container_memory.mp4	18258	artifacts
artifacts/robomme/videounmask_memory_transfer_20260924/memory/VideoUnmask_ep32_sam2_container_memory.mp4	17619	artifacts
artifacts/robomme/videounmask_memory_transfer_20260924/memory/VideoUnmask_ep33_sam2_container_memory.mp4	18000	artifacts
artifacts/robomme/videounmask_memory_transfer_20260924/memory/VideoUnmask_ep34_sam2_container_memory.mp4	18115	artifacts
artifacts/robomme/videounmask_memory_transfer_20260924/memory/VideoUnmask_ep35_sam2_container_memory.mp4	18608	artifacts
artifacts/robomme/videounmask_memory_transfer_20260924/memory/VideoUnmask_ep36_sam2_container_memory.mp4	18221	artifacts
artifacts/robomme/videounmask_memory_transfer_20260924/memory/VideoUnmask_ep37_sam2_container_memory.mp4	18033	artifacts
artifacts/robomme/videounmask_memory_transfer_20260924/preflight/VideoUnmask_ep22/initial_demo_front.mp4	21629	artifacts
artifacts/robomme/videounmask_memory_transfer_20260924/preflight/VideoUnmask_ep23/initial_demo_front.mp4	21647	artifacts
artifacts/robomme/videounmask_memory_transfer_20260924/preflight/VideoUnmask_ep24/initial_demo_front.mp4	20997	artifacts
artifacts/robomme/videounmask_memory_transfer_20260924/preflight/VideoUnmask_ep25/initial_demo_front.mp4	21056	artifacts
artifacts/robomme/videounmask_memory_transfer_20260924/preflight/VideoUnmask_ep26/initial_demo_front.mp4	21530	artifacts
artifacts/robomme/videounmask_memory_transfer_20260924/preflight/VideoUnmask_ep27/initial_demo_front.mp4	21103	artifacts
artifacts/robomme/videounmask_memory_transfer_20260924/preflight/VideoUnmask_ep28/initial_demo_front.mp4	21030	artifacts
artifacts/robomme/videounmask_memory_transfer_20260924/preflight/VideoUnmask_ep29/initial_demo_front.mp4	20793	artifacts
artifacts/robomme/videounmask_memory_transfer_20260924/preflight/VideoUnmask_ep30/initial_demo_front.mp4	21912	artifacts
artifacts/robomme/videounmask_memory_transfer_20260924/preflight/VideoUnmask_ep31/initial_demo_front.mp4	21318	artifacts
artifacts/robomme/videounmask_memory_transfer_20260924/preflight/VideoUnmask_ep32/initial_demo_front.mp4	20544	artifacts
artifacts/robomme/videounmask_memory_transfer_20260924/preflight/VideoUnmask_ep33/initial_demo_front.mp4	20878	artifacts
artifacts/robomme/videounmask_memory_transfer_20260924/preflight/VideoUnmask_ep34/initial_demo_front.mp4	21457	artifacts
artifacts/robomme/videounmask_memory_transfer_20260924/preflight/VideoUnmask_ep35/initial_demo_front.mp4	21935	artifacts
artifacts/robomme/videounmask_memory_transfer_20260924/preflight/VideoUnmask_ep36/initial_demo_front.mp4	21338	artifacts
artifacts/robomme/videounmask_memory_transfer_20260924/preflight/VideoUnmask_ep37/initial_demo_front.mp4	21184	artifacts
artifacts/robomme/videounmask_memory_transfer_20260924/rollouts/VideoUnmask_ep22_A/initial_demo_front.mp4	21629	artifacts
artifacts/robomme/videounmask_memory_transfer_20260924/rollouts/VideoUnmask_ep22_A/VideoUnmask_ep22_vlm_groundsg.mp4	540682	artifacts
artifacts/robomme/videounmask_memory_transfer_20260924/rollouts/VideoUnmask_ep22_B/initial_demo_front.mp4	21629	artifacts
artifacts/robomme/videounmask_memory_transfer_20260924/rollouts/VideoUnmask_ep22_B/VideoUnmask_ep22_vlm_groundsg.mp4	278172	artifacts
artifacts/robomme/videounmask_memory_transfer_20260924/rollouts/VideoUnmask_ep23_A/initial_demo_front.mp4	21647	artifacts
artifacts/robomme/videounmask_memory_transfer_20260924/rollouts/VideoUnmask_ep23_A/VideoUnmask_ep23_vlm_groundsg.mp4	543960	artifacts
artifacts/robomme/videounmask_memory_transfer_20260924/rollouts/VideoUnmask_ep23_B/initial_demo_front.mp4	21647	artifacts
artifacts/robomme/videounmask_memory_transfer_20260924/rollouts/VideoUnmask_ep23_B/VideoUnmask_ep23_vlm_groundsg.mp4	1818363	artifacts
artifacts/robomme/videounmask_memory_transfer_20260924/rollouts/VideoUnmask_ep24_A/initial_demo_front.mp4	20997	artifacts
artifacts/robomme/videounmask_memory_transfer_20260924/rollouts/VideoUnmask_ep24_A/VideoUnmask_ep24_vlm_groundsg.mp4	494197	artifacts
artifacts/robomme/videounmask_memory_transfer_20260924/rollouts/VideoUnmask_ep24_B/initial_demo_front.mp4	20997	artifacts
artifacts/robomme/videounmask_memory_transfer_20260924/rollouts/VideoUnmask_ep24_B/VideoUnmask_ep24_vlm_groundsg.mp4	258626	artifacts
artifacts/robomme/videounmask_memory_transfer_20260924/rollouts/VideoUnmask_ep25_A/initial_demo_front.mp4	21056	artifacts
artifacts/robomme/videounmask_memory_transfer_20260924/rollouts/VideoUnmask_ep25_A/VideoUnmask_ep25_vlm_groundsg.mp4	285294	artifacts
artifacts/robomme/videounmask_memory_transfer_20260924/rollouts/VideoUnmask_ep25_B/initial_demo_front.mp4	21056	artifacts
artifacts/robomme/videounmask_memory_transfer_20260924/rollouts/VideoUnmask_ep25_B/VideoUnmask_ep25_vlm_groundsg.mp4	282952	artifacts
artifacts/robomme/videounmask_memory_transfer_20260924/rollouts/VideoUnmask_ep26_A/initial_demo_front.mp4	21530	artifacts
artifacts/robomme/videounmask_memory_transfer_20260924/rollouts/VideoUnmask_ep26_A/VideoUnmask_ep26_vlm_groundsg.mp4	268050	artifacts
artifacts/robomme/videounmask_memory_transfer_20260924/rollouts/VideoUnmask_ep26_B/initial_demo_front.mp4	21530	artifacts
artifacts/robomme/videounmask_memory_transfer_20260924/rollouts/VideoUnmask_ep26_B/VideoUnmask_ep26_vlm_groundsg.mp4	242617	artifacts
artifacts/robomme/videounmask_memory_transfer_20260924/rollouts/VideoUnmask_ep27_A/initial_demo_front.mp4	21103	artifacts
artifacts/robomme/videounmask_memory_transfer_20260924/rollouts/VideoUnmask_ep27_A/VideoUnmask_ep27_vlm_groundsg.mp4	662703	artifacts
artifacts/robomme/videounmask_memory_transfer_20260924/rollouts/VideoUnmask_ep27_B/initial_demo_front.mp4	21103	artifacts
artifacts/robomme/videounmask_memory_transfer_20260924/rollouts/VideoUnmask_ep27_B/VideoUnmask_ep27_vlm_groundsg.mp4	635632	artifacts
artifacts/robomme/videounmask_memory_transfer_20260924/rollouts/VideoUnmask_ep28_A/initial_demo_front.mp4	21030	artifacts
artifacts/robomme/videounmask_memory_transfer_20260924/rollouts/VideoUnmask_ep28_A/VideoUnmask_ep28_vlm_groundsg.mp4	271656	artifacts
artifacts/robomme/videounmask_memory_transfer_20260924/rollouts/VideoUnmask_ep28_B/initial_demo_front.mp4	21030	artifacts
artifacts/robomme/videounmask_memory_transfer_20260924/rollouts/VideoUnmask_ep28_B/VideoUnmask_ep28_vlm_groundsg.mp4	280070	artifacts
artifacts/robomme/videounmask_memory_transfer_20260924/rollouts/VideoUnmask_ep29_A/initial_demo_front.mp4	20793	artifacts
artifacts/robomme/videounmask_memory_transfer_20260924/rollouts/VideoUnmask_ep29_A/VideoUnmask_ep29_vlm_groundsg.mp4	253386	artifacts
artifacts/robomme/videounmask_memory_transfer_20260924/rollouts/VideoUnmask_ep29_B/initial_demo_front.mp4	20793	artifacts
artifacts/robomme/videounmask_memory_transfer_20260924/rollouts/VideoUnmask_ep29_B/VideoUnmask_ep29_vlm_groundsg.mp4	245368	artifacts
artifacts/robomme/videounmask_memory_transfer_20260924/rollouts/VideoUnmask_ep30_A/initial_demo_front.mp4	21912	artifacts
artifacts/robomme/videounmask_memory_transfer_20260924/rollouts/VideoUnmask_ep30_A/VideoUnmask_ep30_vlm_groundsg.mp4	283186	artifacts
artifacts/robomme/videounmask_memory_transfer_20260924/rollouts/VideoUnmask_ep30_B/initial_demo_front.mp4	21912	artifacts
artifacts/robomme/videounmask_memory_transfer_20260924/rollouts/VideoUnmask_ep30_B/VideoUnmask_ep30_vlm_groundsg.mp4	279218	artifacts
artifacts/robomme/videounmask_memory_transfer_20260924/rollouts/VideoUnmask_ep31_A/initial_demo_front.mp4	21318	artifacts
artifacts/robomme/videounmask_memory_transfer_20260924/rollouts/VideoUnmask_ep31_A/VideoUnmask_ep31_vlm_groundsg.mp4	613747	artifacts
artifacts/robomme/videounmask_memory_transfer_20260924/rollouts/VideoUnmask_ep31_B/initial_demo_front.mp4	21318	artifacts
artifacts/robomme/videounmask_memory_transfer_20260924/rollouts/VideoUnmask_ep31_B/VideoUnmask_ep31_vlm_groundsg.mp4	299651	artifacts
artifacts/robomme/videounmask_memory_transfer_20260924/rollouts/VideoUnmask_ep32_A/initial_demo_front.mp4	20544	artifacts
artifacts/robomme/videounmask_memory_transfer_20260924/rollouts/VideoUnmask_ep32_A/VideoUnmask_ep32_vlm_groundsg.mp4	264745	artifacts
artifacts/robomme/videounmask_memory_transfer_20260924/rollouts/VideoUnmask_ep32_B/initial_demo_front.mp4	20544	artifacts
artifacts/robomme/videounmask_memory_transfer_20260924/rollouts/VideoUnmask_ep32_B/VideoUnmask_ep32_vlm_groundsg.mp4	261341	artifacts
artifacts/robomme/videounmask_memory_transfer_20260924/rollouts/VideoUnmask_ep33_A/initial_demo_front.mp4	20878	artifacts
artifacts/robomme/videounmask_memory_transfer_20260924/rollouts/VideoUnmask_ep33_A/VideoUnmask_ep33_vlm_groundsg.mp4	586528	artifacts
artifacts/robomme/videounmask_memory_transfer_20260924/rollouts/VideoUnmask_ep33_B/initial_demo_front.mp4	20878	artifacts
artifacts/robomme/videounmask_memory_transfer_20260924/rollouts/VideoUnmask_ep33_B/VideoUnmask_ep33_vlm_groundsg.mp4	267376	artifacts
artifacts/robomme/videounmask_memory_transfer_20260924/rollouts/VideoUnmask_ep34_A/initial_demo_front.mp4	21457	artifacts
artifacts/robomme/videounmask_memory_transfer_20260924/rollouts/VideoUnmask_ep34_A/VideoUnmask_ep34_vlm_groundsg.mp4	287837	artifacts
artifacts/robomme/videounmask_memory_transfer_20260924/rollouts/VideoUnmask_ep34_B/initial_demo_front.mp4	21457	artifacts
artifacts/robomme/videounmask_memory_transfer_20260924/rollouts/VideoUnmask_ep34_B/VideoUnmask_ep34_vlm_groundsg.mp4	274973	artifacts
artifacts/robomme/videounmask_memory_transfer_20260924/rollouts/VideoUnmask_ep35_A/initial_demo_front.mp4	21935	artifacts
artifacts/robomme/videounmask_memory_transfer_20260924/rollouts/VideoUnmask_ep35_A/VideoUnmask_ep35_vlm_groundsg.mp4	639027	artifacts
artifacts/robomme/videounmask_memory_transfer_20260924/rollouts/VideoUnmask_ep35_B/initial_demo_front.mp4	21935	artifacts
artifacts/robomme/videounmask_memory_transfer_20260924/rollouts/VideoUnmask_ep35_B/VideoUnmask_ep35_vlm_groundsg.mp4	549792	artifacts
artifacts/robomme/videounmask_memory_transfer_20260924/rollouts/VideoUnmask_ep36_A/initial_demo_front.mp4	21338	artifacts
artifacts/robomme/videounmask_memory_transfer_20260924/rollouts/VideoUnmask_ep36_A/VideoUnmask_ep36_vlm_groundsg.mp4	325122	artifacts
artifacts/robomme/videounmask_memory_transfer_20260924/rollouts/VideoUnmask_ep36_B/initial_demo_front.mp4	21338	artifacts
artifacts/robomme/videounmask_memory_transfer_20260924/rollouts/VideoUnmask_ep36_B/VideoUnmask_ep36_vlm_groundsg.mp4	256226	artifacts
artifacts/robomme/videounmask_memory_transfer_20260924/rollouts/VideoUnmask_ep37_A/initial_demo_front.mp4	21184	artifacts
artifacts/robomme/videounmask_memory_transfer_20260924/rollouts/VideoUnmask_ep37_A/VideoUnmask_ep37_vlm_groundsg.mp4	267337	artifacts
artifacts/robomme/videounmask_memory_transfer_20260924/rollouts/VideoUnmask_ep37_B/initial_demo_front.mp4	21184	artifacts
artifacts/robomme/videounmask_memory_transfer_20260924/rollouts/VideoUnmask_ep37_B/VideoUnmask_ep37_vlm_groundsg.mp4	267522	artifacts
artifacts/robomme/videounmask_memory_transfer_20260924/rollouts/warmup_ep15_A/initial_demo_front.mp4	21965	artifacts
artifacts/robomme/videounmask_memory_transfer_20260924/rollouts/warmup_ep15_A/VideoUnmask_ep15_vlm_groundsg.mp4	57927	artifacts
artifacts/robomme/videounmask_preflight_20260923/memory/VideoUnmask_ep11_sam2_container_memory.mp4	18863	artifacts
artifacts/robomme/videounmask_preflight_20260923/VideoUnmask_ep11/initial_demo_front.mp4	22294	artifacts
artifacts/vlabench/add_condiment_expert_smoke_20260901/episode_000/episode_000_success_True.mp4	731345	artifacts
artifacts/vlabench/agentic_add_condiment_20260901/episode_000/execution_v2/episode_000_success_True.mp4	731627	artifacts
artifacts/vlabench/agentic_add_condiment_20260901/episode_000/execution/episode_000_success_True.mp4	731343	artifacts
artifacts/vlabench/agentic_cook_dishes_20260901/seed_007/execution_ik_gate_v3/episode_success_True.mp4	1357517	artifacts
artifacts/vlabench/agentic_cook_dishes_20260901/seed_007/execution_v2/episode_success_True.mp4	1286806	artifacts
artifacts/vlabench/agentic_find_unseen_20260902/seed_000/execution_v2/episode_success_True.mp4	73699	artifacts
artifacts/vlabench/agentic_find_unseen_20260902/seed_020/execution_v1/episode_success_True.mp4	97049	artifacts
artifacts/vlabench/agentic_take_chemistry_20260901/seed_002/body_grasp_diag_v1/episode_success_False.mp4	958304	artifacts
artifacts/vlabench/agentic_take_chemistry_20260901/seed_002/body_grasp_diag_v2_pick/episode_success_False.mp4	432921	artifacts
artifacts/vlabench/agentic_take_chemistry_20260901/seed_002/body_grasp_diag_v3/episode_success_False.mp4	904532	artifacts
artifacts/vlabench/agentic_take_chemistry_20260901/seed_002/body_grasp_diag_v4_clearance/episode_success_False.mp4	873231	artifacts
artifacts/vlabench/agentic_take_chemistry_20260901/seed_002/cartesian_pour_diag_v2/episode_success_False.mp4	741858	artifacts
artifacts/vlabench/agentic_take_chemistry_20260901/seed_002/cartesian_pour_diag_v3/episode_success_False.mp4	919409	artifacts
artifacts/vlabench/agentic_take_chemistry_20260901/seed_002/cartesian_pour_diag_v4/episode_success_False.mp4	892235	artifacts
artifacts/vlabench/agentic_take_chemistry_20260901/seed_002/cartesian_pour_diag_v5/episode_success_False.mp4	905489	artifacts
artifacts/vlabench/agentic_take_chemistry_20260901/seed_002/execution_v1/episode_success_False.mp4	2466226	artifacts
artifacts/vlabench/agentic_take_chemistry_20260901/seed_002/execution_v2/episode_success_False.mp4	2467375	artifacts
artifacts/vlabench/agentic_take_chemistry_20260901/seed_002/execution_v5/episode_success_True.mp4	1914282	artifacts
artifacts/vlabench/agentic_take_chemistry_20260901/seed_002/execution_v6/episode_success_True.mp4	1913530	artifacts
artifacts/vlabench/agentic_take_chemistry_20260901/seed_002/execution_v7/episode_success_True.mp4	1924221	artifacts
artifacts/vlabench/agentic_take_chemistry_20260901/seed_002/execution_v8/episode_success_True.mp4	1912728	artifacts
artifacts/vlabench/agentic_take_chemistry_20260901/seed_002/lateral_grasp_diag_v1/episode_success_False.mp4	708404	artifacts
artifacts/vlabench/agentic_take_chemistry_20260901/seed_002/lateral_grasp_diag_v2/episode_success_False.mp4	739816	artifacts
artifacts/vlabench/agentic_take_chemistry_20260901/seed_002/mouth_pivot_diag_v1/episode_success_False.mp4	918966	artifacts
artifacts/vlabench/agentic_take_chemistry_20260901/seed_002/mouth_pivot_diag_v2/episode_success_False.mp4	939672	artifacts
artifacts/vlabench/agentic_take_chemistry_20260901/seed_002/mouth_pivot_diag_v3/episode_success_False.mp4	870241	artifacts
artifacts/vlabench/agentic_take_chemistry_20260901/seed_002/mouth_pivot_diag_v4/episode_success_False.mp4	877278	artifacts
artifacts/vlabench/agentic_take_out_cool_drink_20260902/seed_000/execution_v2/episode_success_True.mp4	1636118	artifacts
artifacts/vlabench/chemistry_multiscene_20260902/scout/seed_000/execution_diag_v1/episode_success_False.mp4	804959	artifacts
artifacts/vlabench/chemistry_multiscene_20260902/scout/seed_000/execution_full_v1/episode_success_False.mp4	2390204	artifacts
artifacts/vlabench/chemistry_multiscene_20260902/scout/seed_000/execution_recovery_diag_v4/episode_success_False.mp4	2862141	artifacts
artifacts/vlabench/chemistry_multiscene_20260902/scout/seed_000/execution_replan_v3/episode_success_False.mp4	3574175	artifacts
artifacts/vlabench/chemistry_multiscene_20260902/scout/seed_005/execution_continuous_mouth_v2/episode_success_True.mp4	1799795	artifacts
artifacts/vlabench/chemistry_multiscene_20260902/scout/seed_005/execution_ik_gate_diag_v1/episode_success_False.mp4	662413	artifacts
artifacts/vlabench/chemistry_multiscene_20260902/scout/seed_005/execution_interpolated_ik_diag_v5/episode_success_False.mp4	665915	artifacts
artifacts/vlabench/chemistry_multiscene_20260902/scout/seed_005/execution_interpolated_ik_full_v7/episode_success_True.mp4	1848648	artifacts
artifacts/vlabench/chemistry_multiscene_20260902/scout/seed_005/execution_motion_gate_v3/episode_success_False.mp4	185569	artifacts
artifacts/vlabench/chemistry_multiscene_20260902/scout/seed_005/execution_motion_gate_v4/episode_success_False.mp4	578103	artifacts
artifacts/vlabench/chemistry_multiscene_20260902/scout/seed_005/execution_mouth_control_v1/episode_success_True.mp4	1735092	artifacts
artifacts/vlabench/chemistry_multiscene_20260902/scout/seed_007/execution_continuous_mouth_v4/episode_success_True.mp4	1815697	artifacts
artifacts/vlabench/chemistry_multiscene_20260902/scout/seed_007/execution_diag_v1/episode_success_False.mp4	732336	artifacts
artifacts/vlabench/chemistry_multiscene_20260902/scout/seed_007/execution_full_v2/episode_success_True.mp4	1748851	artifacts
artifacts/vlabench/chemistry_multiscene_20260902/scout/seed_007/execution_mouth_control_v3/episode_success_True.mp4	1731733	artifacts
artifacts/vlabench/cook_dishes_expert_smoke_20260901/seed_000/episode_success_False.mp4	1744260	artifacts
artifacts/vlabench/cook_dishes_expert_smoke_20260901/seed_007_settle20/episode_success_True.mp4	1335005	artifacts
artifacts/vlabench/cook_dishes_expert_smoke_20260901/seed_007/episode_success_False.mp4	1463851	artifacts
artifacts/vlabench/expert_smoke_20260901/select_toy/demo_0_success_False.mp4	477140	artifacts
artifacts/vlabench/expert_smoke_20260901/select_toy/demo_1_success_False.mp4	787338	artifacts
artifacts/vlabench/fixed_executor_smoke_20260901/select_toy_ep000/episode_000_success_True.mp4	735338	artifacts
artifacts/vlabench/kiro_20260910/attempts/chem_seed005_hcl_tag_fix_v2/episode_success_True.mp4	2544490	artifacts
artifacts/vlabench/kiro_20260910/attempts/chem_seed005_hcl_tag_fix_v3/episode_success_True.mp4	2371702	artifacts
artifacts/vlabench/kiro_20260910/attempts/chem_seed005_hcl_tag_fix_v4/episode_success_True.mp4	2469931	artifacts
artifacts/vlabench/kiro_20260910/attempts/chem_seed005_hcl_tag_fix_v5/episode_success_True.mp4	2658678	artifacts
artifacts/vlabench/kiro_20260910/attempts/chem_seed005_hcl_tag_fix/episode_success_True.mp4	1946736	artifacts
artifacts/vlabench/kiro_20260910/attempts/chem_seed005_legacy_control/episode_success_True.mp4	1824336	artifacts
artifacts/vlabench/kiro_20260910/chem_seed005_hcl_tag_fix/episode_success_True.mp4	2669392	artifacts
artifacts/vlabench/kiro_20260910/repeats_canonical_input/fixed_r1/episode_success_True.mp4	2669392	artifacts
artifacts/vlabench/kiro_20260910/repeats_canonical_input/fixed_r2/episode_success_True.mp4	2670340	artifacts
artifacts/vlabench/kiro_20260910/repeats_canonical_input/fixed_r3/episode_success_True.mp4	2672392	artifacts
artifacts/vlabench/kiro_20260910/repeats_canonical_input/legacy_r1/episode_success_True.mp4	1849381	artifacts
artifacts/vlabench/kiro_20260910/repeats_canonical_input/legacy_r2/episode_success_True.mp4	1848587	artifacts
artifacts/vlabench/kiro_20260910/repeats_canonical_input/legacy_r3/episode_success_True.mp4	1849892	artifacts
artifacts/vlabench/kiro_20260910/repeats/fixed_r1/episode_success_True.mp4	2657682	artifacts
artifacts/vlabench/kiro_20260910/repeats/fixed_r2/episode_success_True.mp4	2658523	artifacts
artifacts/vlabench/kiro_20260910/repeats/fixed_r3/episode_success_True.mp4	2657838	artifacts
artifacts/vlabench/kiro_20260910/repeats/legacy_parentcfg_r1/episode_success_True.mp4	1849381	artifacts
artifacts/vlabench/kiro_20260910/repeats/legacy_r1/episode_success_True.mp4	1822025	artifacts
artifacts/vlabench/kiro_20260910/repeats/legacy_r2/episode_success_True.mp4	1825561	artifacts
artifacts/vlabench/kiro_20260910/repeats/legacy_r3/episode_success_True.mp4	1824556	artifacts
artifacts/vlabench/presentation_cook_completion_20260915/seed007_v1/episode_success_True.mp4	1395887	artifacts
artifacts/vlabench/presentation_cook_completion_20260915/seed007_v2/episode_success_True.mp4	1444135	artifacts
artifacts/vlabench/take_chemistry_expert_smoke_20260901/seed_000_replay/episode_success_False.mp4	2234427	artifacts
artifacts/vlabench/take_chemistry_expert_smoke_20260901/seed_000/episode_success_False.mp4	2255424	artifacts
artifacts/vlabench/take_chemistry_expert_smoke_20260901/seed_002/episode_success_False.mp4	2432910	artifacts
artifacts/vlabench/take_out_cool_drink_stability_20260902/seed_000/episode_success_True.mp4	1628751	artifacts
artifacts/vlabench/vlm_target_pilot_20260901/select_toy_ep000/execution/episode_000_success_True.mp4	735338	artifacts
results/archive_invalid/robomme_nf4_ep0_contended_20260828_2118/initial_demo_front.mp4	89868	results
results/archive_invalid/robomme_nf4_ep0_contended_20260828_2118/MoveCube_ep0_vlm_groundsg.mp4	748177	results
results/carve_optimize/masked_view_t89_5states_20260717/videos/task8_trial0_success_put_both_moka_pots_on_the_stove.mp4	334105	results
results/carve_optimize/masked_view_t89_5states_20260717/videos/task8_trial1_success_put_both_moka_pots_on_the_stove.mp4	311107	results
results/carve_optimize/masked_view_t89_5states_20260717/videos/task8_trial2_success_put_both_moka_pots_on_the_stove.mp4	410878	results
results/carve_optimize/masked_view_t89_5states_20260717/videos/task8_trial3_success_put_both_moka_pots_on_the_stove.mp4	341585	results
results/carve_optimize/masked_view_t89_5states_20260717/videos/task8_trial4_success_put_both_moka_pots_on_the_stove.mp4	342989	results
results/carve_optimize/masked_view_t89_5states_20260717/videos/task9_trial0_success_put_the_yellow_and_white_mug_in_the_microwave_and_close_it.mp4	211255	results
results/carve_optimize/masked_view_t89_5states_20260717/videos/task9_trial1_failure_put_the_yellow_and_white_mug_in_the_microwave_and_close_it.mp4	144852	results
results/carve_optimize/masked_view_t89_5states_20260717/videos/task9_trial2_success_put_the_yellow_and_white_mug_in_the_microwave_and_close_it.mp4	191464	results
results/carve_optimize/masked_view_t89_5states_20260717/videos/task9_trial3_success_put_the_yellow_and_white_mug_in_the_microwave_and_close_it.mp4	218471	results
results/carve_optimize/masked_view_t89_5states_20260717/videos/task9_trial4_failure_put_the_yellow_and_white_mug_in_the_microwave_and_close_it.mp4	230590	results
results/carve_optimize/pi05_late_int8_closed_loop_20260825/int8_smve_t69_videos/task06_episode001_step0013_physical_recovery.mp4	166787	results
results/carve_optimize/pi05_late_int8_closed_loop_20260825/int8_smve_t69_videos/task09_episode001_step0013_physical_recovery.mp4	271103	results
results/carve_optimize/pi05_late_int8_closed_loop_20260825/late_int8_t6_videos/task06_episode001_step0013_physical_recovery.mp4	160351	results
results/carve_optimize/pi05_late_int8_closed_loop_20260825/late_int8_t9_videos/task09_episode001_step0013_physical_recovery.mp4	186811	results
results/carve_optimize/pi05_late_int8_closed_loop_20260825/smve_bf16_t6_videos/task06_episode001_step0013_physical_recovery.mp4	161216	results
results/carve_optimize/pi05_late_int8_closed_loop_20260825/smve_bf16_t9_videos/task09_episode001_step0013_physical_recovery.mp4	168413	results
results/cross_task_memory_routing_20260827/direct_4b_trial1/cross-task-direct-4b-agentic-libero_10-t3-r1-s7-startup-planner-semantic-checkpoint/episode.mp4	22988	results
results/cross_task_memory_routing_20260827/direct_9b_trial1/cross-task-direct-9b-agentic-libero_10-t3-r1-s7-startup-planner-semantic-checkpoint/episode.mp4	777733	results
results/cross_task_memory_routing_20260827/direct_9b_trial7/cross-task-direct-9b-agentic-libero_10-t3-r7-s7-startup-planner-semantic-checkpoint/episode.mp4	819988	results
results/cross_task_memory_routing_20260827/direct_9b_trial9/cross-task-direct-9b-agentic-libero_10-t3-r9-s7-startup-planner-semantic-checkpoint/episode.mp4	739322	results
results/cross_task_memory_routing_20260827/discovery_t3_trial0/cross-task-memory-t3-discovery-agentic-libero_10-t3-r0-s7-startup-planner-semantic-checkpoint/episode.mp4	810225	results
results/cross_task_memory_routing_20260827/discovery_t4_trial0_v2/cross-task-memory-discovery-v2-agentic-libero_10-t4-r0-s7-startup-planner-semantic-checkpoint/episode.mp4	737273	results
results/cross_task_memory_routing_20260827/discovery_t4_trial0/cross-task-memory-discovery-agentic-libero_10-t4-r0-s7-startup-planner-semantic-checkpoint/episode.mp4	737250	results
results/cross_task_memory_routing_20260827/memory_4b_trial1_v2/cross-task-memory-4b-v2-agentic-libero_10-t3-r1-s7-semantic-checkpoint/episode.mp4	807933	results
results/cross_task_memory_routing_20260827/memory_4b_trial7/cross-task-memory-4b-agentic-libero_10-t3-r7-s7-semantic-checkpoint/episode.mp4	844915	results
results/cross_task_memory_routing_20260827/memory_4b_trial9/cross-task-memory-4b-agentic-libero_10-t3-r9-s7-semantic-checkpoint/episode.mp4	738862	results
results/cross_task_memory_routing_20260827/memory_9b_trial1/cross-task-memory-9b-agentic-libero_10-t3-r1-s7-semantic-checkpoint/episode.mp4	800367	results
results/cross_task_memory_routing_20260827/memory_9b_trial7/cross-task-memory-9b-agentic-libero_10-t3-r7-s7-semantic-checkpoint/episode.mp4	844915	results
results/cross_task_memory_routing_20260827/memory_9b_trial9/cross-task-memory-9b-agentic-libero_10-t3-r9-s7-semantic-checkpoint/episode.mp4	738862	results
results/full_embodied_agent_20260827/heldout_t8_trial7/full-embodied-memory-heldout-agentic-libero_10_object-t8-r7-s7-startup-planner-semantic-checkpoint/episode.mp4	1305441	results
results/full_embodied_agent_20260827/heldout_t8_trial9_executor_gate_v3/full-embodied-memory-heldout-v3-agentic-libero_10_object-t8-r9-s7-startup-planner-semantic-checkpoint/episode.mp4	1376682	results
results/full_embodied_agent_20260827/heldout_t8_trial9_postcondition_v2/full-embodied-memory-heldout-v2-agentic-libero_10_object-t8-r9-s7-startup-planner-semantic-checkpoint/episode.mp4	1354056	results
results/full_embodied_agent_20260827/heldout_t8_trial9/full-embodied-memory-heldout-agentic-libero_10_object-t8-r9-s7-startup-planner-semantic-checkpoint/episode.mp4	423294	results
results/full_embodied_agent_20260827/reference_t8_trial0/full-embodied-memory-reference-agentic-libero_10_object-t8-r0-s7-startup-planner-semantic-checkpoint/episode.mp4	1303226	results
results/full_embodied_agent_20260827/t8_trial0/full-embodied-v1-agentic-libero_10_object-t8-r0-s7-startup-planner-semantic-checkpoint/episode.mp4	1303226	results
results/libero_pro_embodied_tool_probe_20260827/embodied_tool_probe.mp4	128725	results
results/libero_pro_full_study_20260825/_diagnostics/warmup6_false_positive/libero_10_fixed_recovery/task_00/carve-full-study-fixed_recovery-libero_10-t0-r0-s7/episode.mp4	305688	results
results/libero_pro_full_study_20260825/_diagnostics/warmup6_false_positive/libero_10_fixed_recovery/task_00/carve-full-study-fixed_recovery-libero_10-t0-r1-s7/episode.mp4	312061	results
results/libero_pro_full_study_20260825/_diagnostics/warmup6_false_positive/libero_10_fixed_recovery/task_00/carve-full-study-fixed_recovery-libero_10-t0-r2-s7/episode.mp4	316368	results
results/libero_pro_full_study_20260825/_diagnostics/warmup6_false_positive/libero_10_fixed_recovery/task_00/carve-full-study-fixed_recovery-libero_10-t0-r3-s7/episode.mp4	346307	results
results/libero_pro_full_study_20260825/_diagnostics/warmup6_false_positive/libero_10_fixed_recovery/task_00/carve-full-study-fixed_recovery-libero_10-t0-r4-s7/episode.mp4	42397	results
results/libero_pro_full_study_20260825/_diagnostics/warmup6_false_positive/libero_10_fixed_recovery/task_00/carve-full-study-fixed_recovery-libero_10-t0-r5-s7/episode.mp4	333911	results
results/libero_pro_full_study_20260825/_diagnostics/warmup6_false_positive/libero_10_fixed_recovery/task_00/carve-full-study-fixed_recovery-libero_10-t0-r6-s7/episode.mp4	41241	results
results/libero_pro_full_study_20260825/_diagnostics/warmup6_false_positive/libero_10_fixed_recovery/task_00/carve-full-study-fixed_recovery-libero_10-t0-r7-s7/episode.mp4	297674	results
results/libero_pro_full_study_20260825/_diagnostics/warmup6_false_positive/libero_10_fixed_recovery/task_00/carve-full-study-fixed_recovery-libero_10-t0-r8-s7/episode.mp4	304910	results
results/libero_pro_full_study_20260825/_diagnostics/warmup6_false_positive/libero_10_fixed_recovery/task_00/carve-full-study-fixed_recovery-libero_10-t0-r9-s7/episode.mp4	292328	results
results/libero_pro_full_study_20260825/_diagnostics/warmup6_false_positive/libero_10_fixed_recovery/task_01/carve-full-study-fixed_recovery-libero_10-t1-r0-s7/episode.mp4	404854	results
results/libero_pro_full_study_20260825/_diagnostics/warmup6_false_positive/libero_10_fixed_recovery/task_01/carve-full-study-fixed_recovery-libero_10-t1-r1-s7/episode.mp4	374230	results
results/libero_pro_full_study_20260825/_diagnostics/warmup6_false_positive/libero_10_fixed_recovery/task_01/carve-full-study-fixed_recovery-libero_10-t1-r2-s7/episode.mp4	386234	results
results/libero_pro_full_study_20260825/_diagnostics/warmup6_false_positive/libero_10_fixed_recovery/task_01/carve-full-study-fixed_recovery-libero_10-t1-r3-s7/episode.mp4	384180	results
results/libero_pro_full_study_20260825/_diagnostics/warmup6_false_positive/libero_10_fixed_recovery/task_01/carve-full-study-fixed_recovery-libero_10-t1-r4-s7/episode.mp4	384429	results
results/libero_pro_full_study_20260825/_diagnostics/warmup6_false_positive/libero_10_fixed_recovery/task_01/carve-full-study-fixed_recovery-libero_10-t1-r5-s7/episode.mp4	372331	results
results/libero_pro_full_study_20260825/_diagnostics/warmup6_false_positive/libero_10_fixed_recovery/task_01/carve-full-study-fixed_recovery-libero_10-t1-r6-s7/episode.mp4	394599	results
results/libero_pro_full_study_20260825/_diagnostics/warmup6_false_positive/libero_10_fixed_recovery/task_01/carve-full-study-fixed_recovery-libero_10-t1-r7-s7/episode.mp4	378454	results
results/libero_pro_full_study_20260825/_diagnostics/warmup6_false_positive/libero_10_fixed_recovery/task_01/carve-full-study-fixed_recovery-libero_10-t1-r8-s7/episode.mp4	369603	results
results/libero_pro_full_study_20260825/_diagnostics/warmup6_false_positive/libero_10_fixed_recovery/task_01/carve-full-study-fixed_recovery-libero_10-t1-r9-s7/episode.mp4	409531	results
results/libero_pro_full_study_20260825/_diagnostics/warmup6_false_positive/libero_10_fixed_recovery/task_02/carve-full-study-fixed_recovery-libero_10-t2-r0-s7/episode.mp4	320135	results
results/libero_pro_full_study_20260825/_diagnostics/warmup6_false_positive/libero_10_fixed_recovery/task_02/carve-full-study-fixed_recovery-libero_10-t2-r1-s7/episode.mp4	408305	results
results/libero_pro_full_study_20260825/_diagnostics/warmup6_false_positive/libero_10_fixed_recovery/task_02/carve-full-study-fixed_recovery-libero_10-t2-r2-s7/episode.mp4	382899	results
results/libero_pro_full_study_20260825/_diagnostics/warmup6_false_positive/libero_10_fixed_recovery/task_02/carve-full-study-fixed_recovery-libero_10-t2-r3-s7/episode.mp4	26271	results
results/libero_pro_full_study_20260825/_diagnostics/warmup6_false_positive/libero_10_fixed_recovery/task_02/carve-full-study-fixed_recovery-libero_10-t2-r4-s7/episode.mp4	323880	results
results/libero_pro_full_study_20260825/_diagnostics/warmup6_false_positive/libero_10_fixed_recovery/task_02/carve-full-study-fixed_recovery-libero_10-t2-r5-s7/episode.mp4	27064	results
results/libero_pro_full_study_20260825/_diagnostics/warmup6_false_positive/libero_10_fixed_recovery/task_02/carve-full-study-fixed_recovery-libero_10-t2-r6-s7/episode.mp4	385407	results
results/libero_pro_full_study_20260825/_diagnostics/warmup6_false_positive/libero_10_fixed_recovery/task_02/carve-full-study-fixed_recovery-libero_10-t2-r7-s7/episode.mp4	26773	results
results/libero_pro_full_study_20260825/_diagnostics/warmup6_false_positive/libero_10_fixed_recovery/task_02/carve-full-study-fixed_recovery-libero_10-t2-r8-s7/episode.mp4	343783	results
results/libero_pro_full_study_20260825/_diagnostics/warmup6_false_positive/libero_10_fixed_recovery/task_02/carve-full-study-fixed_recovery-libero_10-t2-r9-s7/episode.mp4	446802	results
results/libero_pro_full_study_20260825/_diagnostics/warmup6_false_positive/libero_10_fixed_recovery/task_03/carve-full-study-fixed_recovery-libero_10-t3-r0-s7/episode.mp4	319786	results
results/libero_pro_full_study_20260825/_diagnostics/warmup6_false_positive/libero_10_fixed_recovery/task_03/carve-full-study-fixed_recovery-libero_10-t3-r1-s7/episode.mp4	307642	results
results/libero_pro_full_study_20260825/_diagnostics/warmup6_false_positive/libero_10_fixed_recovery/task_03/carve-full-study-fixed_recovery-libero_10-t3-r2-s7/episode.mp4	493245	results
results/libero_pro_full_study_20260825/_diagnostics/warmup6_false_positive/libero_10_fixed_recovery/task_03/carve-full-study-fixed_recovery-libero_10-t3-r3-s7/episode.mp4	297545	results
results/libero_pro_full_study_20260825/_diagnostics/warmup60_pre_recovery_monitor_reset/libero_10_fixed_recovery/task_00/carve-full-study-fixed_recovery-libero_10-t0-r0-s7/episode.mp4	305688	results
results/libero_pro_full_study_20260825/_diagnostics/warmup60_pre_recovery_monitor_reset/libero_10_fixed_recovery/task_00/carve-full-study-fixed_recovery-libero_10-t0-r1-s7/episode.mp4	312061	results
results/libero_pro_full_study_20260825/_diagnostics/warmup60_pre_recovery_monitor_reset/libero_10_fixed_recovery/task_00/carve-full-study-fixed_recovery-libero_10-t0-r2-s7/episode.mp4	316368	results
results/libero_pro_full_study_20260825/_diagnostics/warmup60_pre_recovery_monitor_reset/libero_10_fixed_recovery/task_00/carve-full-study-fixed_recovery-libero_10-t0-r3-s7/episode.mp4	346307	results
results/libero_pro_full_study_20260825/_diagnostics/warmup60_pre_recovery_monitor_reset/libero_10_fixed_recovery/task_00/carve-full-study-fixed_recovery-libero_10-t0-r4-s7/episode.mp4	363978	results
results/libero_pro_full_study_20260825/_diagnostics/warmup60_pre_recovery_monitor_reset/libero_10_fixed_recovery/task_00/carve-full-study-fixed_recovery-libero_10-t0-r5-s7/episode.mp4	333911	results
results/libero_pro_full_study_20260825/_diagnostics/warmup60_pre_recovery_monitor_reset/libero_10_fixed_recovery/task_00/carve-full-study-fixed_recovery-libero_10-t0-r6-s7/episode.mp4	375833	results
results/libero_pro_full_study_20260825/_diagnostics/warmup60_pre_recovery_monitor_reset/libero_10_fixed_recovery/task_00/carve-full-study-fixed_recovery-libero_10-t0-r7-s7/episode.mp4	297674	results
results/libero_pro_full_study_20260825/_diagnostics/warmup60_pre_recovery_monitor_reset/libero_10_fixed_recovery/task_00/carve-full-study-fixed_recovery-libero_10-t0-r8-s7/episode.mp4	304910	results
results/libero_pro_full_study_20260825/_diagnostics/warmup60_pre_recovery_monitor_reset/libero_10_fixed_recovery/task_00/carve-full-study-fixed_recovery-libero_10-t0-r9-s7/episode.mp4	292328	results
results/libero_pro_full_study_20260825/_diagnostics/warmup60_pre_recovery_monitor_reset/libero_10_fixed_recovery/task_01/carve-full-study-fixed_recovery-libero_10-t1-r0-s7/episode.mp4	404854	results
results/libero_pro_full_study_20260825/_diagnostics/warmup60_pre_recovery_monitor_reset/libero_10_fixed_recovery/task_01/carve-full-study-fixed_recovery-libero_10-t1-r1-s7/episode.mp4	374230	results
results/libero_pro_full_study_20260825/_diagnostics/warmup60_pre_recovery_monitor_reset/libero_10_fixed_recovery/task_01/carve-full-study-fixed_recovery-libero_10-t1-r2-s7/episode.mp4	386234	results
results/libero_pro_full_study_20260825/_diagnostics/warmup60_pre_recovery_monitor_reset/libero_10_fixed_recovery/task_01/carve-full-study-fixed_recovery-libero_10-t1-r3-s7/episode.mp4	384180	results
results/libero_pro_full_study_20260825/_diagnostics/warmup60_pre_recovery_monitor_reset/libero_10_fixed_recovery/task_01/carve-full-study-fixed_recovery-libero_10-t1-r4-s7/episode.mp4	384429	results
results/libero_pro_full_study_20260825/_diagnostics/warmup60_pre_recovery_monitor_reset/libero_10_fixed_recovery/task_01/carve-full-study-fixed_recovery-libero_10-t1-r5-s7/episode.mp4	372331	results
results/libero_pro_full_study_20260825/_diagnostics/warmup60_pre_recovery_monitor_reset/libero_10_fixed_recovery/task_01/carve-full-study-fixed_recovery-libero_10-t1-r6-s7/episode.mp4	394599	results
results/libero_pro_full_study_20260825/_diagnostics/warmup60_pre_recovery_monitor_reset/libero_10_fixed_recovery/task_01/carve-full-study-fixed_recovery-libero_10-t1-r7-s7/episode.mp4	378454	results
results/libero_pro_full_study_20260825/_diagnostics/warmup60_pre_recovery_monitor_reset/libero_10_fixed_recovery/task_01/carve-full-study-fixed_recovery-libero_10-t1-r8-s7/episode.mp4	369603	results
results/libero_pro_full_study_20260825/_diagnostics/warmup60_pre_recovery_monitor_reset/libero_10_fixed_recovery/task_01/carve-full-study-fixed_recovery-libero_10-t1-r9-s7/episode.mp4	409531	results
results/libero_pro_full_study_20260825/_diagnostics/warmup60_pre_recovery_monitor_reset/libero_10_fixed_recovery/task_02/carve-full-study-fixed_recovery-libero_10-t2-r0-s7/episode.mp4	320135	results
results/libero_pro_full_study_20260825/_diagnostics/warmup60_pre_recovery_monitor_reset/libero_10_fixed_recovery/task_02/carve-full-study-fixed_recovery-libero_10-t2-r1-s7/episode.mp4	408305	results
results/libero_pro_full_study_20260825/_diagnostics/warmup60_pre_recovery_monitor_reset/libero_10_fixed_recovery/task_02/carve-full-study-fixed_recovery-libero_10-t2-r2-s7/episode.mp4	382899	results
results/libero_pro_full_study_20260825/_diagnostics/warmup60_pre_recovery_monitor_reset/libero_10_fixed_recovery/task_02/carve-full-study-fixed_recovery-libero_10-t2-r3-s7/episode.mp4	383363	results
results/libero_pro_full_study_20260825/_diagnostics/warmup60_pre_recovery_monitor_reset/libero_10_fixed_recovery/task_02/carve-full-study-fixed_recovery-libero_10-t2-r4-s7/episode.mp4	323880	results
results/libero_pro_full_study_20260825/_diagnostics/warmup60_pre_recovery_monitor_reset/libero_10_fixed_recovery/task_02/carve-full-study-fixed_recovery-libero_10-t2-r5-s7/episode.mp4	333566	results
results/libero_pro_full_study_20260825/_diagnostics/warmup60_pre_recovery_monitor_reset/libero_10_fixed_recovery/task_02/carve-full-study-fixed_recovery-libero_10-t2-r6-s7/episode.mp4	385407	results
results/libero_pro_full_study_20260825/_diagnostics/warmup60_pre_recovery_monitor_reset/libero_10_fixed_recovery/task_02/carve-full-study-fixed_recovery-libero_10-t2-r7-s7/episode.mp4	346593	results
results/libero_pro_full_study_20260825/_diagnostics/warmup60_pre_recovery_monitor_reset/libero_10_fixed_recovery/task_02/carve-full-study-fixed_recovery-libero_10-t2-r8-s7/episode.mp4	343783	results
results/libero_pro_full_study_20260825/_diagnostics/warmup60_pre_recovery_monitor_reset/libero_10_fixed_recovery/task_02/carve-full-study-fixed_recovery-libero_10-t2-r9-s7/episode.mp4	446802	results
results/libero_pro_full_study_20260825/_diagnostics/warmup60_pre_recovery_monitor_reset/libero_10_fixed_recovery/task_03/carve-full-study-fixed_recovery-libero_10-t3-r0-s7/episode.mp4	319786	results
results/libero_pro_full_study_20260825/_diagnostics/warmup60_pre_recovery_monitor_reset/libero_10_fixed_recovery/task_03/carve-full-study-fixed_recovery-libero_10-t3-r1-s7/episode.mp4	307642	results
results/libero_pro_full_study_20260825/_diagnostics/warmup60_pre_recovery_monitor_reset/libero_10_fixed_recovery/task_03/carve-full-study-fixed_recovery-libero_10-t3-r2-s7/episode.mp4	493245	results
results/libero_pro_full_study_20260825/_diagnostics/warmup60_pre_recovery_monitor_reset/libero_10_fixed_recovery/task_03/carve-full-study-fixed_recovery-libero_10-t3-r3-s7/episode.mp4	297545	results
results/libero_pro_full_study_20260825/_diagnostics/warmup60_pre_recovery_monitor_reset/libero_10_fixed_recovery/task_03/carve-full-study-fixed_recovery-libero_10-t3-r4-s7/episode.mp4	332781	results
results/libero_pro_full_study_20260825/_diagnostics/warmup60_pre_recovery_monitor_reset/libero_10_fixed_recovery/task_03/carve-full-study-fixed_recovery-libero_10-t3-r5-s7/episode.mp4	367327	results
results/libero_pro_full_study_20260825/_diagnostics/warmup60_pre_recovery_monitor_reset/libero_10_fixed_recovery/task_03/carve-full-study-fixed_recovery-libero_10-t3-r6-s7/episode.mp4	316637	results
results/libero_pro_full_study_20260825/_diagnostics/warmup60_pre_recovery_monitor_reset/libero_10_fixed_recovery/task_03/carve-full-study-fixed_recovery-libero_10-t3-r7-s7/episode.mp4	334360	results
results/libero_pro_full_study_20260825/_diagnostics/warmup60_pre_recovery_monitor_reset/libero_10_fixed_recovery/task_03/carve-full-study-fixed_recovery-libero_10-t3-r8-s7/episode.mp4	331211	results
results/libero_pro_full_study_20260825/_diagnostics/warmup60_pre_recovery_monitor_reset/libero_10_fixed_recovery/task_03/carve-full-study-fixed_recovery-libero_10-t3-r9-s7/episode.mp4	303082	results
results/libero_pro_full_study_20260825/_diagnostics/warmup60_pre_recovery_monitor_reset/libero_10_fixed_recovery/task_04/carve-full-study-fixed_recovery-libero_10-t4-r0-s7/episode.mp4	294352	results
results/libero_pro_full_study_20260825/_diagnostics/warmup60_pre_recovery_monitor_reset/libero_10_fixed_recovery/task_04/carve-full-study-fixed_recovery-libero_10-t4-r1-s7/episode.mp4	161728	results
results/libero_pro_full_study_20260825/_diagnostics/warmup60_pre_recovery_monitor_reset/libero_10_fixed_recovery/task_04/carve-full-study-fixed_recovery-libero_10-t4-r2-s7/episode.mp4	289061	results
results/libero_pro_full_study_20260825/_diagnostics/warmup60_pre_recovery_monitor_reset/libero_10_fixed_recovery/task_04/carve-full-study-fixed_recovery-libero_10-t4-r3-s7/episode.mp4	297005	results
results/libero_pro_full_study_20260825/_diagnostics/warmup60_pre_recovery_monitor_reset/libero_10_fixed_recovery/task_04/carve-full-study-fixed_recovery-libero_10-t4-r4-s7/episode.mp4	318399	results
results/libero_pro_full_study_20260825/_diagnostics/warmup60_pre_recovery_monitor_reset/libero_10_fixed_recovery/task_04/carve-full-study-fixed_recovery-libero_10-t4-r5-s7/episode.mp4	293745	results
results/libero_pro_full_study_20260825/_diagnostics/warmup60_pre_recovery_monitor_reset/libero_10_fixed_recovery/task_04/carve-full-study-fixed_recovery-libero_10-t4-r6-s7/episode.mp4	294589	results
results/libero_pro_full_study_20260825/_diagnostics/warmup60_pre_recovery_monitor_reset/libero_10_fixed_recovery/task_04/carve-full-study-fixed_recovery-libero_10-t4-r7-s7/episode.mp4	312846	results
results/libero_pro_full_study_20260825/_diagnostics/warmup60_pre_recovery_monitor_reset/libero_10_fixed_recovery/task_04/carve-full-study-fixed_recovery-libero_10-t4-r8-s7/episode.mp4	295518	results
results/libero_pro_full_study_20260825/_diagnostics/warmup60_pre_recovery_monitor_reset/libero_10_fixed_recovery/task_04/carve-full-study-fixed_recovery-libero_10-t4-r9-s7/episode.mp4	302430	results
results/libero_pro_full_study_20260825/_diagnostics/warmup60_pre_recovery_monitor_reset/libero_10_fixed_recovery/task_05/carve-full-study-fixed_recovery-libero_10-t5-r0-s7/episode.mp4	203592	results
results/libero_pro_full_study_20260825/_diagnostics/warmup60_pre_recovery_monitor_reset/libero_10_fixed_recovery/task_05/carve-full-study-fixed_recovery-libero_10-t5-r1-s7/episode.mp4	240362	results
results/libero_pro_full_study_20260825/_diagnostics/warmup60_pre_recovery_monitor_reset/libero_10_fixed_recovery/task_05/carve-full-study-fixed_recovery-libero_10-t5-r2-s7/episode.mp4	178252	results
results/libero_pro_full_study_20260825/_diagnostics/warmup60_pre_recovery_monitor_reset/libero_10_fixed_recovery/task_05/carve-full-study-fixed_recovery-libero_10-t5-r3-s7/episode.mp4	195151	results
results/libero_pro_full_study_20260825/_diagnostics/warmup60_pre_recovery_monitor_reset/libero_10_fixed_recovery/task_05/carve-full-study-fixed_recovery-libero_10-t5-r4-s7/episode.mp4	198867	results
results/libero_pro_full_study_20260825/_diagnostics/warmup60_pre_recovery_monitor_reset/libero_10_fixed_recovery/task_05/carve-full-study-fixed_recovery-libero_10-t5-r5-s7/episode.mp4	191856	results
results/libero_pro_full_study_20260825/_diagnostics/warmup60_pre_recovery_monitor_reset/libero_10_fixed_recovery/task_05/carve-full-study-fixed_recovery-libero_10-t5-r6-s7/episode.mp4	192067	results
results/libero_pro_full_study_20260825/_diagnostics/warmup60_pre_recovery_monitor_reset/libero_10_fixed_recovery/task_05/carve-full-study-fixed_recovery-libero_10-t5-r7-s7/episode.mp4	207928	results
results/libero_pro_full_study_20260825/_diagnostics/warmup60_pre_recovery_monitor_reset/libero_10_fixed_recovery/task_05/carve-full-study-fixed_recovery-libero_10-t5-r8-s7/episode.mp4	171609	results
results/libero_pro_full_study_20260825/_diagnostics/warmup60_pre_recovery_monitor_reset/libero_10_fixed_recovery/task_05/carve-full-study-fixed_recovery-libero_10-t5-r9-s7/episode.mp4	189205	results
results/libero_pro_full_study_20260825/_diagnostics/warmup60_pre_recovery_monitor_reset/libero_10_fixed_recovery/task_06/carve-full-study-fixed_recovery-libero_10-t6-r0-s7/episode.mp4	318934	results
results/libero_pro_full_study_20260825/_diagnostics/warmup60_pre_recovery_monitor_reset/libero_10_fixed_recovery/task_06/carve-full-study-fixed_recovery-libero_10-t6-r1-s7/episode.mp4	368719	results
results/libero_pro_full_study_20260825/_diagnostics/warmup60_pre_recovery_monitor_reset/libero_10_fixed_recovery/task_06/carve-full-study-fixed_recovery-libero_10-t6-r2-s7/episode.mp4	327272	results
results/libero_pro_full_study_20260825/_diagnostics/warmup60_pre_recovery_monitor_reset/libero_10_fixed_recovery/task_06/carve-full-study-fixed_recovery-libero_10-t6-r3-s7/episode.mp4	345865	results
results/libero_pro_full_study_20260825/_diagnostics/warmup60_pre_recovery_monitor_reset/libero_10_fixed_recovery/task_06/carve-full-study-fixed_recovery-libero_10-t6-r4-s7/episode.mp4	331359	results
results/libero_pro_full_study_20260825/_diagnostics/warmup60_pre_recovery_monitor_reset/libero_10_fixed_recovery/task_06/carve-full-study-fixed_recovery-libero_10-t6-r5-s7/episode.mp4	360265	results
results/libero_pro_full_study_20260825/_diagnostics/warmup60_pre_recovery_monitor_reset/libero_10_fixed_recovery/task_06/carve-full-study-fixed_recovery-libero_10-t6-r6-s7/episode.mp4	358753	results
results/libero_pro_full_study_20260825/_diagnostics/warmup60_pre_recovery_monitor_reset/libero_10_fixed_recovery/task_06/carve-full-study-fixed_recovery-libero_10-t6-r7-s7/episode.mp4	352257	results
results/libero_pro_full_study_20260825/_diagnostics/warmup60_pre_recovery_monitor_reset/libero_10_fixed_recovery/task_06/carve-full-study-fixed_recovery-libero_10-t6-r8-s7/episode.mp4	349329	results
results/libero_pro_full_study_20260825/_diagnostics/warmup60_pre_recovery_monitor_reset/libero_10_fixed_recovery/task_06/carve-full-study-fixed_recovery-libero_10-t6-r9-s7/episode.mp4	325590	results
results/libero_pro_full_study_20260825/_diagnostics/warmup60_pre_recovery_monitor_reset/libero_10_fixed_recovery/task_07/carve-full-study-fixed_recovery-libero_10-t7-r0-s7/episode.mp4	353376	results
results/libero_pro_full_study_20260825/_diagnostics/warmup60_pre_recovery_monitor_reset/libero_10_fixed_recovery/task_07/carve-full-study-fixed_recovery-libero_10-t7-r1-s7/episode.mp4	403466	results
results/libero_pro_full_study_20260825/_diagnostics/warmup60_pre_recovery_monitor_reset/libero_10_fixed_recovery/task_07/carve-full-study-fixed_recovery-libero_10-t7-r2-s7/episode.mp4	329259	results
results/libero_pro_full_study_20260825/_diagnostics/warmup60_pre_recovery_monitor_reset/libero_10_fixed_recovery/task_07/carve-full-study-fixed_recovery-libero_10-t7-r3-s7/episode.mp4	372212	results
results/libero_pro_full_study_20260825/_diagnostics/warmup60_pre_recovery_monitor_reset/libero_10_fixed_recovery/task_07/carve-full-study-fixed_recovery-libero_10-t7-r4-s7/episode.mp4	144205	results
results/libero_pro_full_study_20260825/_diagnostics/warmup60_pre_recovery_monitor_reset/libero_10_fixed_recovery/task_07/carve-full-study-fixed_recovery-libero_10-t7-r5-s7/episode.mp4	369027	results
results/libero_pro_full_study_20260825/_diagnostics/warmup60_pre_recovery_monitor_reset/libero_10_fixed_recovery/task_07/carve-full-study-fixed_recovery-libero_10-t7-r6-s7/episode.mp4	372003	results
results/libero_pro_full_study_20260825/_diagnostics/warmup60_pre_recovery_monitor_reset/libero_10_fixed_recovery/task_07/carve-full-study-fixed_recovery-libero_10-t7-r7-s7/episode.mp4	313859	results
results/libero_pro_full_study_20260825/_diagnostics/warmup60_pre_recovery_monitor_reset/libero_10_fixed_recovery/task_07/carve-full-study-fixed_recovery-libero_10-t7-r8-s7/episode.mp4	398787	results
results/libero_pro_full_study_20260825/_diagnostics/warmup60_pre_recovery_monitor_reset/libero_10_fixed_recovery/task_07/carve-full-study-fixed_recovery-libero_10-t7-r9-s7/episode.mp4	332912	results
results/libero_pro_full_study_20260825/_diagnostics/warmup60_pre_recovery_monitor_reset/libero_10_fixed_recovery/task_08/carve-full-study-fixed_recovery-libero_10-t8-r0-s7/episode.mp4	547135	results
results/libero_pro_full_study_20260825/_diagnostics/warmup60_pre_recovery_monitor_reset/libero_10_fixed_recovery/task_08/carve-full-study-fixed_recovery-libero_10-t8-r1-s7/episode.mp4	493988	results
results/libero_pro_full_study_20260825/_diagnostics/warmup60_pre_recovery_monitor_reset/libero_10_fixed_recovery/task_08/carve-full-study-fixed_recovery-libero_10-t8-r2-s7/episode.mp4	432210	results
results/libero_pro_full_study_20260825/libero_10_object/agentic/task_00/carve-full-study-agentic-libero_10_object-t0-r0-s7/episode.mp4	458374	results
results/libero_pro_full_study_20260825/libero_10_object/agentic/task_00/carve-full-study-agentic-libero_10_object-t0-r1-s7/episode.mp4	719038	results
results/libero_pro_full_study_20260825/libero_10_object/agentic/task_00/carve-full-study-agentic-libero_10_object-t0-r2-s7/episode.mp4	466422	results
results/libero_pro_full_study_20260825/libero_10_object/agentic/task_00/carve-full-study-agentic-libero_10_object-t0-r3-s7/episode.mp4	505057	results
results/libero_pro_full_study_20260825/libero_10_object/agentic/task_00/carve-full-study-agentic-libero_10_object-t0-r4-s7/episode.mp4	645046	results
results/libero_pro_full_study_20260825/libero_10_object/agentic/task_00/carve-full-study-agentic-libero_10_object-t0-r5-s7/episode.mp4	655989	results
results/libero_pro_full_study_20260825/libero_10_object/agentic/task_00/carve-full-study-agentic-libero_10_object-t0-r6-s7/episode.mp4	734996	results
results/libero_pro_full_study_20260825/libero_10_object/agentic/task_00/carve-full-study-agentic-libero_10_object-t0-r7-s7/episode.mp4	607389	results
results/libero_pro_full_study_20260825/libero_10_object/agentic/task_00/carve-full-study-agentic-libero_10_object-t0-r8-s7/episode.mp4	481157	results
results/libero_pro_full_study_20260825/libero_10_object/agentic/task_00/carve-full-study-agentic-libero_10_object-t0-r9-s7/episode.mp4	771864	results
results/libero_pro_full_study_20260825/libero_10_object/agentic/task_01/carve-full-study-agentic-libero_10_object-t1-r0-s7/episode.mp4	383721	results
results/libero_pro_full_study_20260825/libero_10_object/agentic/task_01/carve-full-study-agentic-libero_10_object-t1-r1-s7/episode.mp4	393561	results
results/libero_pro_full_study_20260825/libero_10_object/agentic/task_01/carve-full-study-agentic-libero_10_object-t1-r2-s7/episode.mp4	372526	results
results/libero_pro_full_study_20260825/libero_10_object/agentic/task_01/carve-full-study-agentic-libero_10_object-t1-r3-s7/episode.mp4	375362	results
results/libero_pro_full_study_20260825/libero_10_object/agentic/task_01/carve-full-study-agentic-libero_10_object-t1-r4-s7/episode.mp4	390062	results
results/libero_pro_full_study_20260825/libero_10_object/agentic/task_01/carve-full-study-agentic-libero_10_object-t1-r5-s7/episode.mp4	392653	results
results/libero_pro_full_study_20260825/libero_10_object/agentic/task_01/carve-full-study-agentic-libero_10_object-t1-r6-s7/episode.mp4	407685	results
results/libero_pro_full_study_20260825/libero_10_object/agentic/task_01/carve-full-study-agentic-libero_10_object-t1-r7-s7/episode.mp4	411108	results
results/libero_pro_full_study_20260825/libero_10_object/agentic/task_01/carve-full-study-agentic-libero_10_object-t1-r8-s7/episode.mp4	417015	results
results/libero_pro_full_study_20260825/libero_10_object/agentic/task_01/carve-full-study-agentic-libero_10_object-t1-r9-s7/episode.mp4	399682	results
results/libero_pro_full_study_20260825/libero_10_object/agentic/task_02/carve-full-study-agentic-libero_10_object-t2-r0-s7/episode.mp4	313842	results
results/libero_pro_full_study_20260825/libero_10_object/agentic/task_02/carve-full-study-agentic-libero_10_object-t2-r1-s7/episode.mp4	337230	results
results/libero_pro_full_study_20260825/libero_10_object/agentic/task_02/carve-full-study-agentic-libero_10_object-t2-r2-s7/episode.mp4	354253	results
results/libero_pro_full_study_20260825/libero_10_object/agentic/task_02/carve-full-study-agentic-libero_10_object-t2-r3-s7/episode.mp4	832153	results
results/libero_pro_full_study_20260825/libero_10_object/agentic/task_02/carve-full-study-agentic-libero_10_object-t2-r4-s7/episode.mp4	377316	results
results/libero_pro_full_study_20260825/libero_10_object/agentic/task_02/carve-full-study-agentic-libero_10_object-t2-r5-s7/episode.mp4	319986	results
results/libero_pro_full_study_20260825/libero_10_object/agentic/task_02/carve-full-study-agentic-libero_10_object-t2-r6-s7/episode.mp4	346824	results
results/libero_pro_full_study_20260825/libero_10_object/agentic/task_02/carve-full-study-agentic-libero_10_object-t2-r7-s7/episode.mp4	336142	results
results/libero_pro_full_study_20260825/libero_10_object/agentic/task_02/carve-full-study-agentic-libero_10_object-t2-r8-s7/episode.mp4	342409	results
results/libero_pro_full_study_20260825/libero_10_object/agentic/task_02/carve-full-study-agentic-libero_10_object-t2-r9-s7/episode.mp4	332251	results
results/libero_pro_full_study_20260825/libero_10_object/agentic/task_03/carve-full-study-agentic-libero_10_object-t3-r0-s7/episode.mp4	313753	results
results/libero_pro_full_study_20260825/libero_10_object/agentic/task_03/carve-full-study-agentic-libero_10_object-t3-r1-s7/episode.mp4	345618	results
results/libero_pro_full_study_20260825/libero_10_object/agentic/task_03/carve-full-study-agentic-libero_10_object-t3-r2-s7/episode.mp4	315553	results
results/libero_pro_full_study_20260825/libero_10_object/agentic/task_03/carve-full-study-agentic-libero_10_object-t3-r3-s7/episode.mp4	308340	results
results/libero_pro_full_study_20260825/libero_10_object/agentic/task_03/carve-full-study-agentic-libero_10_object-t3-r4-s7/episode.mp4	309156	results
results/libero_pro_full_study_20260825/libero_10_object/agentic/task_03/carve-full-study-agentic-libero_10_object-t3-r5-s7/episode.mp4	533133	results
results/libero_pro_full_study_20260825/libero_10_object/agentic/task_03/carve-full-study-agentic-libero_10_object-t3-r6-s7/episode.mp4	327653	results
results/libero_pro_full_study_20260825/libero_10_object/agentic/task_03/carve-full-study-agentic-libero_10_object-t3-r7-s7/episode.mp4	320342	results
results/libero_pro_full_study_20260825/libero_10_object/agentic/task_03/carve-full-study-agentic-libero_10_object-t3-r8-s7/episode.mp4	305595	results
results/libero_pro_full_study_20260825/libero_10_object/agentic/task_03/carve-full-study-agentic-libero_10_object-t3-r9-s7/episode.mp4	352332	results
results/libero_pro_full_study_20260825/libero_10_object/agentic/task_04/carve-full-study-agentic-libero_10_object-t4-r0-s7/episode.mp4	299601	results
results/libero_pro_full_study_20260825/libero_10_object/agentic/task_04/carve-full-study-agentic-libero_10_object-t4-r1-s7/episode.mp4	294467	results
results/libero_pro_full_study_20260825/libero_10_object/agentic/task_04/carve-full-study-agentic-libero_10_object-t4-r2-s7/episode.mp4	279574	results
results/libero_pro_full_study_20260825/libero_10_object/agentic/task_04/carve-full-study-agentic-libero_10_object-t4-r3-s7/episode.mp4	295246	results
results/libero_pro_full_study_20260825/libero_10_object/agentic/task_04/carve-full-study-agentic-libero_10_object-t4-r4-s7/episode.mp4	303196	results
results/libero_pro_full_study_20260825/libero_10_object/agentic/task_04/carve-full-study-agentic-libero_10_object-t4-r5-s7/episode.mp4	293729	results
results/libero_pro_full_study_20260825/libero_10_object/agentic/task_04/carve-full-study-agentic-libero_10_object-t4-r6-s7/episode.mp4	295324	results
results/libero_pro_full_study_20260825/libero_10_object/agentic/task_04/carve-full-study-agentic-libero_10_object-t4-r7-s7/episode.mp4	288776	results
results/libero_pro_full_study_20260825/libero_10_object/agentic/task_04/carve-full-study-agentic-libero_10_object-t4-r8-s7/episode.mp4	293726	results
results/libero_pro_full_study_20260825/libero_10_object/agentic/task_04/carve-full-study-agentic-libero_10_object-t4-r9-s7/episode.mp4	285549	results
results/libero_pro_full_study_20260825/libero_10_object/agentic/task_05/carve-full-study-agentic-libero_10_object-t5-r0-s7/episode.mp4	246666	results
results/libero_pro_full_study_20260825/libero_10_object/agentic/task_05/carve-full-study-agentic-libero_10_object-t5-r1-s7/episode.mp4	594655	results
results/libero_pro_full_study_20260825/libero_10_object/agentic/task_05/carve-full-study-agentic-libero_10_object-t5-r2-s7/episode.mp4	277604	results
results/libero_pro_full_study_20260825/libero_10_object/agentic/task_05/carve-full-study-agentic-libero_10_object-t5-r3-s7/episode.mp4	276853	results
results/libero_pro_full_study_20260825/libero_10_object/agentic/task_05/carve-full-study-agentic-libero_10_object-t5-r4-s7/episode.mp4	239983	results
results/libero_pro_full_study_20260825/libero_10_object/agentic/task_05/carve-full-study-agentic-libero_10_object-t5-r5-s7/episode.mp4	296841	results
results/libero_pro_full_study_20260825/libero_10_object/agentic/task_05/carve-full-study-agentic-libero_10_object-t5-r6-s7/episode.mp4	241692	results
results/libero_pro_full_study_20260825/libero_10_object/agentic/task_05/carve-full-study-agentic-libero_10_object-t5-r7-s7/episode.mp4	298462	results
results/libero_pro_full_study_20260825/libero_10_object/agentic/task_05/carve-full-study-agentic-libero_10_object-t5-r8-s7/episode.mp4	424636	results
results/libero_pro_full_study_20260825/libero_10_object/agentic/task_05/carve-full-study-agentic-libero_10_object-t5-r9-s7/episode.mp4	286860	results
results/libero_pro_full_study_20260825/libero_10_object/agentic/task_06/carve-full-study-agentic-libero_10_object-t6-r0-s7/episode.mp4	333738	results
results/libero_pro_full_study_20260825/libero_10_object/agentic/task_06/carve-full-study-agentic-libero_10_object-t6-r1-s7/episode.mp4	614891	results
results/libero_pro_full_study_20260825/libero_10_object/agentic/task_06/carve-full-study-agentic-libero_10_object-t6-r2-s7/episode.mp4	344586	results
results/libero_pro_full_study_20260825/libero_10_object/agentic/task_06/carve-full-study-agentic-libero_10_object-t6-r3-s7/episode.mp4	350387	results
results/libero_pro_full_study_20260825/libero_10_object/agentic/task_06/carve-full-study-agentic-libero_10_object-t6-r4-s7/episode.mp4	328986	results
results/libero_pro_full_study_20260825/libero_10_object/agentic/task_06/carve-full-study-agentic-libero_10_object-t6-r5-s7/episode.mp4	367369	results
results/libero_pro_full_study_20260825/libero_10_object/agentic/task_06/carve-full-study-agentic-libero_10_object-t6-r6-s7/episode.mp4	322504	results
results/libero_pro_full_study_20260825/libero_10_object/agentic/task_06/carve-full-study-agentic-libero_10_object-t6-r7-s7/episode.mp4	326792	results
results/libero_pro_full_study_20260825/libero_10_object/agentic/task_06/carve-full-study-agentic-libero_10_object-t6-r8-s7/episode.mp4	325414	results
results/libero_pro_full_study_20260825/libero_10_object/agentic/task_06/carve-full-study-agentic-libero_10_object-t6-r9-s7/episode.mp4	367507	results
results/libero_pro_full_study_20260825/libero_10_object/agentic/task_07/carve-full-study-agentic-libero_10_object-t7-r0-s7/episode.mp4	645235	results
results/libero_pro_full_study_20260825/libero_10_object/agentic/task_07/carve-full-study-agentic-libero_10_object-t7-r1-s7/episode.mp4	652359	results
results/libero_pro_full_study_20260825/libero_10_object/agentic/task_07/carve-full-study-agentic-libero_10_object-t7-r2-s7/episode.mp4	735357	results
results/libero_pro_full_study_20260825/libero_10_object/agentic/task_07/carve-full-study-agentic-libero_10_object-t7-r3-s7/episode.mp4	575710	results
results/libero_pro_full_study_20260825/libero_10_object/agentic/task_07/carve-full-study-agentic-libero_10_object-t7-r4-s7/episode.mp4	450874	results
results/libero_pro_full_study_20260825/libero_10_object/agentic/task_07/carve-full-study-agentic-libero_10_object-t7-r5-s7/episode.mp4	467988	results
results/libero_pro_full_study_20260825/libero_10_object/agentic/task_07/carve-full-study-agentic-libero_10_object-t7-r6-s7/episode.mp4	748132	results
results/libero_pro_full_study_20260825/libero_10_object/agentic/task_07/carve-full-study-agentic-libero_10_object-t7-r7-s7/episode.mp4	514451	results
results/libero_pro_full_study_20260825/libero_10_object/agentic/task_07/carve-full-study-agentic-libero_10_object-t7-r8-s7/episode.mp4	473329	results
results/libero_pro_full_study_20260825/libero_10_object/agentic/task_07/carve-full-study-agentic-libero_10_object-t7-r9-s7/episode.mp4	592204	results
results/libero_pro_full_study_20260825/libero_10_object/agentic/task_08/carve-full-study-agentic-libero_10_object-t8-r0-s7/episode.mp4	560476	results
results/libero_pro_full_study_20260825/libero_10_object/agentic/task_08/carve-full-study-agentic-libero_10_object-t8-r1-s7/episode.mp4	618937	results
results/libero_pro_full_study_20260825/libero_10_object/agentic/task_08/carve-full-study-agentic-libero_10_object-t8-r2-s7/episode.mp4	526048	results
results/libero_pro_full_study_20260825/libero_10_object/agentic/task_08/carve-full-study-agentic-libero_10_object-t8-r3-s7/episode.mp4	595108	results
results/libero_pro_full_study_20260825/libero_10_object/agentic/task_08/carve-full-study-agentic-libero_10_object-t8-r4-s7/episode.mp4	549988	results
results/libero_pro_full_study_20260825/libero_10_object/agentic/task_08/carve-full-study-agentic-libero_10_object-t8-r5-s7/episode.mp4	522542	results
results/libero_pro_full_study_20260825/libero_10_object/agentic/task_08/carve-full-study-agentic-libero_10_object-t8-r6-s7/episode.mp4	551327	results
results/libero_pro_full_study_20260825/libero_10_object/agentic/task_08/carve-full-study-agentic-libero_10_object-t8-r7-s7/episode.mp4	585193	results
results/libero_pro_full_study_20260825/libero_10_object/agentic/task_08/carve-full-study-agentic-libero_10_object-t8-r8-s7/episode.mp4	521076	results
results/libero_pro_full_study_20260825/libero_10_object/agentic/task_08/carve-full-study-agentic-libero_10_object-t8-r9-s7/episode.mp4	595374	results
results/libero_pro_full_study_20260825/libero_10_object/agentic/task_09/carve-full-study-agentic-libero_10_object-t9-r0-s7/episode.mp4	728910	results
results/libero_pro_full_study_20260825/libero_10_object/agentic/task_09/carve-full-study-agentic-libero_10_object-t9-r1-s7/episode.mp4	350516	results
results/libero_pro_full_study_20260825/libero_10_object/agentic/task_09/carve-full-study-agentic-libero_10_object-t9-r2-s7/episode.mp4	455340	results
results/libero_pro_full_study_20260825/libero_10_object/agentic/task_09/carve-full-study-agentic-libero_10_object-t9-r3-s7/episode.mp4	327875	results
results/libero_pro_full_study_20260825/libero_10_object/agentic/task_09/carve-full-study-agentic-libero_10_object-t9-r4-s7/episode.mp4	428865	results
results/libero_pro_full_study_20260825/libero_10_object/agentic/task_09/carve-full-study-agentic-libero_10_object-t9-r5-s7/episode.mp4	370178	results
results/libero_pro_full_study_20260825/libero_10_object/agentic/task_09/carve-full-study-agentic-libero_10_object-t9-r6-s7/episode.mp4	354546	results
results/libero_pro_full_study_20260825/libero_10_object/agentic/task_09/carve-full-study-agentic-libero_10_object-t9-r7-s7/episode.mp4	470260	results
results/libero_pro_full_study_20260825/libero_10_object/agentic/task_09/carve-full-study-agentic-libero_10_object-t9-r8-s7/episode.mp4	678850	results
results/libero_pro_full_study_20260825/libero_10_object/agentic/task_09/carve-full-study-agentic-libero_10_object-t9-r9-s7/episode.mp4	380823	results
results/libero_pro_full_study_20260825/libero_10_object/fixed_recovery/task_00/carve-full-study-fixed_recovery-libero_10_object-t0-r0-s7/episode.mp4	458374	results
results/libero_pro_full_study_20260825/libero_10_object/fixed_recovery/task_00/carve-full-study-fixed_recovery-libero_10_object-t0-r1-s7/episode.mp4	719038	results
results/libero_pro_full_study_20260825/libero_10_object/fixed_recovery/task_00/carve-full-study-fixed_recovery-libero_10_object-t0-r2-s7/episode.mp4	474548	results
results/libero_pro_full_study_20260825/libero_10_object/fixed_recovery/task_00/carve-full-study-fixed_recovery-libero_10_object-t0-r3-s7/episode.mp4	477649	results
results/libero_pro_full_study_20260825/libero_10_object/fixed_recovery/task_00/carve-full-study-fixed_recovery-libero_10_object-t0-r4-s7/episode.mp4	624849	results
results/libero_pro_full_study_20260825/libero_10_object/fixed_recovery/task_00/carve-full-study-fixed_recovery-libero_10_object-t0-r5-s7/episode.mp4	655989	results
results/libero_pro_full_study_20260825/libero_10_object/fixed_recovery/task_00/carve-full-study-fixed_recovery-libero_10_object-t0-r6-s7/episode.mp4	734996	results
results/libero_pro_full_study_20260825/libero_10_object/fixed_recovery/task_00/carve-full-study-fixed_recovery-libero_10_object-t0-r7-s7/episode.mp4	591560	results
results/libero_pro_full_study_20260825/libero_10_object/fixed_recovery/task_00/carve-full-study-fixed_recovery-libero_10_object-t0-r8-s7/episode.mp4	463734	results
results/libero_pro_full_study_20260825/libero_10_object/fixed_recovery/task_00/carve-full-study-fixed_recovery-libero_10_object-t0-r9-s7/episode.mp4	772698	results
results/libero_pro_full_study_20260825/libero_10_object/fixed_recovery/task_01/carve-full-study-fixed_recovery-libero_10_object-t1-r0-s7/episode.mp4	383721	results
results/libero_pro_full_study_20260825/libero_10_object/fixed_recovery/task_01/carve-full-study-fixed_recovery-libero_10_object-t1-r1-s7/episode.mp4	393561	results
results/libero_pro_full_study_20260825/libero_10_object/fixed_recovery/task_01/carve-full-study-fixed_recovery-libero_10_object-t1-r2-s7/episode.mp4	372526	results
results/libero_pro_full_study_20260825/libero_10_object/fixed_recovery/task_01/carve-full-study-fixed_recovery-libero_10_object-t1-r3-s7/episode.mp4	375362	results
results/libero_pro_full_study_20260825/libero_10_object/fixed_recovery/task_01/carve-full-study-fixed_recovery-libero_10_object-t1-r4-s7/episode.mp4	390062	results
results/libero_pro_full_study_20260825/libero_10_object/fixed_recovery/task_01/carve-full-study-fixed_recovery-libero_10_object-t1-r5-s7/episode.mp4	392653	results
results/libero_pro_full_study_20260825/libero_10_object/fixed_recovery/task_01/carve-full-study-fixed_recovery-libero_10_object-t1-r6-s7/episode.mp4	407685	results
results/libero_pro_full_study_20260825/libero_10_object/fixed_recovery/task_01/carve-full-study-fixed_recovery-libero_10_object-t1-r7-s7/episode.mp4	405163	results
results/libero_pro_full_study_20260825/libero_10_object/fixed_recovery/task_01/carve-full-study-fixed_recovery-libero_10_object-t1-r8-s7/episode.mp4	417015	results
results/libero_pro_full_study_20260825/libero_10_object/fixed_recovery/task_01/carve-full-study-fixed_recovery-libero_10_object-t1-r9-s7/episode.mp4	399682	results
results/libero_pro_full_study_20260825/libero_10_object/fixed_recovery/task_02/carve-full-study-fixed_recovery-libero_10_object-t2-r0-s7/episode.mp4	313842	results
results/libero_pro_full_study_20260825/libero_10_object/fixed_recovery/task_02/carve-full-study-fixed_recovery-libero_10_object-t2-r1-s7/episode.mp4	337230	results
results/libero_pro_full_study_20260825/libero_10_object/fixed_recovery/task_02/carve-full-study-fixed_recovery-libero_10_object-t2-r2-s7/episode.mp4	354253	results
results/libero_pro_full_study_20260825/libero_10_object/fixed_recovery/task_02/carve-full-study-fixed_recovery-libero_10_object-t2-r3-s7/episode.mp4	832153	results
results/libero_pro_full_study_20260825/libero_10_object/fixed_recovery/task_02/carve-full-study-fixed_recovery-libero_10_object-t2-r4-s7/episode.mp4	377316	results
results/libero_pro_full_study_20260825/libero_10_object/fixed_recovery/task_02/carve-full-study-fixed_recovery-libero_10_object-t2-r5-s7/episode.mp4	319986	results
results/libero_pro_full_study_20260825/libero_10_object/fixed_recovery/task_02/carve-full-study-fixed_recovery-libero_10_object-t2-r6-s7/episode.mp4	346824	results
results/libero_pro_full_study_20260825/libero_10_object/fixed_recovery/task_02/carve-full-study-fixed_recovery-libero_10_object-t2-r7-s7/episode.mp4	336142	results
results/libero_pro_full_study_20260825/libero_10_object/fixed_recovery/task_02/carve-full-study-fixed_recovery-libero_10_object-t2-r8-s7/episode.mp4	342409	results
results/libero_pro_full_study_20260825/libero_10_object/fixed_recovery/task_02/carve-full-study-fixed_recovery-libero_10_object-t2-r9-s7/episode.mp4	332251	results
results/libero_pro_full_study_20260825/libero_10_object/fixed_recovery/task_03/carve-full-study-fixed_recovery-libero_10_object-t3-r0-s7/episode.mp4	313753	results
results/libero_pro_full_study_20260825/libero_10_object/fixed_recovery/task_03/carve-full-study-fixed_recovery-libero_10_object-t3-r1-s7/episode.mp4	345618	results
results/libero_pro_full_study_20260825/libero_10_object/fixed_recovery/task_03/carve-full-study-fixed_recovery-libero_10_object-t3-r2-s7/episode.mp4	315553	results
results/libero_pro_full_study_20260825/libero_10_object/fixed_recovery/task_03/carve-full-study-fixed_recovery-libero_10_object-t3-r3-s7/episode.mp4	308340	results
results/libero_pro_full_study_20260825/libero_10_object/fixed_recovery/task_03/carve-full-study-fixed_recovery-libero_10_object-t3-r4-s7/episode.mp4	309156	results
results/libero_pro_full_study_20260825/libero_10_object/fixed_recovery/task_03/carve-full-study-fixed_recovery-libero_10_object-t3-r5-s7/episode.mp4	465364	results
results/libero_pro_full_study_20260825/libero_10_object/fixed_recovery/task_03/carve-full-study-fixed_recovery-libero_10_object-t3-r6-s7/episode.mp4	327653	results
results/libero_pro_full_study_20260825/libero_10_object/fixed_recovery/task_03/carve-full-study-fixed_recovery-libero_10_object-t3-r7-s7/episode.mp4	320342	results
results/libero_pro_full_study_20260825/libero_10_object/fixed_recovery/task_03/carve-full-study-fixed_recovery-libero_10_object-t3-r8-s7/episode.mp4	305595	results
results/libero_pro_full_study_20260825/libero_10_object/fixed_recovery/task_03/carve-full-study-fixed_recovery-libero_10_object-t3-r9-s7/episode.mp4	352332	results
results/libero_pro_full_study_20260825/libero_10_object/fixed_recovery/task_04/carve-full-study-fixed_recovery-libero_10_object-t4-r0-s7/episode.mp4	299601	results
results/libero_pro_full_study_20260825/libero_10_object/fixed_recovery/task_04/carve-full-study-fixed_recovery-libero_10_object-t4-r1-s7/episode.mp4	294467	results
results/libero_pro_full_study_20260825/libero_10_object/fixed_recovery/task_04/carve-full-study-fixed_recovery-libero_10_object-t4-r2-s7/episode.mp4	279574	results
results/libero_pro_full_study_20260825/libero_10_object/fixed_recovery/task_04/carve-full-study-fixed_recovery-libero_10_object-t4-r3-s7/episode.mp4	295246	results
results/libero_pro_full_study_20260825/libero_10_object/fixed_recovery/task_04/carve-full-study-fixed_recovery-libero_10_object-t4-r4-s7/episode.mp4	303196	results
results/libero_pro_full_study_20260825/libero_10_object/fixed_recovery/task_04/carve-full-study-fixed_recovery-libero_10_object-t4-r5-s7/episode.mp4	293729	results
results/libero_pro_full_study_20260825/libero_10_object/fixed_recovery/task_04/carve-full-study-fixed_recovery-libero_10_object-t4-r6-s7/episode.mp4	295324	results
results/libero_pro_full_study_20260825/libero_10_object/fixed_recovery/task_04/carve-full-study-fixed_recovery-libero_10_object-t4-r7-s7/episode.mp4	288776	results
results/libero_pro_full_study_20260825/libero_10_object/fixed_recovery/task_04/carve-full-study-fixed_recovery-libero_10_object-t4-r8-s7/episode.mp4	293726	results
results/libero_pro_full_study_20260825/libero_10_object/fixed_recovery/task_04/carve-full-study-fixed_recovery-libero_10_object-t4-r9-s7/episode.mp4	285549	results
results/libero_pro_full_study_20260825/libero_10_object/fixed_recovery/task_05/carve-full-study-fixed_recovery-libero_10_object-t5-r0-s7/episode.mp4	246666	results
results/libero_pro_full_study_20260825/libero_10_object/fixed_recovery/task_05/carve-full-study-fixed_recovery-libero_10_object-t5-r1-s7/episode.mp4	594655	results
results/libero_pro_full_study_20260825/libero_10_object/fixed_recovery/task_05/carve-full-study-fixed_recovery-libero_10_object-t5-r2-s7/episode.mp4	277604	results
results/libero_pro_full_study_20260825/libero_10_object/fixed_recovery/task_05/carve-full-study-fixed_recovery-libero_10_object-t5-r3-s7/episode.mp4	276853	results
results/libero_pro_full_study_20260825/libero_10_object/fixed_recovery/task_05/carve-full-study-fixed_recovery-libero_10_object-t5-r4-s7/episode.mp4	239983	results
results/libero_pro_full_study_20260825/libero_10_object/fixed_recovery/task_05/carve-full-study-fixed_recovery-libero_10_object-t5-r5-s7/episode.mp4	296841	results
results/libero_pro_full_study_20260825/libero_10_object/fixed_recovery/task_05/carve-full-study-fixed_recovery-libero_10_object-t5-r6-s7/episode.mp4	241692	results
results/libero_pro_full_study_20260825/libero_10_object/fixed_recovery/task_05/carve-full-study-fixed_recovery-libero_10_object-t5-r7-s7/episode.mp4	298462	results
results/libero_pro_full_study_20260825/libero_10_object/fixed_recovery/task_05/carve-full-study-fixed_recovery-libero_10_object-t5-r8-s7/episode.mp4	424636	results
results/libero_pro_full_study_20260825/libero_10_object/fixed_recovery/task_05/carve-full-study-fixed_recovery-libero_10_object-t5-r9-s7/episode.mp4	286860	results
results/libero_pro_full_study_20260825/libero_10_object/fixed_recovery/task_06/carve-full-study-fixed_recovery-libero_10_object-t6-r0-s7/episode.mp4	333738	results
results/libero_pro_full_study_20260825/libero_10_object/fixed_recovery/task_06/carve-full-study-fixed_recovery-libero_10_object-t6-r1-s7/episode.mp4	597560	results
results/libero_pro_full_study_20260825/libero_10_object/fixed_recovery/task_06/carve-full-study-fixed_recovery-libero_10_object-t6-r2-s7/episode.mp4	344586	results
results/libero_pro_full_study_20260825/libero_10_object/fixed_recovery/task_06/carve-full-study-fixed_recovery-libero_10_object-t6-r3-s7/episode.mp4	343248	results
results/libero_pro_full_study_20260825/libero_10_object/fixed_recovery/task_06/carve-full-study-fixed_recovery-libero_10_object-t6-r4-s7/episode.mp4	328986	results
results/libero_pro_full_study_20260825/libero_10_object/fixed_recovery/task_06/carve-full-study-fixed_recovery-libero_10_object-t6-r5-s7/episode.mp4	367369	results
results/libero_pro_full_study_20260825/libero_10_object/fixed_recovery/task_06/carve-full-study-fixed_recovery-libero_10_object-t6-r6-s7/episode.mp4	322504	results
results/libero_pro_full_study_20260825/libero_10_object/fixed_recovery/task_06/carve-full-study-fixed_recovery-libero_10_object-t6-r7-s7/episode.mp4	326792	results
results/libero_pro_full_study_20260825/libero_10_object/fixed_recovery/task_06/carve-full-study-fixed_recovery-libero_10_object-t6-r8-s7/episode.mp4	325414	results
results/libero_pro_full_study_20260825/libero_10_object/fixed_recovery/task_06/carve-full-study-fixed_recovery-libero_10_object-t6-r9-s7/episode.mp4	367507	results
results/libero_pro_full_study_20260825/libero_10_object/fixed_recovery/task_07/carve-full-study-fixed_recovery-libero_10_object-t7-r0-s7/episode.mp4	564775	results
results/libero_pro_full_study_20260825/libero_10_object/fixed_recovery/task_07/carve-full-study-fixed_recovery-libero_10_object-t7-r1-s7/episode.mp4	680279	results
results/libero_pro_full_study_20260825/libero_10_object/fixed_recovery/task_07/carve-full-study-fixed_recovery-libero_10_object-t7-r2-s7/episode.mp4	562569	results
results/libero_pro_full_study_20260825/libero_10_object/fixed_recovery/task_07/carve-full-study-fixed_recovery-libero_10_object-t7-r3-s7/episode.mp4	433468	results
results/libero_pro_full_study_20260825/libero_10_object/fixed_recovery/task_07/carve-full-study-fixed_recovery-libero_10_object-t7-r4-s7/episode.mp4	293537	results
results/libero_pro_full_study_20260825/libero_10_object/fixed_recovery/task_07/carve-full-study-fixed_recovery-libero_10_object-t7-r5-s7/episode.mp4	487226	results
results/libero_pro_full_study_20260825/libero_10_object/fixed_recovery/task_07/carve-full-study-fixed_recovery-libero_10_object-t7-r6-s7/episode.mp4	751272	results
results/libero_pro_full_study_20260825/libero_10_object/fixed_recovery/task_07/carve-full-study-fixed_recovery-libero_10_object-t7-r7-s7/episode.mp4	376744	results
results/libero_pro_full_study_20260825/libero_10_object/fixed_recovery/task_07/carve-full-study-fixed_recovery-libero_10_object-t7-r8-s7/episode.mp4	520960	results
results/libero_pro_full_study_20260825/libero_10_object/fixed_recovery/task_07/carve-full-study-fixed_recovery-libero_10_object-t7-r9-s7/episode.mp4	563132	results
results/libero_pro_full_study_20260825/libero_10_object/fixed_recovery/task_08/carve-full-study-fixed_recovery-libero_10_object-t8-r0-s7/episode.mp4	560476	results
results/libero_pro_full_study_20260825/libero_10_object/fixed_recovery/task_08/carve-full-study-fixed_recovery-libero_10_object-t8-r1-s7/episode.mp4	593081	results
results/libero_pro_full_study_20260825/libero_10_object/fixed_recovery/task_08/carve-full-study-fixed_recovery-libero_10_object-t8-r2-s7/episode.mp4	526048	results
results/libero_pro_full_study_20260825/libero_10_object/fixed_recovery/task_08/carve-full-study-fixed_recovery-libero_10_object-t8-r3-s7/episode.mp4	595108	results
results/libero_pro_full_study_20260825/libero_10_object/fixed_recovery/task_08/carve-full-study-fixed_recovery-libero_10_object-t8-r4-s7/episode.mp4	549988	results
results/libero_pro_full_study_20260825/libero_10_object/fixed_recovery/task_08/carve-full-study-fixed_recovery-libero_10_object-t8-r5-s7/episode.mp4	522542	results
results/libero_pro_full_study_20260825/libero_10_object/fixed_recovery/task_08/carve-full-study-fixed_recovery-libero_10_object-t8-r6-s7/episode.mp4	550369	results
results/libero_pro_full_study_20260825/libero_10_object/fixed_recovery/task_08/carve-full-study-fixed_recovery-libero_10_object-t8-r7-s7/episode.mp4	582524	results
results/libero_pro_full_study_20260825/libero_10_object/fixed_recovery/task_08/carve-full-study-fixed_recovery-libero_10_object-t8-r8-s7/episode.mp4	521076	results
results/libero_pro_full_study_20260825/libero_10_object/fixed_recovery/task_08/carve-full-study-fixed_recovery-libero_10_object-t8-r9-s7/episode.mp4	600920	results
results/libero_pro_full_study_20260825/libero_10_object/fixed_recovery/task_09/carve-full-study-fixed_recovery-libero_10_object-t9-r0-s7/episode.mp4	626301	results
results/libero_pro_full_study_20260825/libero_10_object/fixed_recovery/task_09/carve-full-study-fixed_recovery-libero_10_object-t9-r1-s7/episode.mp4	350516	results
results/libero_pro_full_study_20260825/libero_10_object/fixed_recovery/task_09/carve-full-study-fixed_recovery-libero_10_object-t9-r2-s7/episode.mp4	448045	results
results/libero_pro_full_study_20260825/libero_10_object/fixed_recovery/task_09/carve-full-study-fixed_recovery-libero_10_object-t9-r3-s7/episode.mp4	323763	results
results/libero_pro_full_study_20260825/libero_10_object/fixed_recovery/task_09/carve-full-study-fixed_recovery-libero_10_object-t9-r4-s7/episode.mp4	422905	results
results/libero_pro_full_study_20260825/libero_10_object/fixed_recovery/task_09/carve-full-study-fixed_recovery-libero_10_object-t9-r5-s7/episode.mp4	356628	results
results/libero_pro_full_study_20260825/libero_10_object/fixed_recovery/task_09/carve-full-study-fixed_recovery-libero_10_object-t9-r6-s7/episode.mp4	326777	results
results/libero_pro_full_study_20260825/libero_10_object/fixed_recovery/task_09/carve-full-study-fixed_recovery-libero_10_object-t9-r7-s7/episode.mp4	453749	results
results/libero_pro_full_study_20260825/libero_10_object/fixed_recovery/task_09/carve-full-study-fixed_recovery-libero_10_object-t9-r8-s7/episode.mp4	678850	results
results/libero_pro_full_study_20260825/libero_10_object/fixed_recovery/task_09/carve-full-study-fixed_recovery-libero_10_object-t9-r9-s7/episode.mp4	380823	results
results/libero_pro_full_study_20260825/libero_10_object/frozen_vla/task_00/carve-full-study-frozen_vla-libero_10_object-t0-r0-s7/episode.mp4	458374	results
results/libero_pro_full_study_20260825/libero_10_object/frozen_vla/task_00/carve-full-study-frozen_vla-libero_10_object-t0-r1-s7/episode.mp4	719038	results
results/libero_pro_full_study_20260825/libero_10_object/frozen_vla/task_00/carve-full-study-frozen_vla-libero_10_object-t0-r2-s7/episode.mp4	487123	results
results/libero_pro_full_study_20260825/libero_10_object/frozen_vla/task_00/carve-full-study-frozen_vla-libero_10_object-t0-r3-s7/episode.mp4	503826	results
results/libero_pro_full_study_20260825/libero_10_object/frozen_vla/task_00/carve-full-study-frozen_vla-libero_10_object-t0-r4-s7/episode.mp4	651459	results
results/libero_pro_full_study_20260825/libero_10_object/frozen_vla/task_00/carve-full-study-frozen_vla-libero_10_object-t0-r5-s7/episode.mp4	655989	results
results/libero_pro_full_study_20260825/libero_10_object/frozen_vla/task_00/carve-full-study-frozen_vla-libero_10_object-t0-r6-s7/episode.mp4	734996	results
results/libero_pro_full_study_20260825/libero_10_object/frozen_vla/task_00/carve-full-study-frozen_vla-libero_10_object-t0-r7-s7/episode.mp4	652041	results
results/libero_pro_full_study_20260825/libero_10_object/frozen_vla/task_00/carve-full-study-frozen_vla-libero_10_object-t0-r8-s7/episode.mp4	515111	results
results/libero_pro_full_study_20260825/libero_10_object/frozen_vla/task_00/carve-full-study-frozen_vla-libero_10_object-t0-r9-s7/episode.mp4	785851	results
results/libero_pro_full_study_20260825/libero_10_object/frozen_vla/task_01/carve-full-study-frozen_vla-libero_10_object-t1-r0-s7/episode.mp4	383829	results
results/libero_pro_full_study_20260825/libero_10_object/frozen_vla/task_01/carve-full-study-frozen_vla-libero_10_object-t1-r1-s7/episode.mp4	393561	results
results/libero_pro_full_study_20260825/libero_10_object/frozen_vla/task_01/carve-full-study-frozen_vla-libero_10_object-t1-r2-s7/episode.mp4	372526	results
results/libero_pro_full_study_20260825/libero_10_object/frozen_vla/task_01/carve-full-study-frozen_vla-libero_10_object-t1-r3-s7/episode.mp4	375362	results
results/libero_pro_full_study_20260825/libero_10_object/frozen_vla/task_01/carve-full-study-frozen_vla-libero_10_object-t1-r4-s7/episode.mp4	390062	results
results/libero_pro_full_study_20260825/libero_10_object/frozen_vla/task_01/carve-full-study-frozen_vla-libero_10_object-t1-r5-s7/episode.mp4	392653	results
results/libero_pro_full_study_20260825/libero_10_object/frozen_vla/task_01/carve-full-study-frozen_vla-libero_10_object-t1-r6-s7/episode.mp4	407685	results
results/libero_pro_full_study_20260825/libero_10_object/frozen_vla/task_01/carve-full-study-frozen_vla-libero_10_object-t1-r7-s7/episode.mp4	393406	results
results/libero_pro_full_study_20260825/libero_10_object/frozen_vla/task_01/carve-full-study-frozen_vla-libero_10_object-t1-r8-s7/episode.mp4	417179	results
results/libero_pro_full_study_20260825/libero_10_object/frozen_vla/task_01/carve-full-study-frozen_vla-libero_10_object-t1-r9-s7/episode.mp4	399682	results
results/libero_pro_full_study_20260825/libero_10_object/frozen_vla/task_02/carve-full-study-frozen_vla-libero_10_object-t2-r0-s7/episode.mp4	313842	results
results/libero_pro_full_study_20260825/libero_10_object/frozen_vla/task_02/carve-full-study-frozen_vla-libero_10_object-t2-r1-s7/episode.mp4	337230	results
results/libero_pro_full_study_20260825/libero_10_object/frozen_vla/task_02/carve-full-study-frozen_vla-libero_10_object-t2-r2-s7/episode.mp4	354253	results
results/libero_pro_full_study_20260825/libero_10_object/frozen_vla/task_02/carve-full-study-frozen_vla-libero_10_object-t2-r3-s7/episode.mp4	832153	results
results/libero_pro_full_study_20260825/libero_10_object/frozen_vla/task_02/carve-full-study-frozen_vla-libero_10_object-t2-r4-s7/episode.mp4	377316	results
results/libero_pro_full_study_20260825/libero_10_object/frozen_vla/task_02/carve-full-study-frozen_vla-libero_10_object-t2-r5-s7/episode.mp4	319986	results
results/libero_pro_full_study_20260825/libero_10_object/frozen_vla/task_02/carve-full-study-frozen_vla-libero_10_object-t2-r6-s7/episode.mp4	346824	results
results/libero_pro_full_study_20260825/libero_10_object/frozen_vla/task_02/carve-full-study-frozen_vla-libero_10_object-t2-r7-s7/episode.mp4	336142	results
results/libero_pro_full_study_20260825/libero_10_object/frozen_vla/task_02/carve-full-study-frozen_vla-libero_10_object-t2-r8-s7/episode.mp4	342409	results
results/libero_pro_full_study_20260825/libero_10_object/frozen_vla/task_02/carve-full-study-frozen_vla-libero_10_object-t2-r9-s7/episode.mp4	332251	results
results/libero_pro_full_study_20260825/libero_10_object/frozen_vla/task_03/carve-full-study-frozen_vla-libero_10_object-t3-r0-s7/episode.mp4	313753	results
results/libero_pro_full_study_20260825/libero_10_object/frozen_vla/task_03/carve-full-study-frozen_vla-libero_10_object-t3-r1-s7/episode.mp4	345618	results
results/libero_pro_full_study_20260825/libero_10_object/frozen_vla/task_03/carve-full-study-frozen_vla-libero_10_object-t3-r2-s7/episode.mp4	315553	results
results/libero_pro_full_study_20260825/libero_10_object/frozen_vla/task_03/carve-full-study-frozen_vla-libero_10_object-t3-r3-s7/episode.mp4	308340	results
results/libero_pro_full_study_20260825/libero_10_object/frozen_vla/task_03/carve-full-study-frozen_vla-libero_10_object-t3-r4-s7/episode.mp4	309156	results
results/libero_pro_full_study_20260825/libero_10_object/frozen_vla/task_03/carve-full-study-frozen_vla-libero_10_object-t3-r5-s7/episode.mp4	704155	results
results/libero_pro_full_study_20260825/libero_10_object/frozen_vla/task_03/carve-full-study-frozen_vla-libero_10_object-t3-r6-s7/episode.mp4	327653	results
results/libero_pro_full_study_20260825/libero_10_object/frozen_vla/task_03/carve-full-study-frozen_vla-libero_10_object-t3-r7-s7/episode.mp4	320342	results
results/libero_pro_full_study_20260825/libero_10_object/frozen_vla/task_03/carve-full-study-frozen_vla-libero_10_object-t3-r8-s7/episode.mp4	305595	results
results/libero_pro_full_study_20260825/libero_10_object/frozen_vla/task_03/carve-full-study-frozen_vla-libero_10_object-t3-r9-s7/episode.mp4	352332	results
results/libero_pro_full_study_20260825/libero_10_object/frozen_vla/task_04/carve-full-study-frozen_vla-libero_10_object-t4-r0-s7/episode.mp4	299601	results
results/libero_pro_full_study_20260825/libero_10_object/frozen_vla/task_04/carve-full-study-frozen_vla-libero_10_object-t4-r1-s7/episode.mp4	294467	results
results/libero_pro_full_study_20260825/libero_10_object/frozen_vla/task_04/carve-full-study-frozen_vla-libero_10_object-t4-r2-s7/episode.mp4	279574	results
results/libero_pro_full_study_20260825/libero_10_object/frozen_vla/task_04/carve-full-study-frozen_vla-libero_10_object-t4-r3-s7/episode.mp4	295246	results
results/libero_pro_full_study_20260825/libero_10_object/frozen_vla/task_04/carve-full-study-frozen_vla-libero_10_object-t4-r4-s7/episode.mp4	303196	results
results/libero_pro_full_study_20260825/libero_10_object/frozen_vla/task_04/carve-full-study-frozen_vla-libero_10_object-t4-r5-s7/episode.mp4	293729	results
results/libero_pro_full_study_20260825/libero_10_object/frozen_vla/task_04/carve-full-study-frozen_vla-libero_10_object-t4-r6-s7/episode.mp4	295324	results
results/libero_pro_full_study_20260825/libero_10_object/frozen_vla/task_04/carve-full-study-frozen_vla-libero_10_object-t4-r7-s7/episode.mp4	288776	results
results/libero_pro_full_study_20260825/libero_10_object/frozen_vla/task_04/carve-full-study-frozen_vla-libero_10_object-t4-r8-s7/episode.mp4	293726	results
results/libero_pro_full_study_20260825/libero_10_object/frozen_vla/task_04/carve-full-study-frozen_vla-libero_10_object-t4-r9-s7/episode.mp4	285549	results
results/libero_pro_full_study_20260825/libero_10_object/frozen_vla/task_05/carve-full-study-frozen_vla-libero_10_object-t5-r0-s7/episode.mp4	246666	results
results/libero_pro_full_study_20260825/libero_10_object/frozen_vla/task_05/carve-full-study-frozen_vla-libero_10_object-t5-r1-s7/episode.mp4	594655	results
results/libero_pro_full_study_20260825/libero_10_object/frozen_vla/task_05/carve-full-study-frozen_vla-libero_10_object-t5-r2-s7/episode.mp4	277604	results
results/libero_pro_full_study_20260825/libero_10_object/frozen_vla/task_05/carve-full-study-frozen_vla-libero_10_object-t5-r3-s7/episode.mp4	276853	results
results/libero_pro_full_study_20260825/libero_10_object/frozen_vla/task_05/carve-full-study-frozen_vla-libero_10_object-t5-r4-s7/episode.mp4	239983	results
results/libero_pro_full_study_20260825/libero_10_object/frozen_vla/task_05/carve-full-study-frozen_vla-libero_10_object-t5-r5-s7/episode.mp4	296841	results
results/libero_pro_full_study_20260825/libero_10_object/frozen_vla/task_05/carve-full-study-frozen_vla-libero_10_object-t5-r6-s7/episode.mp4	241692	results
results/libero_pro_full_study_20260825/libero_10_object/frozen_vla/task_05/carve-full-study-frozen_vla-libero_10_object-t5-r7-s7/episode.mp4	298462	results
results/libero_pro_full_study_20260825/libero_10_object/frozen_vla/task_05/carve-full-study-frozen_vla-libero_10_object-t5-r8-s7/episode.mp4	424636	results
results/libero_pro_full_study_20260825/libero_10_object/frozen_vla/task_05/carve-full-study-frozen_vla-libero_10_object-t5-r9-s7/episode.mp4	286860	results
results/libero_pro_full_study_20260825/libero_10_object/frozen_vla/task_06/carve-full-study-frozen_vla-libero_10_object-t6-r0-s7/episode.mp4	333738	results
results/libero_pro_full_study_20260825/libero_10_object/frozen_vla/task_06/carve-full-study-frozen_vla-libero_10_object-t6-r1-s7/episode.mp4	583676	results
results/libero_pro_full_study_20260825/libero_10_object/frozen_vla/task_06/carve-full-study-frozen_vla-libero_10_object-t6-r2-s7/episode.mp4	344586	results
results/libero_pro_full_study_20260825/libero_10_object/frozen_vla/task_06/carve-full-study-frozen_vla-libero_10_object-t6-r3-s7/episode.mp4	340672	results
results/libero_pro_full_study_20260825/libero_10_object/frozen_vla/task_06/carve-full-study-frozen_vla-libero_10_object-t6-r4-s7/episode.mp4	328986	results
results/libero_pro_full_study_20260825/libero_10_object/frozen_vla/task_06/carve-full-study-frozen_vla-libero_10_object-t6-r5-s7/episode.mp4	367369	results
results/libero_pro_full_study_20260825/libero_10_object/frozen_vla/task_06/carve-full-study-frozen_vla-libero_10_object-t6-r6-s7/episode.mp4	322504	results
results/libero_pro_full_study_20260825/libero_10_object/frozen_vla/task_06/carve-full-study-frozen_vla-libero_10_object-t6-r7-s7/episode.mp4	326792	results
results/libero_pro_full_study_20260825/libero_10_object/frozen_vla/task_06/carve-full-study-frozen_vla-libero_10_object-t6-r8-s7/episode.mp4	325414	results
results/libero_pro_full_study_20260825/libero_10_object/frozen_vla/task_06/carve-full-study-frozen_vla-libero_10_object-t6-r9-s7/episode.mp4	367507	results
results/libero_pro_full_study_20260825/libero_10_object/frozen_vla/task_07/carve-full-study-frozen_vla-libero_10_object-t7-r0-s7/episode.mp4	747830	results
results/libero_pro_full_study_20260825/libero_10_object/frozen_vla/task_07/carve-full-study-frozen_vla-libero_10_object-t7-r1-s7/episode.mp4	714079	results
results/libero_pro_full_study_20260825/libero_10_object/frozen_vla/task_07/carve-full-study-frozen_vla-libero_10_object-t7-r2-s7/episode.mp4	772374	results
results/libero_pro_full_study_20260825/libero_10_object/frozen_vla/task_07/carve-full-study-frozen_vla-libero_10_object-t7-r3-s7/episode.mp4	694940	results
results/libero_pro_full_study_20260825/libero_10_object/frozen_vla/task_07/carve-full-study-frozen_vla-libero_10_object-t7-r4-s7/episode.mp4	701792	results
results/libero_pro_full_study_20260825/libero_10_object/frozen_vla/task_07/carve-full-study-frozen_vla-libero_10_object-t7-r5-s7/episode.mp4	675801	results
results/libero_pro_full_study_20260825/libero_10_object/frozen_vla/task_07/carve-full-study-frozen_vla-libero_10_object-t7-r6-s7/episode.mp4	750358	results
results/libero_pro_full_study_20260825/libero_10_object/frozen_vla/task_07/carve-full-study-frozen_vla-libero_10_object-t7-r7-s7/episode.mp4	776903	results
results/libero_pro_full_study_20260825/libero_10_object/frozen_vla/task_07/carve-full-study-frozen_vla-libero_10_object-t7-r8-s7/episode.mp4	724861	results
results/libero_pro_full_study_20260825/libero_10_object/frozen_vla/task_07/carve-full-study-frozen_vla-libero_10_object-t7-r9-s7/episode.mp4	658451	results
results/libero_pro_full_study_20260825/libero_10_object/frozen_vla/task_08/carve-full-study-frozen_vla-libero_10_object-t8-r0-s7/episode.mp4	560476	results
results/libero_pro_full_study_20260825/libero_10_object/frozen_vla/task_08/carve-full-study-frozen_vla-libero_10_object-t8-r1-s7/episode.mp4	696273	results
results/libero_pro_full_study_20260825/libero_10_object/frozen_vla/task_08/carve-full-study-frozen_vla-libero_10_object-t8-r2-s7/episode.mp4	526048	results
results/libero_pro_full_study_20260825/libero_10_object/frozen_vla/task_08/carve-full-study-frozen_vla-libero_10_object-t8-r3-s7/episode.mp4	595108	results
results/libero_pro_full_study_20260825/libero_10_object/frozen_vla/task_08/carve-full-study-frozen_vla-libero_10_object-t8-r4-s7/episode.mp4	549988	results
results/libero_pro_full_study_20260825/libero_10_object/frozen_vla/task_08/carve-full-study-frozen_vla-libero_10_object-t8-r5-s7/episode.mp4	522542	results
results/libero_pro_full_study_20260825/libero_10_object/frozen_vla/task_08/carve-full-study-frozen_vla-libero_10_object-t8-r6-s7/episode.mp4	549334	results
results/libero_pro_full_study_20260825/libero_10_object/frozen_vla/task_08/carve-full-study-frozen_vla-libero_10_object-t8-r7-s7/episode.mp4	566635	results
results/libero_pro_full_study_20260825/libero_10_object/frozen_vla/task_08/carve-full-study-frozen_vla-libero_10_object-t8-r8-s7/episode.mp4	521076	results
results/libero_pro_full_study_20260825/libero_10_object/frozen_vla/task_08/carve-full-study-frozen_vla-libero_10_object-t8-r9-s7/episode.mp4	590913	results
results/libero_pro_full_study_20260825/libero_10_object/frozen_vla/task_09/carve-full-study-frozen_vla-libero_10_object-t9-r0-s7/episode.mp4	726087	results
results/libero_pro_full_study_20260825/libero_10_object/frozen_vla/task_09/carve-full-study-frozen_vla-libero_10_object-t9-r1-s7/episode.mp4	350516	results
results/libero_pro_full_study_20260825/libero_10_object/frozen_vla/task_09/carve-full-study-frozen_vla-libero_10_object-t9-r2-s7/episode.mp4	697449	results
results/libero_pro_full_study_20260825/libero_10_object/frozen_vla/task_09/carve-full-study-frozen_vla-libero_10_object-t9-r3-s7/episode.mp4	592709	results
results/libero_pro_full_study_20260825/libero_10_object/frozen_vla/task_09/carve-full-study-frozen_vla-libero_10_object-t9-r4-s7/episode.mp4	648226	results
results/libero_pro_full_study_20260825/libero_10_object/frozen_vla/task_09/carve-full-study-frozen_vla-libero_10_object-t9-r5-s7/episode.mp4	653026	results
results/libero_pro_full_study_20260825/libero_10_object/frozen_vla/task_09/carve-full-study-frozen_vla-libero_10_object-t9-r6-s7/episode.mp4	725702	results
results/libero_pro_full_study_20260825/libero_10_object/frozen_vla/task_09/carve-full-study-frozen_vla-libero_10_object-t9-r7-s7/episode.mp4	716951	results
results/libero_pro_full_study_20260825/libero_10_object/frozen_vla/task_09/carve-full-study-frozen_vla-libero_10_object-t9-r8-s7/episode.mp4	678850	results
results/libero_pro_full_study_20260825/libero_10_object/frozen_vla/task_09/carve-full-study-frozen_vla-libero_10_object-t9-r9-s7/episode.mp4	380823	results
results/libero_pro_full_study_20260825/libero_10_swap/agentic/task_00/carve-full-study-agentic-libero_10_swap-t0-r0-s7/episode.mp4	220613	results
results/libero_pro_full_study_20260825/libero_10_swap/agentic/task_00/carve-full-study-agentic-libero_10_swap-t0-r1-s7/episode.mp4	479897	results
results/libero_pro_full_study_20260825/libero_10_swap/agentic/task_00/carve-full-study-agentic-libero_10_swap-t0-r2-s7/episode.mp4	391836	results
results/libero_pro_full_study_20260825/libero_10_swap/agentic/task_00/carve-full-study-agentic-libero_10_swap-t0-r3-s7/episode.mp4	516671	results
results/libero_pro_full_study_20260825/libero_10_swap/agentic/task_00/carve-full-study-agentic-libero_10_swap-t0-r4-s7/episode.mp4	380920	results
results/libero_pro_full_study_20260825/libero_10_swap/agentic/task_00/carve-full-study-agentic-libero_10_swap-t0-r5-s7/episode.mp4	403291	results
results/libero_pro_full_study_20260825/libero_10_swap/agentic/task_00/carve-full-study-agentic-libero_10_swap-t0-r6-s7/episode.mp4	564874	results
results/libero_pro_full_study_20260825/libero_10_swap/agentic/task_00/carve-full-study-agentic-libero_10_swap-t0-r7-s7/episode.mp4	469981	results
results/libero_pro_full_study_20260825/libero_10_swap/agentic/task_00/carve-full-study-agentic-libero_10_swap-t0-r8-s7/episode.mp4	387804	results
results/libero_pro_full_study_20260825/libero_10_swap/agentic/task_00/carve-full-study-agentic-libero_10_swap-t0-r9-s7/episode.mp4	401339	results
results/libero_pro_full_study_20260825/libero_10_swap/agentic/task_01/carve-full-study-agentic-libero_10_swap-t1-r0-s7/episode.mp4	620436	results
results/libero_pro_full_study_20260825/libero_10_swap/agentic/task_01/carve-full-study-agentic-libero_10_swap-t1-r1-s7/episode.mp4	773400	results
results/libero_pro_full_study_20260825/libero_10_swap/agentic/task_01/carve-full-study-agentic-libero_10_swap-t1-r2-s7/episode.mp4	607666	results
results/libero_pro_full_study_20260825/libero_10_swap/agentic/task_01/carve-full-study-agentic-libero_10_swap-t1-r3-s7/episode.mp4	655397	results
results/libero_pro_full_study_20260825/libero_10_swap/agentic/task_01/carve-full-study-agentic-libero_10_swap-t1-r4-s7/episode.mp4	552969	results
results/libero_pro_full_study_20260825/libero_10_swap/agentic/task_01/carve-full-study-agentic-libero_10_swap-t1-r5-s7/episode.mp4	640145	results
results/libero_pro_full_study_20260825/libero_10_swap/agentic/task_01/carve-full-study-agentic-libero_10_swap-t1-r6-s7/episode.mp4	498307	results
results/libero_pro_full_study_20260825/libero_10_swap/agentic/task_01/carve-full-study-agentic-libero_10_swap-t1-r7-s7/episode.mp4	579460	results
results/libero_pro_full_study_20260825/libero_10_swap/agentic/task_01/carve-full-study-agentic-libero_10_swap-t1-r8-s7/episode.mp4	895337	results
results/libero_pro_full_study_20260825/libero_10_swap/agentic/task_01/carve-full-study-agentic-libero_10_swap-t1-r9-s7/episode.mp4	721345	results
results/libero_pro_full_study_20260825/libero_10_swap/agentic/task_02/carve-full-study-agentic-libero_10_swap-t2-r0-s7/episode.mp4	779002	results
results/libero_pro_full_study_20260825/libero_10_swap/agentic/task_02/carve-full-study-agentic-libero_10_swap-t2-r1-s7/episode.mp4	742285	results
results/libero_pro_full_study_20260825/libero_10_swap/agentic/task_02/carve-full-study-agentic-libero_10_swap-t2-r2-s7/episode.mp4	687755	results
results/libero_pro_full_study_20260825/libero_10_swap/agentic/task_02/carve-full-study-agentic-libero_10_swap-t2-r3-s7/episode.mp4	802345	results
results/libero_pro_full_study_20260825/libero_10_swap/agentic/task_02/carve-full-study-agentic-libero_10_swap-t2-r4-s7/episode.mp4	670711	results
results/libero_pro_full_study_20260825/libero_10_swap/agentic/task_02/carve-full-study-agentic-libero_10_swap-t2-r5-s7/episode.mp4	756566	results
results/libero_pro_full_study_20260825/libero_10_swap/agentic/task_02/carve-full-study-agentic-libero_10_swap-t2-r6-s7/episode.mp4	720978	results
results/libero_pro_full_study_20260825/libero_10_swap/agentic/task_02/carve-full-study-agentic-libero_10_swap-t2-r7-s7/episode.mp4	765882	results
results/libero_pro_full_study_20260825/libero_10_swap/agentic/task_02/carve-full-study-agentic-libero_10_swap-t2-r8-s7/episode.mp4	758616	results
results/libero_pro_full_study_20260825/libero_10_swap/agentic/task_02/carve-full-study-agentic-libero_10_swap-t2-r9-s7/episode.mp4	812761	results
results/libero_pro_full_study_20260825/libero_10_swap/agentic/task_03/carve-full-study-agentic-libero_10_swap-t3-r0-s7/episode.mp4	822732	results
results/libero_pro_full_study_20260825/libero_10_swap/agentic/task_03/carve-full-study-agentic-libero_10_swap-t3-r1-s7/episode.mp4	686793	results
results/libero_pro_full_study_20260825/libero_10_swap/agentic/task_03/carve-full-study-agentic-libero_10_swap-t3-r2-s7/episode.mp4	787359	results
results/libero_pro_full_study_20260825/libero_10_swap/agentic/task_03/carve-full-study-agentic-libero_10_swap-t3-r3-s7/episode.mp4	795267	results
results/libero_pro_full_study_20260825/libero_10_swap/agentic/task_03/carve-full-study-agentic-libero_10_swap-t3-r4-s7/episode.mp4	429520	results
results/libero_pro_full_study_20260825/libero_10_swap/agentic/task_03/carve-full-study-agentic-libero_10_swap-t3-r5-s7/episode.mp4	738821	results
results/libero_pro_full_study_20260825/libero_10_swap/agentic/task_03/carve-full-study-agentic-libero_10_swap-t3-r6-s7/episode.mp4	668663	results
results/libero_pro_full_study_20260825/libero_10_swap/agentic/task_03/carve-full-study-agentic-libero_10_swap-t3-r7-s7/episode.mp4	773355	results
results/libero_pro_full_study_20260825/libero_10_swap/agentic/task_03/carve-full-study-agentic-libero_10_swap-t3-r8-s7/episode.mp4	655411	results
results/libero_pro_full_study_20260825/libero_10_swap/agentic/task_03/carve-full-study-agentic-libero_10_swap-t3-r9-s7/episode.mp4	698050	results
results/libero_pro_full_study_20260825/libero_10_swap/agentic/task_04/carve-full-study-agentic-libero_10_swap-t4-r0-s7/episode.mp4	397953	results
results/libero_pro_full_study_20260825/libero_10_swap/agentic/task_04/carve-full-study-agentic-libero_10_swap-t4-r1-s7/episode.mp4	409783	results
results/libero_pro_full_study_20260825/libero_10_swap/agentic/task_04/carve-full-study-agentic-libero_10_swap-t4-r2-s7/episode.mp4	600244	results
results/libero_pro_full_study_20260825/libero_10_swap/agentic/task_04/carve-full-study-agentic-libero_10_swap-t4-r3-s7/episode.mp4	421506	results
results/libero_pro_full_study_20260825/libero_10_swap/agentic/task_04/carve-full-study-agentic-libero_10_swap-t4-r4-s7/episode.mp4	545432	results
results/libero_pro_full_study_20260825/libero_10_swap/agentic/task_04/carve-full-study-agentic-libero_10_swap-t4-r5-s7/episode.mp4	378730	results
results/libero_pro_full_study_20260825/libero_10_swap/agentic/task_04/carve-full-study-agentic-libero_10_swap-t4-r6-s7/episode.mp4	410595	results
results/libero_pro_full_study_20260825/libero_10_swap/agentic/task_04/carve-full-study-agentic-libero_10_swap-t4-r7-s7/episode.mp4	431101	results
results/libero_pro_full_study_20260825/libero_10_swap/agentic/task_04/carve-full-study-agentic-libero_10_swap-t4-r8-s7/episode.mp4	424222	results
results/libero_pro_full_study_20260825/libero_10_swap/agentic/task_04/carve-full-study-agentic-libero_10_swap-t4-r9-s7/episode.mp4	383181	results
results/libero_pro_full_study_20260825/libero_10_swap/agentic/task_05/carve-full-study-agentic-libero_10_swap-t5-r0-s7/episode.mp4	417888	results
results/libero_pro_full_study_20260825/libero_10_swap/agentic/task_05/carve-full-study-agentic-libero_10_swap-t5-r1-s7/episode.mp4	188941	results
results/libero_pro_full_study_20260825/libero_10_swap/agentic/task_05/carve-full-study-agentic-libero_10_swap-t5-r2-s7/episode.mp4	212690	results
results/libero_pro_full_study_20260825/libero_10_swap/agentic/task_05/carve-full-study-agentic-libero_10_swap-t5-r3-s7/episode.mp4	202543	results
results/libero_pro_full_study_20260825/libero_10_swap/agentic/task_05/carve-full-study-agentic-libero_10_swap-t5-r4-s7/episode.mp4	308644	results
results/libero_pro_full_study_20260825/libero_10_swap/agentic/task_05/carve-full-study-agentic-libero_10_swap-t5-r5-s7/episode.mp4	203286	results
results/libero_pro_full_study_20260825/libero_10_swap/agentic/task_05/carve-full-study-agentic-libero_10_swap-t5-r6-s7/episode.mp4	201201	results
results/libero_pro_full_study_20260825/libero_10_swap/agentic/task_05/carve-full-study-agentic-libero_10_swap-t5-r7-s7/episode.mp4	200701	results
results/libero_pro_full_study_20260825/libero_10_swap/agentic/task_05/carve-full-study-agentic-libero_10_swap-t5-r8-s7/episode.mp4	200950	results
results/libero_pro_full_study_20260825/libero_10_swap/agentic/task_05/carve-full-study-agentic-libero_10_swap-t5-r9-s7/episode.mp4	200491	results
results/libero_pro_full_study_20260825/libero_10_swap/agentic/task_06/carve-full-study-agentic-libero_10_swap-t6-r0-s7/episode.mp4	762346	results
results/libero_pro_full_study_20260825/libero_10_swap/agentic/task_06/carve-full-study-agentic-libero_10_swap-t6-r1-s7/episode.mp4	880525	results
results/libero_pro_full_study_20260825/libero_10_swap/agentic/task_06/carve-full-study-agentic-libero_10_swap-t6-r2-s7/episode.mp4	872905	results
results/libero_pro_full_study_20260825/libero_10_swap/agentic/task_06/carve-full-study-agentic-libero_10_swap-t6-r3-s7/episode.mp4	879806	results
results/libero_pro_full_study_20260825/libero_10_swap/agentic/task_06/carve-full-study-agentic-libero_10_swap-t6-r4-s7/episode.mp4	549533	results
results/libero_pro_full_study_20260825/libero_10_swap/agentic/task_06/carve-full-study-agentic-libero_10_swap-t6-r5-s7/episode.mp4	999562	results
results/libero_pro_full_study_20260825/libero_10_swap/agentic/task_06/carve-full-study-agentic-libero_10_swap-t6-r6-s7/episode.mp4	826689	results
results/libero_pro_full_study_20260825/libero_10_swap/agentic/task_06/carve-full-study-agentic-libero_10_swap-t6-r7-s7/episode.mp4	888590	results
results/libero_pro_full_study_20260825/libero_10_swap/agentic/task_06/carve-full-study-agentic-libero_10_swap-t6-r8-s7/episode.mp4	802155	results
results/libero_pro_full_study_20260825/libero_10_swap/agentic/task_06/carve-full-study-agentic-libero_10_swap-t6-r9-s7/episode.mp4	566749	results
results/libero_pro_full_study_20260825/libero_10_swap/agentic/task_07/carve-full-study-agentic-libero_10_swap-t7-r0-s7/episode.mp4	632915	results
results/libero_pro_full_study_20260825/libero_10_swap/agentic/task_07/carve-full-study-agentic-libero_10_swap-t7-r1-s7/episode.mp4	646390	results
results/libero_pro_full_study_20260825/libero_10_swap/agentic/task_07/carve-full-study-agentic-libero_10_swap-t7-r2-s7/episode.mp4	622748	results
results/libero_pro_full_study_20260825/libero_10_swap/agentic/task_07/carve-full-study-agentic-libero_10_swap-t7-r3-s7/episode.mp4	669380	results
results/libero_pro_full_study_20260825/libero_10_swap/agentic/task_07/carve-full-study-agentic-libero_10_swap-t7-r4-s7/episode.mp4	594497	results
results/libero_pro_full_study_20260825/libero_10_swap/agentic/task_07/carve-full-study-agentic-libero_10_swap-t7-r5-s7/episode.mp4	628674	results
results/libero_pro_full_study_20260825/libero_10_swap/agentic/task_07/carve-full-study-agentic-libero_10_swap-t7-r6-s7/episode.mp4	218878	results
results/libero_pro_full_study_20260825/libero_10_swap/agentic/task_07/carve-full-study-agentic-libero_10_swap-t7-r7-s7/episode.mp4	689241	results
results/libero_pro_full_study_20260825/libero_10_swap/agentic/task_07/carve-full-study-agentic-libero_10_swap-t7-r8-s7/episode.mp4	637374	results
results/libero_pro_full_study_20260825/libero_10_swap/agentic/task_07/carve-full-study-agentic-libero_10_swap-t7-r9-s7/episode.mp4	646965	results
results/libero_pro_full_study_20260825/libero_10_swap/agentic/task_08/carve-full-study-agentic-libero_10_swap-t8-r0-s7/episode.mp4	847591	results
results/libero_pro_full_study_20260825/libero_10_swap/agentic/task_08/carve-full-study-agentic-libero_10_swap-t8-r1-s7/episode.mp4	582733	results
results/libero_pro_full_study_20260825/libero_10_swap/agentic/task_08/carve-full-study-agentic-libero_10_swap-t8-r2-s7/episode.mp4	801398	results
results/libero_pro_full_study_20260825/libero_10_swap/agentic/task_08/carve-full-study-agentic-libero_10_swap-t8-r3-s7/episode.mp4	656001	results
results/libero_pro_full_study_20260825/libero_10_swap/agentic/task_08/carve-full-study-agentic-libero_10_swap-t8-r4-s7/episode.mp4	637922	results
results/libero_pro_full_study_20260825/libero_10_swap/agentic/task_08/carve-full-study-agentic-libero_10_swap-t8-r5-s7/episode.mp4	826601	results
results/libero_pro_full_study_20260825/libero_10_swap/agentic/task_08/carve-full-study-agentic-libero_10_swap-t8-r6-s7/episode.mp4	754827	results
results/libero_pro_full_study_20260825/libero_10_swap/agentic/task_08/carve-full-study-agentic-libero_10_swap-t8-r7-s7/episode.mp4	655419	results
results/libero_pro_full_study_20260825/libero_10_swap/agentic/task_08/carve-full-study-agentic-libero_10_swap-t8-r8-s7/episode.mp4	316471	results
results/libero_pro_full_study_20260825/libero_10_swap/agentic/task_08/carve-full-study-agentic-libero_10_swap-t8-r9-s7/episode.mp4	681473	results
results/libero_pro_full_study_20260825/libero_10_swap/agentic/task_09/carve-full-study-agentic-libero_10_swap-t9-r0-s7/episode.mp4	613646	results
results/libero_pro_full_study_20260825/libero_10_swap/agentic/task_09/carve-full-study-agentic-libero_10_swap-t9-r1-s7/episode.mp4	632767	results
results/libero_pro_full_study_20260825/libero_10_swap/agentic/task_09/carve-full-study-agentic-libero_10_swap-t9-r2-s7/episode.mp4	660150	results
results/libero_pro_full_study_20260825/libero_10_swap/agentic/task_09/carve-full-study-agentic-libero_10_swap-t9-r3-s7/episode.mp4	726795	results
results/libero_pro_full_study_20260825/libero_10_swap/agentic/task_09/carve-full-study-agentic-libero_10_swap-t9-r4-s7/episode.mp4	634508	results
results/libero_pro_full_study_20260825/libero_10_swap/agentic/task_09/carve-full-study-agentic-libero_10_swap-t9-r5-s7/episode.mp4	522370	results
results/libero_pro_full_study_20260825/libero_10_swap/agentic/task_09/carve-full-study-agentic-libero_10_swap-t9-r6-s7/episode.mp4	565169	results
results/libero_pro_full_study_20260825/libero_10_swap/agentic/task_09/carve-full-study-agentic-libero_10_swap-t9-r7-s7/episode.mp4	576032	results
results/libero_pro_full_study_20260825/libero_10_swap/agentic/task_09/carve-full-study-agentic-libero_10_swap-t9-r8-s7/episode.mp4	659551	results
results/libero_pro_full_study_20260825/libero_10_swap/agentic/task_09/carve-full-study-agentic-libero_10_swap-t9-r9-s7/episode.mp4	654178	results
results/libero_pro_full_study_20260825/libero_10_swap/fixed_recovery/task_00/carve-full-study-fixed_recovery-libero_10_swap-t0-r0-s7/episode.mp4	669024	results
results/libero_pro_full_study_20260825/libero_10_swap/fixed_recovery/task_00/carve-full-study-fixed_recovery-libero_10_swap-t0-r1-s7/episode.mp4	224048	results
results/libero_pro_full_study_20260825/libero_10_swap/fixed_recovery/task_00/carve-full-study-fixed_recovery-libero_10_swap-t0-r2-s7/episode.mp4	391836	results
results/libero_pro_full_study_20260825/libero_10_swap/fixed_recovery/task_00/carve-full-study-fixed_recovery-libero_10_swap-t0-r3-s7/episode.mp4	516671	results
results/libero_pro_full_study_20260825/libero_10_swap/fixed_recovery/task_00/carve-full-study-fixed_recovery-libero_10_swap-t0-r4-s7/episode.mp4	380920	results
results/libero_pro_full_study_20260825/libero_10_swap/fixed_recovery/task_00/carve-full-study-fixed_recovery-libero_10_swap-t0-r5-s7/episode.mp4	403291	results
results/libero_pro_full_study_20260825/libero_10_swap/fixed_recovery/task_00/carve-full-study-fixed_recovery-libero_10_swap-t0-r6-s7/episode.mp4	564874	results
results/libero_pro_full_study_20260825/libero_10_swap/fixed_recovery/task_00/carve-full-study-fixed_recovery-libero_10_swap-t0-r7-s7/episode.mp4	469981	results
results/libero_pro_full_study_20260825/libero_10_swap/fixed_recovery/task_00/carve-full-study-fixed_recovery-libero_10_swap-t0-r8-s7/episode.mp4	387804	results
results/libero_pro_full_study_20260825/libero_10_swap/fixed_recovery/task_00/carve-full-study-fixed_recovery-libero_10_swap-t0-r9-s7/episode.mp4	401339	results
results/libero_pro_full_study_20260825/libero_10_swap/fixed_recovery/task_01/carve-full-study-fixed_recovery-libero_10_swap-t1-r0-s7/episode.mp4	631145	results
results/libero_pro_full_study_20260825/libero_10_swap/fixed_recovery/task_01/carve-full-study-fixed_recovery-libero_10_swap-t1-r1-s7/episode.mp4	560268	results
results/libero_pro_full_study_20260825/libero_10_swap/fixed_recovery/task_01/carve-full-study-fixed_recovery-libero_10_swap-t1-r2-s7/episode.mp4	595879	results
results/libero_pro_full_study_20260825/libero_10_swap/fixed_recovery/task_01/carve-full-study-fixed_recovery-libero_10_swap-t1-r3-s7/episode.mp4	491398	results
results/libero_pro_full_study_20260825/libero_10_swap/fixed_recovery/task_01/carve-full-study-fixed_recovery-libero_10_swap-t1-r4-s7/episode.mp4	552969	results
results/libero_pro_full_study_20260825/libero_10_swap/fixed_recovery/task_01/carve-full-study-fixed_recovery-libero_10_swap-t1-r5-s7/episode.mp4	640145	results
results/libero_pro_full_study_20260825/libero_10_swap/fixed_recovery/task_01/carve-full-study-fixed_recovery-libero_10_swap-t1-r6-s7/episode.mp4	498307	results
results/libero_pro_full_study_20260825/libero_10_swap/fixed_recovery/task_01/carve-full-study-fixed_recovery-libero_10_swap-t1-r7-s7/episode.mp4	579460	results
results/libero_pro_full_study_20260825/libero_10_swap/fixed_recovery/task_01/carve-full-study-fixed_recovery-libero_10_swap-t1-r8-s7/episode.mp4	898245	results
results/libero_pro_full_study_20260825/libero_10_swap/fixed_recovery/task_01/carve-full-study-fixed_recovery-libero_10_swap-t1-r9-s7/episode.mp4	721345	results
results/libero_pro_full_study_20260825/libero_10_swap/fixed_recovery/task_02/carve-full-study-fixed_recovery-libero_10_swap-t2-r0-s7/episode.mp4	779002	results
results/libero_pro_full_study_20260825/libero_10_swap/fixed_recovery/task_02/carve-full-study-fixed_recovery-libero_10_swap-t2-r1-s7/episode.mp4	742285	results
results/libero_pro_full_study_20260825/libero_10_swap/fixed_recovery/task_02/carve-full-study-fixed_recovery-libero_10_swap-t2-r2-s7/episode.mp4	472367	results
results/libero_pro_full_study_20260825/libero_10_swap/fixed_recovery/task_02/carve-full-study-fixed_recovery-libero_10_swap-t2-r3-s7/episode.mp4	802345	results
results/libero_pro_full_study_20260825/libero_10_swap/fixed_recovery/task_02/carve-full-study-fixed_recovery-libero_10_swap-t2-r4-s7/episode.mp4	748875	results
results/libero_pro_full_study_20260825/libero_10_swap/fixed_recovery/task_02/carve-full-study-fixed_recovery-libero_10_swap-t2-r5-s7/episode.mp4	756566	results
results/libero_pro_full_study_20260825/libero_10_swap/fixed_recovery/task_02/carve-full-study-fixed_recovery-libero_10_swap-t2-r6-s7/episode.mp4	720978	results
results/libero_pro_full_study_20260825/libero_10_swap/fixed_recovery/task_02/carve-full-study-fixed_recovery-libero_10_swap-t2-r7-s7/episode.mp4	764421	results
results/libero_pro_full_study_20260825/libero_10_swap/fixed_recovery/task_02/carve-full-study-fixed_recovery-libero_10_swap-t2-r8-s7/episode.mp4	758616	results
results/libero_pro_full_study_20260825/libero_10_swap/fixed_recovery/task_02/carve-full-study-fixed_recovery-libero_10_swap-t2-r9-s7/episode.mp4	812761	results
results/libero_pro_full_study_20260825/libero_10_swap/fixed_recovery/task_03/carve-full-study-fixed_recovery-libero_10_swap-t3-r0-s7/episode.mp4	822732	results
results/libero_pro_full_study_20260825/libero_10_swap/fixed_recovery/task_03/carve-full-study-fixed_recovery-libero_10_swap-t3-r1-s7/episode.mp4	686793	results
results/libero_pro_full_study_20260825/libero_10_swap/fixed_recovery/task_03/carve-full-study-fixed_recovery-libero_10_swap-t3-r2-s7/episode.mp4	787359	results
results/libero_pro_full_study_20260825/libero_10_swap/fixed_recovery/task_03/carve-full-study-fixed_recovery-libero_10_swap-t3-r3-s7/episode.mp4	795267	results
results/libero_pro_full_study_20260825/libero_10_swap/fixed_recovery/task_03/carve-full-study-fixed_recovery-libero_10_swap-t3-r4-s7/episode.mp4	652756	results
results/libero_pro_full_study_20260825/libero_10_swap/fixed_recovery/task_03/carve-full-study-fixed_recovery-libero_10_swap-t3-r5-s7/episode.mp4	738821	results
results/libero_pro_full_study_20260825/libero_10_swap/fixed_recovery/task_03/carve-full-study-fixed_recovery-libero_10_swap-t3-r6-s7/episode.mp4	672396	results
results/libero_pro_full_study_20260825/libero_10_swap/fixed_recovery/task_03/carve-full-study-fixed_recovery-libero_10_swap-t3-r7-s7/episode.mp4	789116	results
results/libero_pro_full_study_20260825/libero_10_swap/fixed_recovery/task_03/carve-full-study-fixed_recovery-libero_10_swap-t3-r8-s7/episode.mp4	668514	results
results/libero_pro_full_study_20260825/libero_10_swap/fixed_recovery/task_03/carve-full-study-fixed_recovery-libero_10_swap-t3-r9-s7/episode.mp4	698050	results
results/libero_pro_full_study_20260825/libero_10_swap/fixed_recovery/task_04/carve-full-study-fixed_recovery-libero_10_swap-t4-r0-s7/episode.mp4	397953	results
results/libero_pro_full_study_20260825/libero_10_swap/fixed_recovery/task_04/carve-full-study-fixed_recovery-libero_10_swap-t4-r1-s7/episode.mp4	409741	results
results/libero_pro_full_study_20260825/libero_10_swap/fixed_recovery/task_04/carve-full-study-fixed_recovery-libero_10_swap-t4-r2-s7/episode.mp4	600244	results
results/libero_pro_full_study_20260825/libero_10_swap/fixed_recovery/task_04/carve-full-study-fixed_recovery-libero_10_swap-t4-r3-s7/episode.mp4	414520	results
results/libero_pro_full_study_20260825/libero_10_swap/fixed_recovery/task_04/carve-full-study-fixed_recovery-libero_10_swap-t4-r4-s7/episode.mp4	544861	results
results/libero_pro_full_study_20260825/libero_10_swap/fixed_recovery/task_04/carve-full-study-fixed_recovery-libero_10_swap-t4-r5-s7/episode.mp4	382187	results
results/libero_pro_full_study_20260825/libero_10_swap/fixed_recovery/task_04/carve-full-study-fixed_recovery-libero_10_swap-t4-r6-s7/episode.mp4	411750	results
results/libero_pro_full_study_20260825/libero_10_swap/fixed_recovery/task_04/carve-full-study-fixed_recovery-libero_10_swap-t4-r7-s7/episode.mp4	431101	results
results/libero_pro_full_study_20260825/libero_10_swap/fixed_recovery/task_04/carve-full-study-fixed_recovery-libero_10_swap-t4-r8-s7/episode.mp4	424248	results
results/libero_pro_full_study_20260825/libero_10_swap/fixed_recovery/task_04/carve-full-study-fixed_recovery-libero_10_swap-t4-r9-s7/episode.mp4	404107	results
results/libero_pro_full_study_20260825/libero_10_swap/fixed_recovery/task_05/carve-full-study-fixed_recovery-libero_10_swap-t5-r0-s7/episode.mp4	450419	results
results/libero_pro_full_study_20260825/libero_10_swap/fixed_recovery/task_05/carve-full-study-fixed_recovery-libero_10_swap-t5-r1-s7/episode.mp4	188941	results
results/libero_pro_full_study_20260825/libero_10_swap/fixed_recovery/task_05/carve-full-study-fixed_recovery-libero_10_swap-t5-r2-s7/episode.mp4	212690	results
results/libero_pro_full_study_20260825/libero_10_swap/fixed_recovery/task_05/carve-full-study-fixed_recovery-libero_10_swap-t5-r3-s7/episode.mp4	202543	results
results/libero_pro_full_study_20260825/libero_10_swap/fixed_recovery/task_05/carve-full-study-fixed_recovery-libero_10_swap-t5-r4-s7/episode.mp4	308644	results
results/libero_pro_full_study_20260825/libero_10_swap/fixed_recovery/task_05/carve-full-study-fixed_recovery-libero_10_swap-t5-r5-s7/episode.mp4	203286	results
results/libero_pro_full_study_20260825/libero_10_swap/fixed_recovery/task_05/carve-full-study-fixed_recovery-libero_10_swap-t5-r6-s7/episode.mp4	201201	results
results/libero_pro_full_study_20260825/libero_10_swap/fixed_recovery/task_05/carve-full-study-fixed_recovery-libero_10_swap-t5-r7-s7/episode.mp4	200701	results
results/libero_pro_full_study_20260825/libero_10_swap/fixed_recovery/task_05/carve-full-study-fixed_recovery-libero_10_swap-t5-r8-s7/episode.mp4	200950	results
results/libero_pro_full_study_20260825/libero_10_swap/fixed_recovery/task_05/carve-full-study-fixed_recovery-libero_10_swap-t5-r9-s7/episode.mp4	200491	results
results/libero_pro_full_study_20260825/libero_10_swap/fixed_recovery/task_06/carve-full-study-fixed_recovery-libero_10_swap-t6-r0-s7/episode.mp4	771290	results
results/libero_pro_full_study_20260825/libero_10_swap/fixed_recovery/task_06/carve-full-study-fixed_recovery-libero_10_swap-t6-r1-s7/episode.mp4	835075	results
results/libero_pro_full_study_20260825/libero_10_swap/fixed_recovery/task_06/carve-full-study-fixed_recovery-libero_10_swap-t6-r2-s7/episode.mp4	872905	results
results/libero_pro_full_study_20260825/libero_10_swap/fixed_recovery/task_06/carve-full-study-fixed_recovery-libero_10_swap-t6-r3-s7/episode.mp4	879806	results
results/libero_pro_full_study_20260825/libero_10_swap/fixed_recovery/task_06/carve-full-study-fixed_recovery-libero_10_swap-t6-r4-s7/episode.mp4	614414	results
results/libero_pro_full_study_20260825/libero_10_swap/fixed_recovery/task_06/carve-full-study-fixed_recovery-libero_10_swap-t6-r5-s7/episode.mp4	999562	results
results/libero_pro_full_study_20260825/libero_10_swap/fixed_recovery/task_06/carve-full-study-fixed_recovery-libero_10_swap-t6-r6-s7/episode.mp4	838600	results
results/libero_pro_full_study_20260825/libero_10_swap/fixed_recovery/task_06/carve-full-study-fixed_recovery-libero_10_swap-t6-r7-s7/episode.mp4	888590	results
results/libero_pro_full_study_20260825/libero_10_swap/fixed_recovery/task_06/carve-full-study-fixed_recovery-libero_10_swap-t6-r8-s7/episode.mp4	384343	results
results/libero_pro_full_study_20260825/libero_10_swap/fixed_recovery/task_06/carve-full-study-fixed_recovery-libero_10_swap-t6-r9-s7/episode.mp4	556246	results
results/libero_pro_full_study_20260825/libero_10_swap/fixed_recovery/task_07/carve-full-study-fixed_recovery-libero_10_swap-t7-r0-s7/episode.mp4	607464	results
results/libero_pro_full_study_20260825/libero_10_swap/fixed_recovery/task_07/carve-full-study-fixed_recovery-libero_10_swap-t7-r1-s7/episode.mp4	416303	results
results/libero_pro_full_study_20260825/libero_10_swap/fixed_recovery/task_07/carve-full-study-fixed_recovery-libero_10_swap-t7-r2-s7/episode.mp4	576372	results
results/libero_pro_full_study_20260825/libero_10_swap/fixed_recovery/task_07/carve-full-study-fixed_recovery-libero_10_swap-t7-r3-s7/episode.mp4	681216	results
results/libero_pro_full_study_20260825/libero_10_swap/fixed_recovery/task_07/carve-full-study-fixed_recovery-libero_10_swap-t7-r4-s7/episode.mp4	642288	results
results/libero_pro_full_study_20260825/libero_10_swap/fixed_recovery/task_07/carve-full-study-fixed_recovery-libero_10_swap-t7-r5-s7/episode.mp4	628674	results
results/libero_pro_full_study_20260825/libero_10_swap/fixed_recovery/task_07/carve-full-study-fixed_recovery-libero_10_swap-t7-r6-s7/episode.mp4	211230	results
results/libero_pro_full_study_20260825/libero_10_swap/fixed_recovery/task_07/carve-full-study-fixed_recovery-libero_10_swap-t7-r7-s7/episode.mp4	631857	results
results/libero_pro_full_study_20260825/libero_10_swap/fixed_recovery/task_07/carve-full-study-fixed_recovery-libero_10_swap-t7-r8-s7/episode.mp4	634062	results
results/libero_pro_full_study_20260825/libero_10_swap/fixed_recovery/task_07/carve-full-study-fixed_recovery-libero_10_swap-t7-r9-s7/episode.mp4	523936	results
results/libero_pro_full_study_20260825/libero_10_swap/fixed_recovery/task_08/carve-full-study-fixed_recovery-libero_10_swap-t8-r0-s7/episode.mp4	646343	results
results/libero_pro_full_study_20260825/libero_10_swap/fixed_recovery/task_08/carve-full-study-fixed_recovery-libero_10_swap-t8-r1-s7/episode.mp4	407336	results
results/libero_pro_full_study_20260825/libero_10_swap/fixed_recovery/task_08/carve-full-study-fixed_recovery-libero_10_swap-t8-r2-s7/episode.mp4	638373	results
results/libero_pro_full_study_20260825/libero_10_swap/fixed_recovery/task_08/carve-full-study-fixed_recovery-libero_10_swap-t8-r3-s7/episode.mp4	752702	results
results/libero_pro_full_study_20260825/libero_10_swap/fixed_recovery/task_08/carve-full-study-fixed_recovery-libero_10_swap-t8-r4-s7/episode.mp4	360034	results
results/libero_pro_full_study_20260825/libero_10_swap/fixed_recovery/task_08/carve-full-study-fixed_recovery-libero_10_swap-t8-r5-s7/episode.mp4	681146	results
results/libero_pro_full_study_20260825/libero_10_swap/fixed_recovery/task_08/carve-full-study-fixed_recovery-libero_10_swap-t8-r6-s7/episode.mp4	186052	results
results/libero_pro_full_study_20260825/libero_10_swap/fixed_recovery/task_08/carve-full-study-fixed_recovery-libero_10_swap-t8-r7-s7/episode.mp4	289836	results
results/libero_pro_full_study_20260825/libero_10_swap/fixed_recovery/task_08/carve-full-study-fixed_recovery-libero_10_swap-t8-r8-s7/episode.mp4	302018	results
results/libero_pro_full_study_20260825/libero_10_swap/fixed_recovery/task_08/carve-full-study-fixed_recovery-libero_10_swap-t8-r9-s7/episode.mp4	672650	results
results/libero_pro_full_study_20260825/libero_10_swap/fixed_recovery/task_09/carve-full-study-fixed_recovery-libero_10_swap-t9-r0-s7/episode.mp4	613646	results
results/libero_pro_full_study_20260825/libero_10_swap/fixed_recovery/task_09/carve-full-study-fixed_recovery-libero_10_swap-t9-r1-s7/episode.mp4	644652	results
results/libero_pro_full_study_20260825/libero_10_swap/fixed_recovery/task_09/carve-full-study-fixed_recovery-libero_10_swap-t9-r2-s7/episode.mp4	660150	results
results/libero_pro_full_study_20260825/libero_10_swap/fixed_recovery/task_09/carve-full-study-fixed_recovery-libero_10_swap-t9-r3-s7/episode.mp4	734711	results
results/libero_pro_full_study_20260825/libero_10_swap/fixed_recovery/task_09/carve-full-study-fixed_recovery-libero_10_swap-t9-r4-s7/episode.mp4	634508	results
results/libero_pro_full_study_20260825/libero_10_swap/fixed_recovery/task_09/carve-full-study-fixed_recovery-libero_10_swap-t9-r5-s7/episode.mp4	522370	results
results/libero_pro_full_study_20260825/libero_10_swap/fixed_recovery/task_09/carve-full-study-fixed_recovery-libero_10_swap-t9-r6-s7/episode.mp4	557762	results
results/libero_pro_full_study_20260825/libero_10_swap/fixed_recovery/task_09/carve-full-study-fixed_recovery-libero_10_swap-t9-r7-s7/episode.mp4	576032	results
results/libero_pro_full_study_20260825/libero_10_swap/fixed_recovery/task_09/carve-full-study-fixed_recovery-libero_10_swap-t9-r8-s7/episode.mp4	657027	results
results/libero_pro_full_study_20260825/libero_10_swap/fixed_recovery/task_09/carve-full-study-fixed_recovery-libero_10_swap-t9-r9-s7/episode.mp4	654178	results
results/libero_pro_full_study_20260825/libero_10_swap/frozen_vla/task_00/carve-full-study-frozen_vla-libero_10_swap-t0-r0-s7/episode.mp4	650246	results
results/libero_pro_full_study_20260825/libero_10_swap/frozen_vla/task_00/carve-full-study-frozen_vla-libero_10_swap-t0-r1-s7/episode.mp4	551492	results
results/libero_pro_full_study_20260825/libero_10_swap/frozen_vla/task_00/carve-full-study-frozen_vla-libero_10_swap-t0-r2-s7/episode.mp4	391836	results
results/libero_pro_full_study_20260825/libero_10_swap/frozen_vla/task_00/carve-full-study-frozen_vla-libero_10_swap-t0-r3-s7/episode.mp4	516671	results
results/libero_pro_full_study_20260825/libero_10_swap/frozen_vla/task_00/carve-full-study-frozen_vla-libero_10_swap-t0-r4-s7/episode.mp4	380920	results
results/libero_pro_full_study_20260825/libero_10_swap/frozen_vla/task_00/carve-full-study-frozen_vla-libero_10_swap-t0-r5-s7/episode.mp4	403291	results
results/libero_pro_full_study_20260825/libero_10_swap/frozen_vla/task_00/carve-full-study-frozen_vla-libero_10_swap-t0-r6-s7/episode.mp4	564874	results
results/libero_pro_full_study_20260825/libero_10_swap/frozen_vla/task_00/carve-full-study-frozen_vla-libero_10_swap-t0-r7-s7/episode.mp4	469981	results
results/libero_pro_full_study_20260825/libero_10_swap/frozen_vla/task_00/carve-full-study-frozen_vla-libero_10_swap-t0-r8-s7/episode.mp4	387804	results
results/libero_pro_full_study_20260825/libero_10_swap/frozen_vla/task_00/carve-full-study-frozen_vla-libero_10_swap-t0-r9-s7/episode.mp4	401339	results
results/libero_pro_full_study_20260825/libero_10_swap/frozen_vla/task_01/carve-full-study-frozen_vla-libero_10_swap-t1-r0-s7/episode.mp4	639108	results
results/libero_pro_full_study_20260825/libero_10_swap/frozen_vla/task_01/carve-full-study-frozen_vla-libero_10_swap-t1-r1-s7/episode.mp4	761428	results
results/libero_pro_full_study_20260825/libero_10_swap/frozen_vla/task_01/carve-full-study-frozen_vla-libero_10_swap-t1-r2-s7/episode.mp4	504674	results
results/libero_pro_full_study_20260825/libero_10_swap/frozen_vla/task_01/carve-full-study-frozen_vla-libero_10_swap-t1-r3-s7/episode.mp4	610933	results
results/libero_pro_full_study_20260825/libero_10_swap/frozen_vla/task_01/carve-full-study-frozen_vla-libero_10_swap-t1-r4-s7/episode.mp4	552969	results
results/libero_pro_full_study_20260825/libero_10_swap/frozen_vla/task_01/carve-full-study-frozen_vla-libero_10_swap-t1-r5-s7/episode.mp4	640145	results
results/libero_pro_full_study_20260825/libero_10_swap/frozen_vla/task_01/carve-full-study-frozen_vla-libero_10_swap-t1-r6-s7/episode.mp4	498307	results
results/libero_pro_full_study_20260825/libero_10_swap/frozen_vla/task_01/carve-full-study-frozen_vla-libero_10_swap-t1-r7-s7/episode.mp4	579460	results
results/libero_pro_full_study_20260825/libero_10_swap/frozen_vla/task_01/carve-full-study-frozen_vla-libero_10_swap-t1-r8-s7/episode.mp4	894894	results
results/libero_pro_full_study_20260825/libero_10_swap/frozen_vla/task_01/carve-full-study-frozen_vla-libero_10_swap-t1-r9-s7/episode.mp4	721345	results
results/libero_pro_full_study_20260825/libero_10_swap/frozen_vla/task_02/carve-full-study-frozen_vla-libero_10_swap-t2-r0-s7/episode.mp4	779002	results
results/libero_pro_full_study_20260825/libero_10_swap/frozen_vla/task_02/carve-full-study-frozen_vla-libero_10_swap-t2-r1-s7/episode.mp4	742285	results
results/libero_pro_full_study_20260825/libero_10_swap/frozen_vla/task_02/carve-full-study-frozen_vla-libero_10_swap-t2-r2-s7/episode.mp4	694944	results
results/libero_pro_full_study_20260825/libero_10_swap/frozen_vla/task_02/carve-full-study-frozen_vla-libero_10_swap-t2-r3-s7/episode.mp4	802345	results
results/libero_pro_full_study_20260825/libero_10_swap/frozen_vla/task_02/carve-full-study-frozen_vla-libero_10_swap-t2-r4-s7/episode.mp4	745529	results
results/libero_pro_full_study_20260825/libero_10_swap/frozen_vla/task_02/carve-full-study-frozen_vla-libero_10_swap-t2-r5-s7/episode.mp4	756566	results
results/libero_pro_full_study_20260825/libero_10_swap/frozen_vla/task_02/carve-full-study-frozen_vla-libero_10_swap-t2-r6-s7/episode.mp4	720978	results
results/libero_pro_full_study_20260825/libero_10_swap/frozen_vla/task_02/carve-full-study-frozen_vla-libero_10_swap-t2-r7-s7/episode.mp4	760261	results
results/libero_pro_full_study_20260825/libero_10_swap/frozen_vla/task_02/carve-full-study-frozen_vla-libero_10_swap-t2-r8-s7/episode.mp4	758616	results
results/libero_pro_full_study_20260825/libero_10_swap/frozen_vla/task_02/carve-full-study-frozen_vla-libero_10_swap-t2-r9-s7/episode.mp4	812761	results
results/libero_pro_full_study_20260825/libero_10_swap/frozen_vla/task_03/carve-full-study-frozen_vla-libero_10_swap-t3-r0-s7/episode.mp4	822732	results
results/libero_pro_full_study_20260825/libero_10_swap/frozen_vla/task_03/carve-full-study-frozen_vla-libero_10_swap-t3-r1-s7/episode.mp4	686793	results
results/libero_pro_full_study_20260825/libero_10_swap/frozen_vla/task_03/carve-full-study-frozen_vla-libero_10_swap-t3-r2-s7/episode.mp4	787359	results
results/libero_pro_full_study_20260825/libero_10_swap/frozen_vla/task_03/carve-full-study-frozen_vla-libero_10_swap-t3-r3-s7/episode.mp4	795267	results
results/libero_pro_full_study_20260825/libero_10_swap/frozen_vla/task_03/carve-full-study-frozen_vla-libero_10_swap-t3-r4-s7/episode.mp4	656327	results
results/libero_pro_full_study_20260825/libero_10_swap/frozen_vla/task_03/carve-full-study-frozen_vla-libero_10_swap-t3-r5-s7/episode.mp4	738821	results
results/libero_pro_full_study_20260825/libero_10_swap/frozen_vla/task_03/carve-full-study-frozen_vla-libero_10_swap-t3-r6-s7/episode.mp4	665849	results
results/libero_pro_full_study_20260825/libero_10_swap/frozen_vla/task_03/carve-full-study-frozen_vla-libero_10_swap-t3-r7-s7/episode.mp4	746787	results
results/libero_pro_full_study_20260825/libero_10_swap/frozen_vla/task_03/carve-full-study-frozen_vla-libero_10_swap-t3-r8-s7/episode.mp4	718229	results
results/libero_pro_full_study_20260825/libero_10_swap/frozen_vla/task_03/carve-full-study-frozen_vla-libero_10_swap-t3-r9-s7/episode.mp4	698050	results
results/libero_pro_full_study_20260825/libero_10_swap/frozen_vla/task_04/carve-full-study-frozen_vla-libero_10_swap-t4-r0-s7/episode.mp4	397953	results
results/libero_pro_full_study_20260825/libero_10_swap/frozen_vla/task_04/carve-full-study-frozen_vla-libero_10_swap-t4-r1-s7/episode.mp4	408125	results
results/libero_pro_full_study_20260825/libero_10_swap/frozen_vla/task_04/carve-full-study-frozen_vla-libero_10_swap-t4-r2-s7/episode.mp4	600244	results
results/libero_pro_full_study_20260825/libero_10_swap/frozen_vla/task_04/carve-full-study-frozen_vla-libero_10_swap-t4-r3-s7/episode.mp4	425171	results
results/libero_pro_full_study_20260825/libero_10_swap/frozen_vla/task_04/carve-full-study-frozen_vla-libero_10_swap-t4-r4-s7/episode.mp4	545820	results
results/libero_pro_full_study_20260825/libero_10_swap/frozen_vla/task_04/carve-full-study-frozen_vla-libero_10_swap-t4-r5-s7/episode.mp4	382450	results
results/libero_pro_full_study_20260825/libero_10_swap/frozen_vla/task_04/carve-full-study-frozen_vla-libero_10_swap-t4-r6-s7/episode.mp4	409183	results
results/libero_pro_full_study_20260825/libero_10_swap/frozen_vla/task_04/carve-full-study-frozen_vla-libero_10_swap-t4-r7-s7/episode.mp4	431101	results
results/libero_pro_full_study_20260825/libero_10_swap/frozen_vla/task_04/carve-full-study-frozen_vla-libero_10_swap-t4-r8-s7/episode.mp4	423279	results
results/libero_pro_full_study_20260825/libero_10_swap/frozen_vla/task_04/carve-full-study-frozen_vla-libero_10_swap-t4-r9-s7/episode.mp4	409217	results
results/libero_pro_full_study_20260825/libero_10_swap/frozen_vla/task_05/carve-full-study-frozen_vla-libero_10_swap-t5-r0-s7/episode.mp4	441260	results
results/libero_pro_full_study_20260825/libero_10_swap/frozen_vla/task_05/carve-full-study-frozen_vla-libero_10_swap-t5-r1-s7/episode.mp4	188941	results
results/libero_pro_full_study_20260825/libero_10_swap/frozen_vla/task_05/carve-full-study-frozen_vla-libero_10_swap-t5-r2-s7/episode.mp4	212690	results
results/libero_pro_full_study_20260825/libero_10_swap/frozen_vla/task_05/carve-full-study-frozen_vla-libero_10_swap-t5-r3-s7/episode.mp4	202543	results
results/libero_pro_full_study_20260825/libero_10_swap/frozen_vla/task_05/carve-full-study-frozen_vla-libero_10_swap-t5-r4-s7/episode.mp4	307084	results
results/libero_pro_full_study_20260825/libero_10_swap/frozen_vla/task_05/carve-full-study-frozen_vla-libero_10_swap-t5-r5-s7/episode.mp4	203286	results
results/libero_pro_full_study_20260825/libero_10_swap/frozen_vla/task_05/carve-full-study-frozen_vla-libero_10_swap-t5-r6-s7/episode.mp4	201201	results
results/libero_pro_full_study_20260825/libero_10_swap/frozen_vla/task_05/carve-full-study-frozen_vla-libero_10_swap-t5-r7-s7/episode.mp4	200701	results
results/libero_pro_full_study_20260825/libero_10_swap/frozen_vla/task_05/carve-full-study-frozen_vla-libero_10_swap-t5-r8-s7/episode.mp4	200950	results
results/libero_pro_full_study_20260825/libero_10_swap/frozen_vla/task_05/carve-full-study-frozen_vla-libero_10_swap-t5-r9-s7/episode.mp4	200491	results
results/libero_pro_full_study_20260825/libero_10_swap/frozen_vla/task_06/carve-full-study-frozen_vla-libero_10_swap-t6-r0-s7/episode.mp4	759851	results
results/libero_pro_full_study_20260825/libero_10_swap/frozen_vla/task_06/carve-full-study-frozen_vla-libero_10_swap-t6-r1-s7/episode.mp4	842584	results
results/libero_pro_full_study_20260825/libero_10_swap/frozen_vla/task_06/carve-full-study-frozen_vla-libero_10_swap-t6-r2-s7/episode.mp4	872905	results
results/libero_pro_full_study_20260825/libero_10_swap/frozen_vla/task_06/carve-full-study-frozen_vla-libero_10_swap-t6-r3-s7/episode.mp4	879806	results
results/libero_pro_full_study_20260825/libero_10_swap/frozen_vla/task_06/carve-full-study-frozen_vla-libero_10_swap-t6-r4-s7/episode.mp4	683254	results
results/libero_pro_full_study_20260825/libero_10_swap/frozen_vla/task_06/carve-full-study-frozen_vla-libero_10_swap-t6-r5-s7/episode.mp4	999562	results
results/libero_pro_full_study_20260825/libero_10_swap/frozen_vla/task_06/carve-full-study-frozen_vla-libero_10_swap-t6-r6-s7/episode.mp4	834261	results
results/libero_pro_full_study_20260825/libero_10_swap/frozen_vla/task_06/carve-full-study-frozen_vla-libero_10_swap-t6-r7-s7/episode.mp4	888590	results
results/libero_pro_full_study_20260825/libero_10_swap/frozen_vla/task_06/carve-full-study-frozen_vla-libero_10_swap-t6-r8-s7/episode.mp4	911294	results
results/libero_pro_full_study_20260825/libero_10_swap/frozen_vla/task_06/carve-full-study-frozen_vla-libero_10_swap-t6-r9-s7/episode.mp4	662866	results
results/libero_pro_full_study_20260825/libero_10_swap/frozen_vla/task_07/carve-full-study-frozen_vla-libero_10_swap-t7-r0-s7/episode.mp4	606672	results
results/libero_pro_full_study_20260825/libero_10_swap/frozen_vla/task_07/carve-full-study-frozen_vla-libero_10_swap-t7-r1-s7/episode.mp4	572900	results
results/libero_pro_full_study_20260825/libero_10_swap/frozen_vla/task_07/carve-full-study-frozen_vla-libero_10_swap-t7-r2-s7/episode.mp4	614591	results
results/libero_pro_full_study_20260825/libero_10_swap/frozen_vla/task_07/carve-full-study-frozen_vla-libero_10_swap-t7-r3-s7/episode.mp4	793604	results
results/libero_pro_full_study_20260825/libero_10_swap/frozen_vla/task_07/carve-full-study-frozen_vla-libero_10_swap-t7-r4-s7/episode.mp4	565511	results
results/libero_pro_full_study_20260825/libero_10_swap/frozen_vla/task_07/carve-full-study-frozen_vla-libero_10_swap-t7-r5-s7/episode.mp4	628674	results
results/libero_pro_full_study_20260825/libero_10_swap/frozen_vla/task_07/carve-full-study-frozen_vla-libero_10_swap-t7-r6-s7/episode.mp4	525573	results
results/libero_pro_full_study_20260825/libero_10_swap/frozen_vla/task_07/carve-full-study-frozen_vla-libero_10_swap-t7-r7-s7/episode.mp4	571287	results
results/libero_pro_full_study_20260825/libero_10_swap/frozen_vla/task_07/carve-full-study-frozen_vla-libero_10_swap-t7-r8-s7/episode.mp4	632985	results
results/libero_pro_full_study_20260825/libero_10_swap/frozen_vla/task_07/carve-full-study-frozen_vla-libero_10_swap-t7-r9-s7/episode.mp4	598069	results
results/libero_pro_full_study_20260825/libero_10_swap/frozen_vla/task_08/carve-full-study-frozen_vla-libero_10_swap-t8-r0-s7/episode.mp4	820202	results
results/libero_pro_full_study_20260825/libero_10_swap/frozen_vla/task_08/carve-full-study-frozen_vla-libero_10_swap-t8-r1-s7/episode.mp4	815546	results
results/libero_pro_full_study_20260825/libero_10_swap/frozen_vla/task_08/carve-full-study-frozen_vla-libero_10_swap-t8-r2-s7/episode.mp4	844818	results
results/libero_pro_full_study_20260825/libero_10_swap/frozen_vla/task_08/carve-full-study-frozen_vla-libero_10_swap-t8-r3-s7/episode.mp4	846451	results
results/libero_pro_full_study_20260825/libero_10_swap/frozen_vla/task_08/carve-full-study-frozen_vla-libero_10_swap-t8-r4-s7/episode.mp4	819775	results
results/libero_pro_full_study_20260825/libero_10_swap/frozen_vla/task_08/carve-full-study-frozen_vla-libero_10_swap-t8-r5-s7/episode.mp4	828429	results
results/libero_pro_full_study_20260825/libero_10_swap/frozen_vla/task_08/carve-full-study-frozen_vla-libero_10_swap-t8-r6-s7/episode.mp4	722102	results
results/libero_pro_full_study_20260825/libero_10_swap/frozen_vla/task_08/carve-full-study-frozen_vla-libero_10_swap-t8-r7-s7/episode.mp4	749561	results
results/libero_pro_full_study_20260825/libero_10_swap/frozen_vla/task_08/carve-full-study-frozen_vla-libero_10_swap-t8-r8-s7/episode.mp4	666293	results
results/libero_pro_full_study_20260825/libero_10_swap/frozen_vla/task_08/carve-full-study-frozen_vla-libero_10_swap-t8-r9-s7/episode.mp4	773251	results
results/libero_pro_full_study_20260825/libero_10_swap/frozen_vla/task_09/carve-full-study-frozen_vla-libero_10_swap-t9-r0-s7/episode.mp4	613646	results
results/libero_pro_full_study_20260825/libero_10_swap/frozen_vla/task_09/carve-full-study-frozen_vla-libero_10_swap-t9-r1-s7/episode.mp4	650230	results
results/libero_pro_full_study_20260825/libero_10_swap/frozen_vla/task_09/carve-full-study-frozen_vla-libero_10_swap-t9-r2-s7/episode.mp4	660150	results
results/libero_pro_full_study_20260825/libero_10_swap/frozen_vla/task_09/carve-full-study-frozen_vla-libero_10_swap-t9-r3-s7/episode.mp4	751408	results
results/libero_pro_full_study_20260825/libero_10_swap/frozen_vla/task_09/carve-full-study-frozen_vla-libero_10_swap-t9-r4-s7/episode.mp4	634508	results
results/libero_pro_full_study_20260825/libero_10_swap/frozen_vla/task_09/carve-full-study-frozen_vla-libero_10_swap-t9-r5-s7/episode.mp4	522370	results
results/libero_pro_full_study_20260825/libero_10_swap/frozen_vla/task_09/carve-full-study-frozen_vla-libero_10_swap-t9-r6-s7/episode.mp4	663641	results
results/libero_pro_full_study_20260825/libero_10_swap/frozen_vla/task_09/carve-full-study-frozen_vla-libero_10_swap-t9-r7-s7/episode.mp4	576032	results
results/libero_pro_full_study_20260825/libero_10_swap/frozen_vla/task_09/carve-full-study-frozen_vla-libero_10_swap-t9-r8-s7/episode.mp4	626870	results
results/libero_pro_full_study_20260825/libero_10_swap/frozen_vla/task_09/carve-full-study-frozen_vla-libero_10_swap-t9-r9-s7/episode.mp4	654178	results
results/libero_pro_full_study_20260825/libero_10_task/agentic/task_00/carve-full-study-agentic-libero_10_task-t0-r0-s7/episode.mp4	435895	results
results/libero_pro_full_study_20260825/libero_10_task/agentic/task_00/carve-full-study-agentic-libero_10_task-t0-r1-s7/episode.mp4	475095	results
results/libero_pro_full_study_20260825/libero_10_task/agentic/task_00/carve-full-study-agentic-libero_10_task-t0-r2-s7/episode.mp4	461181	results
results/libero_pro_full_study_20260825/libero_10_task/agentic/task_00/carve-full-study-agentic-libero_10_task-t0-r3-s7/episode.mp4	522734	results
results/libero_pro_full_study_20260825/libero_10_task/agentic/task_00/carve-full-study-agentic-libero_10_task-t0-r4-s7/episode.mp4	437805	results
results/libero_pro_full_study_20260825/libero_10_task/agentic/task_00/carve-full-study-agentic-libero_10_task-t0-r5-s7/episode.mp4	561732	results
results/libero_pro_full_study_20260825/libero_10_task/agentic/task_00/carve-full-study-agentic-libero_10_task-t0-r6-s7/episode.mp4	686606	results
results/libero_pro_full_study_20260825/libero_10_task/agentic/task_00/carve-full-study-agentic-libero_10_task-t0-r7-s7/episode.mp4	446038	results
results/libero_pro_full_study_20260825/libero_10_task/agentic/task_00/carve-full-study-agentic-libero_10_task-t0-r8-s7/episode.mp4	454113	results
results/libero_pro_full_study_20260825/libero_10_task/agentic/task_00/carve-full-study-agentic-libero_10_task-t0-r9-s7/episode.mp4	489888	results
results/libero_pro_full_study_20260825/libero_10_task/agentic/task_01/carve-full-study-agentic-libero_10_task-t1-r0-s7/episode.mp4	643886	results
results/libero_pro_full_study_20260825/libero_10_task/agentic/task_01/carve-full-study-agentic-libero_10_task-t1-r1-s7/episode.mp4	606282	results
results/libero_pro_full_study_20260825/libero_10_task/agentic/task_01/carve-full-study-agentic-libero_10_task-t1-r2-s7/episode.mp4	542532	results
results/libero_pro_full_study_20260825/libero_10_task/agentic/task_01/carve-full-study-agentic-libero_10_task-t1-r3-s7/episode.mp4	567241	results
results/libero_pro_full_study_20260825/libero_10_task/agentic/task_01/carve-full-study-agentic-libero_10_task-t1-r4-s7/episode.mp4	601446	results
results/libero_pro_full_study_20260825/libero_10_task/agentic/task_01/carve-full-study-agentic-libero_10_task-t1-r5-s7/episode.mp4	584568	results
results/libero_pro_full_study_20260825/libero_10_task/agentic/task_01/carve-full-study-agentic-libero_10_task-t1-r6-s7/episode.mp4	512351	results
results/libero_pro_full_study_20260825/libero_10_task/agentic/task_01/carve-full-study-agentic-libero_10_task-t1-r7-s7/episode.mp4	483968	results
results/libero_pro_full_study_20260825/libero_10_task/agentic/task_01/carve-full-study-agentic-libero_10_task-t1-r8-s7/episode.mp4	491208	results
results/libero_pro_full_study_20260825/libero_10_task/agentic/task_01/carve-full-study-agentic-libero_10_task-t1-r9-s7/episode.mp4	699213	results
results/libero_pro_full_study_20260825/libero_10_task/agentic/task_02/carve-full-study-agentic-libero_10_task-t2-r0-s7/episode.mp4	519206	results
results/libero_pro_full_study_20260825/libero_10_task/agentic/task_02/carve-full-study-agentic-libero_10_task-t2-r1-s7/episode.mp4	708983	results
results/libero_pro_full_study_20260825/libero_10_task/agentic/task_02/carve-full-study-agentic-libero_10_task-t2-r2-s7/episode.mp4	686986	results
results/libero_pro_full_study_20260825/libero_10_task/agentic/task_02/carve-full-study-agentic-libero_10_task-t2-r3-s7/episode.mp4	471373	results
results/libero_pro_full_study_20260825/libero_10_task/agentic/task_02/carve-full-study-agentic-libero_10_task-t2-r4-s7/episode.mp4	380455	results
results/libero_pro_full_study_20260825/libero_10_task/agentic/task_02/carve-full-study-agentic-libero_10_task-t2-r5-s7/episode.mp4	505545	results
results/libero_pro_full_study_20260825/libero_10_task/agentic/task_02/carve-full-study-agentic-libero_10_task-t2-r6-s7/episode.mp4	653160	results
results/libero_pro_full_study_20260825/libero_10_task/agentic/task_02/carve-full-study-agentic-libero_10_task-t2-r7-s7/episode.mp4	580240	results
results/libero_pro_full_study_20260825/libero_10_task/agentic/task_02/carve-full-study-agentic-libero_10_task-t2-r8-s7/episode.mp4	645691	results
results/libero_pro_full_study_20260825/libero_10_task/agentic/task_02/carve-full-study-agentic-libero_10_task-t2-r9-s7/episode.mp4	767198	results
results/libero_pro_full_study_20260825/libero_10_task/agentic/task_03/carve-full-study-agentic-libero_10_task-t3-r0-s7/episode.mp4	636345	results
results/libero_pro_full_study_20260825/libero_10_task/agentic/task_03/carve-full-study-agentic-libero_10_task-t3-r1-s7/episode.mp4	439183	results
results/libero_pro_full_study_20260825/libero_10_task/agentic/task_03/carve-full-study-agentic-libero_10_task-t3-r2-s7/episode.mp4	623781	results
results/libero_pro_full_study_20260825/libero_10_task/agentic/task_03/carve-full-study-agentic-libero_10_task-t3-r3-s7/episode.mp4	519208	results
results/libero_pro_full_study_20260825/libero_10_task/agentic/task_03/carve-full-study-agentic-libero_10_task-t3-r4-s7/episode.mp4	459555	results
results/libero_pro_full_study_20260825/libero_10_task/agentic/task_03/carve-full-study-agentic-libero_10_task-t3-r5-s7/episode.mp4	630253	results
results/libero_pro_full_study_20260825/libero_10_task/agentic/task_03/carve-full-study-agentic-libero_10_task-t3-r6-s7/episode.mp4	455248	results
results/libero_pro_full_study_20260825/libero_10_task/agentic/task_03/carve-full-study-agentic-libero_10_task-t3-r7-s7/episode.mp4	533602	results
results/libero_pro_full_study_20260825/libero_10_task/agentic/task_03/carve-full-study-agentic-libero_10_task-t3-r8-s7/episode.mp4	478018	results
results/libero_pro_full_study_20260825/libero_10_task/agentic/task_03/carve-full-study-agentic-libero_10_task-t3-r9-s7/episode.mp4	781320	results
results/libero_pro_full_study_20260825/libero_10_task/agentic/task_04/carve-full-study-agentic-libero_10_task-t4-r0-s7/episode.mp4	416997	results
results/libero_pro_full_study_20260825/libero_10_task/agentic/task_04/carve-full-study-agentic-libero_10_task-t4-r1-s7/episode.mp4	387781	results
results/libero_pro_full_study_20260825/libero_10_task/agentic/task_04/carve-full-study-agentic-libero_10_task-t4-r2-s7/episode.mp4	445416	results
results/libero_pro_full_study_20260825/libero_10_task/agentic/task_04/carve-full-study-agentic-libero_10_task-t4-r3-s7/episode.mp4	402565	results
results/libero_pro_full_study_20260825/libero_10_task/agentic/task_04/carve-full-study-agentic-libero_10_task-t4-r4-s7/episode.mp4	434944	results
results/libero_pro_full_study_20260825/libero_10_task/agentic/task_04/carve-full-study-agentic-libero_10_task-t4-r5-s7/episode.mp4	374589	results
results/libero_pro_full_study_20260825/libero_10_task/agentic/task_04/carve-full-study-agentic-libero_10_task-t4-r6-s7/episode.mp4	368469	results
results/libero_pro_full_study_20260825/libero_10_task/agentic/task_04/carve-full-study-agentic-libero_10_task-t4-r7-s7/episode.mp4	386478	results
results/libero_pro_full_study_20260825/libero_10_task/agentic/task_04/carve-full-study-agentic-libero_10_task-t4-r8-s7/episode.mp4	444663	results
results/libero_pro_full_study_20260825/libero_10_task/agentic/task_04/carve-full-study-agentic-libero_10_task-t4-r9-s7/episode.mp4	381884	results
results/libero_pro_full_study_20260825/libero_10_task/agentic/task_05/carve-full-study-agentic-libero_10_task-t5-r0-s7/episode.mp4	380977	results
results/libero_pro_full_study_20260825/libero_10_task/agentic/task_05/carve-full-study-agentic-libero_10_task-t5-r1-s7/episode.mp4	372927	results
results/libero_pro_full_study_20260825/libero_10_task/agentic/task_05/carve-full-study-agentic-libero_10_task-t5-r2-s7/episode.mp4	288076	results
results/libero_pro_full_study_20260825/libero_10_task/agentic/task_05/carve-full-study-agentic-libero_10_task-t5-r3-s7/episode.mp4	290491	results
results/libero_pro_full_study_20260825/libero_10_task/agentic/task_05/carve-full-study-agentic-libero_10_task-t5-r4-s7/episode.mp4	381340	results
results/libero_pro_full_study_20260825/libero_10_task/agentic/task_05/carve-full-study-agentic-libero_10_task-t5-r5-s7/episode.mp4	335611	results
results/libero_pro_full_study_20260825/libero_10_task/agentic/task_05/carve-full-study-agentic-libero_10_task-t5-r6-s7/episode.mp4	435831	results
results/libero_pro_full_study_20260825/libero_10_task/agentic/task_05/carve-full-study-agentic-libero_10_task-t5-r7-s7/episode.mp4	450350	results
results/libero_pro_full_study_20260825/libero_10_task/agentic/task_05/carve-full-study-agentic-libero_10_task-t5-r8-s7/episode.mp4	332392	results
results/libero_pro_full_study_20260825/libero_10_task/agentic/task_05/carve-full-study-agentic-libero_10_task-t5-r9-s7/episode.mp4	354468	results
results/libero_pro_full_study_20260825/libero_10_task/agentic/task_06/carve-full-study-agentic-libero_10_task-t6-r0-s7/episode.mp4	544411	results
results/libero_pro_full_study_20260825/libero_10_task/agentic/task_06/carve-full-study-agentic-libero_10_task-t6-r1-s7/episode.mp4	523100	results
results/libero_pro_full_study_20260825/libero_10_task/agentic/task_06/carve-full-study-agentic-libero_10_task-t6-r2-s7/episode.mp4	504636	results
results/libero_pro_full_study_20260825/libero_10_task/agentic/task_06/carve-full-study-agentic-libero_10_task-t6-r3-s7/episode.mp4	782484	results
results/libero_pro_full_study_20260825/libero_10_task/agentic/task_06/carve-full-study-agentic-libero_10_task-t6-r4-s7/episode.mp4	635605	results
results/libero_pro_full_study_20260825/libero_10_task/agentic/task_06/carve-full-study-agentic-libero_10_task-t6-r5-s7/episode.mp4	522732	results
results/libero_pro_full_study_20260825/libero_10_task/agentic/task_06/carve-full-study-agentic-libero_10_task-t6-r6-s7/episode.mp4	781579	results
results/libero_pro_full_study_20260825/libero_10_task/agentic/task_06/carve-full-study-agentic-libero_10_task-t6-r7-s7/episode.mp4	677706	results
results/libero_pro_full_study_20260825/libero_10_task/agentic/task_06/carve-full-study-agentic-libero_10_task-t6-r8-s7/episode.mp4	835279	results
results/libero_pro_full_study_20260825/libero_10_task/agentic/task_06/carve-full-study-agentic-libero_10_task-t6-r9-s7/episode.mp4	419380	results
results/libero_pro_full_study_20260825/libero_10_task/agentic/task_07/carve-full-study-agentic-libero_10_task-t7-r0-s7/episode.mp4	455628	results
results/libero_pro_full_study_20260825/libero_10_task/agentic/task_07/carve-full-study-agentic-libero_10_task-t7-r1-s7/episode.mp4	535165	results
results/libero_pro_full_study_20260825/libero_10_task/agentic/task_07/carve-full-study-agentic-libero_10_task-t7-r2-s7/episode.mp4	622694	results
results/libero_pro_full_study_20260825/libero_10_task/agentic/task_07/carve-full-study-agentic-libero_10_task-t7-r3-s7/episode.mp4	473974	results
results/libero_pro_full_study_20260825/libero_10_task/agentic/task_07/carve-full-study-agentic-libero_10_task-t7-r4-s7/episode.mp4	546105	results
results/libero_pro_full_study_20260825/libero_10_task/agentic/task_07/carve-full-study-agentic-libero_10_task-t7-r5-s7/episode.mp4	439424	results
results/libero_pro_full_study_20260825/libero_10_task/agentic/task_07/carve-full-study-agentic-libero_10_task-t7-r6-s7/episode.mp4	500085	results
results/libero_pro_full_study_20260825/libero_10_task/agentic/task_07/carve-full-study-agentic-libero_10_task-t7-r7-s7/episode.mp4	369766	results
results/libero_pro_full_study_20260825/libero_10_task/agentic/task_07/carve-full-study-agentic-libero_10_task-t7-r8-s7/episode.mp4	547169	results
results/libero_pro_full_study_20260825/libero_10_task/agentic/task_07/carve-full-study-agentic-libero_10_task-t7-r9-s7/episode.mp4	457337	results
results/libero_pro_full_study_20260825/libero_10_task/agentic/task_08/carve-full-study-agentic-libero_10_task-t8-r0-s7/episode.mp4	520994	results
results/libero_pro_full_study_20260825/libero_10_task/agentic/task_08/carve-full-study-agentic-libero_10_task-t8-r1-s7/episode.mp4	398257	results
results/libero_pro_full_study_20260825/libero_10_task/agentic/task_08/carve-full-study-agentic-libero_10_task-t8-r2-s7/episode.mp4	546295	results
results/libero_pro_full_study_20260825/libero_10_task/agentic/task_08/carve-full-study-agentic-libero_10_task-t8-r3-s7/episode.mp4	491340	results
results/libero_pro_full_study_20260825/libero_10_task/agentic/task_08/carve-full-study-agentic-libero_10_task-t8-r4-s7/episode.mp4	570705	results
results/libero_pro_full_study_20260825/libero_10_task/agentic/task_08/carve-full-study-agentic-libero_10_task-t8-r5-s7/episode.mp4	556938	results
results/libero_pro_full_study_20260825/libero_10_task/agentic/task_08/carve-full-study-agentic-libero_10_task-t8-r6-s7/episode.mp4	296836	results
results/libero_pro_full_study_20260825/libero_10_task/agentic/task_08/carve-full-study-agentic-libero_10_task-t8-r7-s7/episode.mp4	554404	results
results/libero_pro_full_study_20260825/libero_10_task/agentic/task_08/carve-full-study-agentic-libero_10_task-t8-r8-s7/episode.mp4	597895	results
results/libero_pro_full_study_20260825/libero_10_task/agentic/task_08/carve-full-study-agentic-libero_10_task-t8-r9-s7/episode.mp4	584961	results
results/libero_pro_full_study_20260825/libero_10_task/agentic/task_09/carve-full-study-agentic-libero_10_task-t9-r0-s7/episode.mp4	714773	results
results/libero_pro_full_study_20260825/libero_10_task/agentic/task_09/carve-full-study-agentic-libero_10_task-t9-r1-s7/episode.mp4	766395	results
results/libero_pro_full_study_20260825/libero_10_task/agentic/task_09/carve-full-study-agentic-libero_10_task-t9-r2-s7/episode.mp4	775236	results
results/libero_pro_full_study_20260825/libero_10_task/agentic/task_09/carve-full-study-agentic-libero_10_task-t9-r3-s7/episode.mp4	742238	results
results/libero_pro_full_study_20260825/libero_10_task/agentic/task_09/carve-full-study-agentic-libero_10_task-t9-r4-s7/episode.mp4	756015	results
results/libero_pro_full_study_20260825/libero_10_task/agentic/task_09/carve-full-study-agentic-libero_10_task-t9-r5-s7/episode.mp4	786837	results
results/libero_pro_full_study_20260825/libero_10_task/agentic/task_09/carve-full-study-agentic-libero_10_task-t9-r6-s7/episode.mp4	736594	results
results/libero_pro_full_study_20260825/libero_10_task/agentic/task_09/carve-full-study-agentic-libero_10_task-t9-r7-s7/episode.mp4	707906	results
results/libero_pro_full_study_20260825/libero_10_task/agentic/task_09/carve-full-study-agentic-libero_10_task-t9-r8-s7/episode.mp4	728134	results
results/libero_pro_full_study_20260825/libero_10_task/agentic/task_09/carve-full-study-agentic-libero_10_task-t9-r9-s7/episode.mp4	760112	results
results/libero_pro_full_study_20260825/libero_10_task/fixed_recovery/task_00/carve-full-study-fixed_recovery-libero_10_task-t0-r0-s7/episode.mp4	435895	results
results/libero_pro_full_study_20260825/libero_10_task/fixed_recovery/task_00/carve-full-study-fixed_recovery-libero_10_task-t0-r1-s7/episode.mp4	475095	results
results/libero_pro_full_study_20260825/libero_10_task/fixed_recovery/task_00/carve-full-study-fixed_recovery-libero_10_task-t0-r2-s7/episode.mp4	458472	results
results/libero_pro_full_study_20260825/libero_10_task/fixed_recovery/task_00/carve-full-study-fixed_recovery-libero_10_task-t0-r3-s7/episode.mp4	522734	results
results/libero_pro_full_study_20260825/libero_10_task/fixed_recovery/task_00/carve-full-study-fixed_recovery-libero_10_task-t0-r4-s7/episode.mp4	437805	results
results/libero_pro_full_study_20260825/libero_10_task/fixed_recovery/task_00/carve-full-study-fixed_recovery-libero_10_task-t0-r5-s7/episode.mp4	516210	results
results/libero_pro_full_study_20260825/libero_10_task/fixed_recovery/task_00/carve-full-study-fixed_recovery-libero_10_task-t0-r6-s7/episode.mp4	678145	results
results/libero_pro_full_study_20260825/libero_10_task/fixed_recovery/task_00/carve-full-study-fixed_recovery-libero_10_task-t0-r7-s7/episode.mp4	446038	results
results/libero_pro_full_study_20260825/libero_10_task/fixed_recovery/task_00/carve-full-study-fixed_recovery-libero_10_task-t0-r8-s7/episode.mp4	454113	results
results/libero_pro_full_study_20260825/libero_10_task/fixed_recovery/task_00/carve-full-study-fixed_recovery-libero_10_task-t0-r9-s7/episode.mp4	489399	results
results/libero_pro_full_study_20260825/libero_10_task/fixed_recovery/task_01/carve-full-study-fixed_recovery-libero_10_task-t1-r0-s7/episode.mp4	643886	results
results/libero_pro_full_study_20260825/libero_10_task/fixed_recovery/task_01/carve-full-study-fixed_recovery-libero_10_task-t1-r1-s7/episode.mp4	606282	results
results/libero_pro_full_study_20260825/libero_10_task/fixed_recovery/task_01/carve-full-study-fixed_recovery-libero_10_task-t1-r2-s7/episode.mp4	526963	results
results/libero_pro_full_study_20260825/libero_10_task/fixed_recovery/task_01/carve-full-study-fixed_recovery-libero_10_task-t1-r3-s7/episode.mp4	537064	results
results/libero_pro_full_study_20260825/libero_10_task/fixed_recovery/task_01/carve-full-study-fixed_recovery-libero_10_task-t1-r4-s7/episode.mp4	518497	results
results/libero_pro_full_study_20260825/libero_10_task/fixed_recovery/task_01/carve-full-study-fixed_recovery-libero_10_task-t1-r5-s7/episode.mp4	527270	results
results/libero_pro_full_study_20260825/libero_10_task/fixed_recovery/task_01/carve-full-study-fixed_recovery-libero_10_task-t1-r6-s7/episode.mp4	497197	results
results/libero_pro_full_study_20260825/libero_10_task/fixed_recovery/task_01/carve-full-study-fixed_recovery-libero_10_task-t1-r7-s7/episode.mp4	468677	results
results/libero_pro_full_study_20260825/libero_10_task/fixed_recovery/task_01/carve-full-study-fixed_recovery-libero_10_task-t1-r8-s7/episode.mp4	446861	results
results/libero_pro_full_study_20260825/libero_10_task/fixed_recovery/task_01/carve-full-study-fixed_recovery-libero_10_task-t1-r9-s7/episode.mp4	784567	results
results/libero_pro_full_study_20260825/libero_10_task/fixed_recovery/task_02/carve-full-study-fixed_recovery-libero_10_task-t2-r0-s7/episode.mp4	499806	results
results/libero_pro_full_study_20260825/libero_10_task/fixed_recovery/task_02/carve-full-study-fixed_recovery-libero_10_task-t2-r1-s7/episode.mp4	708983	results
results/libero_pro_full_study_20260825/libero_10_task/fixed_recovery/task_02/carve-full-study-fixed_recovery-libero_10_task-t2-r2-s7/episode.mp4	686986	results
results/libero_pro_full_study_20260825/libero_10_task/fixed_recovery/task_02/carve-full-study-fixed_recovery-libero_10_task-t2-r3-s7/episode.mp4	479720	results
results/libero_pro_full_study_20260825/libero_10_task/fixed_recovery/task_02/carve-full-study-fixed_recovery-libero_10_task-t2-r4-s7/episode.mp4	694677	results
results/libero_pro_full_study_20260825/libero_10_task/fixed_recovery/task_02/carve-full-study-fixed_recovery-libero_10_task-t2-r5-s7/episode.mp4	504390	results
results/libero_pro_full_study_20260825/libero_10_task/fixed_recovery/task_02/carve-full-study-fixed_recovery-libero_10_task-t2-r6-s7/episode.mp4	723991	results
results/libero_pro_full_study_20260825/libero_10_task/fixed_recovery/task_02/carve-full-study-fixed_recovery-libero_10_task-t2-r7-s7/episode.mp4	706900	results
results/libero_pro_full_study_20260825/libero_10_task/fixed_recovery/task_02/carve-full-study-fixed_recovery-libero_10_task-t2-r8-s7/episode.mp4	577958	results
results/libero_pro_full_study_20260825/libero_10_task/fixed_recovery/task_02/carve-full-study-fixed_recovery-libero_10_task-t2-r9-s7/episode.mp4	767198	results
results/libero_pro_full_study_20260825/libero_10_task/fixed_recovery/task_03/carve-full-study-fixed_recovery-libero_10_task-t3-r0-s7/episode.mp4	744697	results
results/libero_pro_full_study_20260825/libero_10_task/fixed_recovery/task_03/carve-full-study-fixed_recovery-libero_10_task-t3-r1-s7/episode.mp4	480671	results
results/libero_pro_full_study_20260825/libero_10_task/fixed_recovery/task_03/carve-full-study-fixed_recovery-libero_10_task-t3-r2-s7/episode.mp4	617008	results
results/libero_pro_full_study_20260825/libero_10_task/fixed_recovery/task_03/carve-full-study-fixed_recovery-libero_10_task-t3-r3-s7/episode.mp4	510430	results
results/libero_pro_full_study_20260825/libero_10_task/fixed_recovery/task_03/carve-full-study-fixed_recovery-libero_10_task-t3-r4-s7/episode.mp4	456090	results
results/libero_pro_full_study_20260825/libero_10_task/fixed_recovery/task_03/carve-full-study-fixed_recovery-libero_10_task-t3-r5-s7/episode.mp4	622424	results
results/libero_pro_full_study_20260825/libero_10_task/fixed_recovery/task_03/carve-full-study-fixed_recovery-libero_10_task-t3-r6-s7/episode.mp4	451986	results
results/libero_pro_full_study_20260825/libero_10_task/fixed_recovery/task_03/carve-full-study-fixed_recovery-libero_10_task-t3-r7-s7/episode.mp4	521156	results
results/libero_pro_full_study_20260825/libero_10_task/fixed_recovery/task_03/carve-full-study-fixed_recovery-libero_10_task-t3-r8-s7/episode.mp4	511729	results
results/libero_pro_full_study_20260825/libero_10_task/fixed_recovery/task_03/carve-full-study-fixed_recovery-libero_10_task-t3-r9-s7/episode.mp4	783846	results
results/libero_pro_full_study_20260825/libero_10_task/fixed_recovery/task_04/carve-full-study-fixed_recovery-libero_10_task-t4-r0-s7/episode.mp4	416997	results
results/libero_pro_full_study_20260825/libero_10_task/fixed_recovery/task_04/carve-full-study-fixed_recovery-libero_10_task-t4-r1-s7/episode.mp4	388363	results
results/libero_pro_full_study_20260825/libero_10_task/fixed_recovery/task_04/carve-full-study-fixed_recovery-libero_10_task-t4-r2-s7/episode.mp4	445416	results
results/libero_pro_full_study_20260825/libero_10_task/fixed_recovery/task_04/carve-full-study-fixed_recovery-libero_10_task-t4-r3-s7/episode.mp4	402565	results
results/libero_pro_full_study_20260825/libero_10_task/fixed_recovery/task_04/carve-full-study-fixed_recovery-libero_10_task-t4-r4-s7/episode.mp4	404221	results
results/libero_pro_full_study_20260825/libero_10_task/fixed_recovery/task_04/carve-full-study-fixed_recovery-libero_10_task-t4-r5-s7/episode.mp4	374704	results
results/libero_pro_full_study_20260825/libero_10_task/fixed_recovery/task_04/carve-full-study-fixed_recovery-libero_10_task-t4-r6-s7/episode.mp4	374843	results
results/libero_pro_full_study_20260825/libero_10_task/fixed_recovery/task_04/carve-full-study-fixed_recovery-libero_10_task-t4-r7-s7/episode.mp4	386478	results
results/libero_pro_full_study_20260825/libero_10_task/fixed_recovery/task_04/carve-full-study-fixed_recovery-libero_10_task-t4-r8-s7/episode.mp4	444663	results
results/libero_pro_full_study_20260825/libero_10_task/fixed_recovery/task_04/carve-full-study-fixed_recovery-libero_10_task-t4-r9-s7/episode.mp4	387853	results
results/libero_pro_full_study_20260825/libero_10_task/fixed_recovery/task_05/carve-full-study-fixed_recovery-libero_10_task-t5-r0-s7/episode.mp4	378069	results
results/libero_pro_full_study_20260825/libero_10_task/fixed_recovery/task_05/carve-full-study-fixed_recovery-libero_10_task-t5-r1-s7/episode.mp4	457628	results
results/libero_pro_full_study_20260825/libero_10_task/fixed_recovery/task_05/carve-full-study-fixed_recovery-libero_10_task-t5-r2-s7/episode.mp4	278183	results
results/libero_pro_full_study_20260825/libero_10_task/fixed_recovery/task_05/carve-full-study-fixed_recovery-libero_10_task-t5-r3-s7/episode.mp4	325429	results
results/libero_pro_full_study_20260825/libero_10_task/fixed_recovery/task_05/carve-full-study-fixed_recovery-libero_10_task-t5-r4-s7/episode.mp4	439723	results
results/libero_pro_full_study_20260825/libero_10_task/fixed_recovery/task_05/carve-full-study-fixed_recovery-libero_10_task-t5-r5-s7/episode.mp4	327820	results
results/libero_pro_full_study_20260825/libero_10_task/fixed_recovery/task_05/carve-full-study-fixed_recovery-libero_10_task-t5-r6-s7/episode.mp4	339104	results
results/libero_pro_full_study_20260825/libero_10_task/fixed_recovery/task_05/carve-full-study-fixed_recovery-libero_10_task-t5-r7-s7/episode.mp4	494240	results
results/libero_pro_full_study_20260825/libero_10_task/fixed_recovery/task_05/carve-full-study-fixed_recovery-libero_10_task-t5-r8-s7/episode.mp4	408429	results
results/libero_pro_full_study_20260825/libero_10_task/fixed_recovery/task_05/carve-full-study-fixed_recovery-libero_10_task-t5-r9-s7/episode.mp4	401000	results
results/libero_pro_full_study_20260825/libero_10_task/fixed_recovery/task_06/carve-full-study-fixed_recovery-libero_10_task-t6-r0-s7/episode.mp4	819501	results
results/libero_pro_full_study_20260825/libero_10_task/fixed_recovery/task_06/carve-full-study-fixed_recovery-libero_10_task-t6-r1-s7/episode.mp4	522693	results
results/libero_pro_full_study_20260825/libero_10_task/fixed_recovery/task_06/carve-full-study-fixed_recovery-libero_10_task-t6-r2-s7/episode.mp4	869804	results
results/libero_pro_full_study_20260825/libero_10_task/fixed_recovery/task_06/carve-full-study-fixed_recovery-libero_10_task-t6-r3-s7/episode.mp4	739222	results
results/libero_pro_full_study_20260825/libero_10_task/fixed_recovery/task_06/carve-full-study-fixed_recovery-libero_10_task-t6-r4-s7/episode.mp4	597650	results
results/libero_pro_full_study_20260825/libero_10_task/fixed_recovery/task_06/carve-full-study-fixed_recovery-libero_10_task-t6-r5-s7/episode.mp4	842072	results
results/libero_pro_full_study_20260825/libero_10_task/fixed_recovery/task_06/carve-full-study-fixed_recovery-libero_10_task-t6-r6-s7/episode.mp4	775005	results
results/libero_pro_full_study_20260825/libero_10_task/fixed_recovery/task_06/carve-full-study-fixed_recovery-libero_10_task-t6-r7-s7/episode.mp4	693588	results
results/libero_pro_full_study_20260825/libero_10_task/fixed_recovery/task_06/carve-full-study-fixed_recovery-libero_10_task-t6-r8-s7/episode.mp4	653923	results
results/libero_pro_full_study_20260825/libero_10_task/fixed_recovery/task_06/carve-full-study-fixed_recovery-libero_10_task-t6-r9-s7/episode.mp4	452984	results
results/libero_pro_full_study_20260825/libero_10_task/fixed_recovery/task_07/carve-full-study-fixed_recovery-libero_10_task-t7-r0-s7/episode.mp4	604874	results
results/libero_pro_full_study_20260825/libero_10_task/fixed_recovery/task_07/carve-full-study-fixed_recovery-libero_10_task-t7-r1-s7/episode.mp4	481329	results
results/libero_pro_full_study_20260825/libero_10_task/fixed_recovery/task_07/carve-full-study-fixed_recovery-libero_10_task-t7-r2-s7/episode.mp4	571467	results
results/libero_pro_full_study_20260825/libero_10_task/fixed_recovery/task_07/carve-full-study-fixed_recovery-libero_10_task-t7-r3-s7/episode.mp4	461429	results
results/libero_pro_full_study_20260825/libero_10_task/fixed_recovery/task_07/carve-full-study-fixed_recovery-libero_10_task-t7-r4-s7/episode.mp4	546105	results
results/libero_pro_full_study_20260825/libero_10_task/fixed_recovery/task_07/carve-full-study-fixed_recovery-libero_10_task-t7-r5-s7/episode.mp4	487601	results
results/libero_pro_full_study_20260825/libero_10_task/fixed_recovery/task_07/carve-full-study-fixed_recovery-libero_10_task-t7-r6-s7/episode.mp4	533522	results
results/libero_pro_full_study_20260825/libero_10_task/fixed_recovery/task_07/carve-full-study-fixed_recovery-libero_10_task-t7-r7-s7/episode.mp4	500173	results
results/libero_pro_full_study_20260825/libero_10_task/fixed_recovery/task_07/carve-full-study-fixed_recovery-libero_10_task-t7-r8-s7/episode.mp4	472832	results
results/libero_pro_full_study_20260825/libero_10_task/fixed_recovery/task_07/carve-full-study-fixed_recovery-libero_10_task-t7-r9-s7/episode.mp4	442991	results
results/libero_pro_full_study_20260825/libero_10_task/fixed_recovery/task_08/carve-full-study-fixed_recovery-libero_10_task-t8-r0-s7/episode.mp4	528944	results
results/libero_pro_full_study_20260825/libero_10_task/fixed_recovery/task_08/carve-full-study-fixed_recovery-libero_10_task-t8-r1-s7/episode.mp4	387956	results
results/libero_pro_full_study_20260825/libero_10_task/fixed_recovery/task_08/carve-full-study-fixed_recovery-libero_10_task-t8-r2-s7/episode.mp4	541287	results
results/libero_pro_full_study_20260825/libero_10_task/fixed_recovery/task_08/carve-full-study-fixed_recovery-libero_10_task-t8-r3-s7/episode.mp4	491340	results
results/libero_pro_full_study_20260825/libero_10_task/fixed_recovery/task_08/carve-full-study-fixed_recovery-libero_10_task-t8-r4-s7/episode.mp4	569554	results
results/libero_pro_full_study_20260825/libero_10_task/fixed_recovery/task_08/carve-full-study-fixed_recovery-libero_10_task-t8-r5-s7/episode.mp4	315381	results
results/libero_pro_full_study_20260825/libero_10_task/fixed_recovery/task_08/carve-full-study-fixed_recovery-libero_10_task-t8-r6-s7/episode.mp4	281215	results
results/libero_pro_full_study_20260825/libero_10_task/fixed_recovery/task_08/carve-full-study-fixed_recovery-libero_10_task-t8-r7-s7/episode.mp4	557797	results
results/libero_pro_full_study_20260825/libero_10_task/fixed_recovery/task_08/carve-full-study-fixed_recovery-libero_10_task-t8-r8-s7/episode.mp4	603277	results
results/libero_pro_full_study_20260825/libero_10_task/fixed_recovery/task_08/carve-full-study-fixed_recovery-libero_10_task-t8-r9-s7/episode.mp4	584961	results
results/libero_pro_full_study_20260825/libero_10_task/fixed_recovery/task_09/carve-full-study-fixed_recovery-libero_10_task-t9-r0-s7/episode.mp4	714773	results
results/libero_pro_full_study_20260825/libero_10_task/fixed_recovery/task_09/carve-full-study-fixed_recovery-libero_10_task-t9-r1-s7/episode.mp4	766395	results
results/libero_pro_full_study_20260825/libero_10_task/fixed_recovery/task_09/carve-full-study-fixed_recovery-libero_10_task-t9-r2-s7/episode.mp4	693948	results
results/libero_pro_full_study_20260825/libero_10_task/fixed_recovery/task_09/carve-full-study-fixed_recovery-libero_10_task-t9-r3-s7/episode.mp4	734582	results
results/libero_pro_full_study_20260825/libero_10_task/fixed_recovery/task_09/carve-full-study-fixed_recovery-libero_10_task-t9-r4-s7/episode.mp4	756015	results
results/libero_pro_full_study_20260825/libero_10_task/fixed_recovery/task_09/carve-full-study-fixed_recovery-libero_10_task-t9-r5-s7/episode.mp4	786837	results
results/libero_pro_full_study_20260825/libero_10_task/fixed_recovery/task_09/carve-full-study-fixed_recovery-libero_10_task-t9-r6-s7/episode.mp4	736594	results
results/libero_pro_full_study_20260825/libero_10_task/fixed_recovery/task_09/carve-full-study-fixed_recovery-libero_10_task-t9-r7-s7/episode.mp4	714606	results
results/libero_pro_full_study_20260825/libero_10_task/fixed_recovery/task_09/carve-full-study-fixed_recovery-libero_10_task-t9-r8-s7/episode.mp4	726893	results
results/libero_pro_full_study_20260825/libero_10_task/fixed_recovery/task_09/carve-full-study-fixed_recovery-libero_10_task-t9-r9-s7/episode.mp4	760112	results
results/libero_pro_full_study_20260825/libero_10_task/frozen_vla/task_00/carve-full-study-frozen_vla-libero_10_task-t0-r0-s7/episode.mp4	435895	results
results/libero_pro_full_study_20260825/libero_10_task/frozen_vla/task_00/carve-full-study-frozen_vla-libero_10_task-t0-r1-s7/episode.mp4	475095	results
results/libero_pro_full_study_20260825/libero_10_task/frozen_vla/task_00/carve-full-study-frozen_vla-libero_10_task-t0-r2-s7/episode.mp4	459254	results
results/libero_pro_full_study_20260825/libero_10_task/frozen_vla/task_00/carve-full-study-frozen_vla-libero_10_task-t0-r3-s7/episode.mp4	522734	results
results/libero_pro_full_study_20260825/libero_10_task/frozen_vla/task_00/carve-full-study-frozen_vla-libero_10_task-t0-r4-s7/episode.mp4	437805	results
results/libero_pro_full_study_20260825/libero_10_task/frozen_vla/task_00/carve-full-study-frozen_vla-libero_10_task-t0-r5-s7/episode.mp4	554097	results
results/libero_pro_full_study_20260825/libero_10_task/frozen_vla/task_00/carve-full-study-frozen_vla-libero_10_task-t0-r6-s7/episode.mp4	642448	results
results/libero_pro_full_study_20260825/libero_10_task/frozen_vla/task_00/carve-full-study-frozen_vla-libero_10_task-t0-r7-s7/episode.mp4	446038	results
results/libero_pro_full_study_20260825/libero_10_task/frozen_vla/task_00/carve-full-study-frozen_vla-libero_10_task-t0-r8-s7/episode.mp4	454113	results
results/libero_pro_full_study_20260825/libero_10_task/frozen_vla/task_00/carve-full-study-frozen_vla-libero_10_task-t0-r9-s7/episode.mp4	490060	results
results/libero_pro_full_study_20260825/libero_10_task/frozen_vla/task_01/carve-full-study-frozen_vla-libero_10_task-t1-r0-s7/episode.mp4	643886	results
results/libero_pro_full_study_20260825/libero_10_task/frozen_vla/task_01/carve-full-study-frozen_vla-libero_10_task-t1-r1-s7/episode.mp4	606282	results
results/libero_pro_full_study_20260825/libero_10_task/frozen_vla/task_01/carve-full-study-frozen_vla-libero_10_task-t1-r2-s7/episode.mp4	602080	results
results/libero_pro_full_study_20260825/libero_10_task/frozen_vla/task_01/carve-full-study-frozen_vla-libero_10_task-t1-r3-s7/episode.mp4	672160	results
results/libero_pro_full_study_20260825/libero_10_task/frozen_vla/task_01/carve-full-study-frozen_vla-libero_10_task-t1-r4-s7/episode.mp4	652431	results
results/libero_pro_full_study_20260825/libero_10_task/frozen_vla/task_01/carve-full-study-frozen_vla-libero_10_task-t1-r5-s7/episode.mp4	594511	results
results/libero_pro_full_study_20260825/libero_10_task/frozen_vla/task_01/carve-full-study-frozen_vla-libero_10_task-t1-r6-s7/episode.mp4	599260	results
results/libero_pro_full_study_20260825/libero_10_task/frozen_vla/task_01/carve-full-study-frozen_vla-libero_10_task-t1-r7-s7/episode.mp4	742396	results
results/libero_pro_full_study_20260825/libero_10_task/frozen_vla/task_01/carve-full-study-frozen_vla-libero_10_task-t1-r8-s7/episode.mp4	557236	results
results/libero_pro_full_study_20260825/libero_10_task/frozen_vla/task_01/carve-full-study-frozen_vla-libero_10_task-t1-r9-s7/episode.mp4	769093	results
results/libero_pro_full_study_20260825/libero_10_task/frozen_vla/task_02/carve-full-study-frozen_vla-libero_10_task-t2-r0-s7/episode.mp4	653441	results
results/libero_pro_full_study_20260825/libero_10_task/frozen_vla/task_02/carve-full-study-frozen_vla-libero_10_task-t2-r1-s7/episode.mp4	708983	results
results/libero_pro_full_study_20260825/libero_10_task/frozen_vla/task_02/carve-full-study-frozen_vla-libero_10_task-t2-r2-s7/episode.mp4	686986	results
results/libero_pro_full_study_20260825/libero_10_task/frozen_vla/task_02/carve-full-study-frozen_vla-libero_10_task-t2-r3-s7/episode.mp4	661513	results
results/libero_pro_full_study_20260825/libero_10_task/frozen_vla/task_02/carve-full-study-frozen_vla-libero_10_task-t2-r4-s7/episode.mp4	694798	results
results/libero_pro_full_study_20260825/libero_10_task/frozen_vla/task_02/carve-full-study-frozen_vla-libero_10_task-t2-r5-s7/episode.mp4	718433	results
results/libero_pro_full_study_20260825/libero_10_task/frozen_vla/task_02/carve-full-study-frozen_vla-libero_10_task-t2-r6-s7/episode.mp4	728084	results
results/libero_pro_full_study_20260825/libero_10_task/frozen_vla/task_02/carve-full-study-frozen_vla-libero_10_task-t2-r7-s7/episode.mp4	701878	results
results/libero_pro_full_study_20260825/libero_10_task/frozen_vla/task_02/carve-full-study-frozen_vla-libero_10_task-t2-r8-s7/episode.mp4	653515	results
results/libero_pro_full_study_20260825/libero_10_task/frozen_vla/task_02/carve-full-study-frozen_vla-libero_10_task-t2-r9-s7/episode.mp4	767198	results
results/libero_pro_full_study_20260825/libero_10_task/frozen_vla/task_03/carve-full-study-frozen_vla-libero_10_task-t3-r0-s7/episode.mp4	705584	results
results/libero_pro_full_study_20260825/libero_10_task/frozen_vla/task_03/carve-full-study-frozen_vla-libero_10_task-t3-r1-s7/episode.mp4	609360	results
results/libero_pro_full_study_20260825/libero_10_task/frozen_vla/task_03/carve-full-study-frozen_vla-libero_10_task-t3-r2-s7/episode.mp4	703909	results
results/libero_pro_full_study_20260825/libero_10_task/frozen_vla/task_03/carve-full-study-frozen_vla-libero_10_task-t3-r3-s7/episode.mp4	692188	results
results/libero_pro_full_study_20260825/libero_10_task/frozen_vla/task_03/carve-full-study-frozen_vla-libero_10_task-t3-r4-s7/episode.mp4	508503	results
results/libero_pro_full_study_20260825/libero_10_task/frozen_vla/task_03/carve-full-study-frozen_vla-libero_10_task-t3-r5-s7/episode.mp4	572088	results
results/libero_pro_full_study_20260825/libero_10_task/frozen_vla/task_03/carve-full-study-frozen_vla-libero_10_task-t3-r6-s7/episode.mp4	568493	results
results/libero_pro_full_study_20260825/libero_10_task/frozen_vla/task_03/carve-full-study-frozen_vla-libero_10_task-t3-r7-s7/episode.mp4	566788	results
results/libero_pro_full_study_20260825/libero_10_task/frozen_vla/task_03/carve-full-study-frozen_vla-libero_10_task-t3-r8-s7/episode.mp4	628568	results
results/libero_pro_full_study_20260825/libero_10_task/frozen_vla/task_03/carve-full-study-frozen_vla-libero_10_task-t3-r9-s7/episode.mp4	772173	results
results/libero_pro_full_study_20260825/libero_10_task/frozen_vla/task_04/carve-full-study-frozen_vla-libero_10_task-t4-r0-s7/episode.mp4	416997	results
results/libero_pro_full_study_20260825/libero_10_task/frozen_vla/task_04/carve-full-study-frozen_vla-libero_10_task-t4-r1-s7/episode.mp4	386081	results
results/libero_pro_full_study_20260825/libero_10_task/frozen_vla/task_04/carve-full-study-frozen_vla-libero_10_task-t4-r2-s7/episode.mp4	445416	results
results/libero_pro_full_study_20260825/libero_10_task/frozen_vla/task_04/carve-full-study-frozen_vla-libero_10_task-t4-r3-s7/episode.mp4	402565	results
results/libero_pro_full_study_20260825/libero_10_task/frozen_vla/task_04/carve-full-study-frozen_vla-libero_10_task-t4-r4-s7/episode.mp4	450477	results
results/libero_pro_full_study_20260825/libero_10_task/frozen_vla/task_04/carve-full-study-frozen_vla-libero_10_task-t4-r5-s7/episode.mp4	374722	results
results/libero_pro_full_study_20260825/libero_10_task/frozen_vla/task_04/carve-full-study-frozen_vla-libero_10_task-t4-r6-s7/episode.mp4	383517	results
results/libero_pro_full_study_20260825/libero_10_task/frozen_vla/task_04/carve-full-study-frozen_vla-libero_10_task-t4-r7-s7/episode.mp4	386478	results
results/libero_pro_full_study_20260825/libero_10_task/frozen_vla/task_04/carve-full-study-frozen_vla-libero_10_task-t4-r8-s7/episode.mp4	444663	results
results/libero_pro_full_study_20260825/libero_10_task/frozen_vla/task_04/carve-full-study-frozen_vla-libero_10_task-t4-r9-s7/episode.mp4	391817	results
results/libero_pro_full_study_20260825/libero_10_task/frozen_vla/task_05/carve-full-study-frozen_vla-libero_10_task-t5-r0-s7/episode.mp4	438292	results
results/libero_pro_full_study_20260825/libero_10_task/frozen_vla/task_05/carve-full-study-frozen_vla-libero_10_task-t5-r1-s7/episode.mp4	451801	results
results/libero_pro_full_study_20260825/libero_10_task/frozen_vla/task_05/carve-full-study-frozen_vla-libero_10_task-t5-r2-s7/episode.mp4	325684	results
results/libero_pro_full_study_20260825/libero_10_task/frozen_vla/task_05/carve-full-study-frozen_vla-libero_10_task-t5-r3-s7/episode.mp4	415607	results
results/libero_pro_full_study_20260825/libero_10_task/frozen_vla/task_05/carve-full-study-frozen_vla-libero_10_task-t5-r4-s7/episode.mp4	474090	results
results/libero_pro_full_study_20260825/libero_10_task/frozen_vla/task_05/carve-full-study-frozen_vla-libero_10_task-t5-r5-s7/episode.mp4	445708	results
results/libero_pro_full_study_20260825/libero_10_task/frozen_vla/task_05/carve-full-study-frozen_vla-libero_10_task-t5-r6-s7/episode.mp4	446993	results
results/libero_pro_full_study_20260825/libero_10_task/frozen_vla/task_05/carve-full-study-frozen_vla-libero_10_task-t5-r7-s7/episode.mp4	474533	results
results/libero_pro_full_study_20260825/libero_10_task/frozen_vla/task_05/carve-full-study-frozen_vla-libero_10_task-t5-r8-s7/episode.mp4	427084	results
results/libero_pro_full_study_20260825/libero_10_task/frozen_vla/task_05/carve-full-study-frozen_vla-libero_10_task-t5-r9-s7/episode.mp4	460161	results
results/libero_pro_full_study_20260825/libero_10_task/frozen_vla/task_06/carve-full-study-frozen_vla-libero_10_task-t6-r0-s7/episode.mp4	828930	results
results/libero_pro_full_study_20260825/libero_10_task/frozen_vla/task_06/carve-full-study-frozen_vla-libero_10_task-t6-r1-s7/episode.mp4	855394	results
results/libero_pro_full_study_20260825/libero_10_task/frozen_vla/task_06/carve-full-study-frozen_vla-libero_10_task-t6-r2-s7/episode.mp4	864189	results
results/libero_pro_full_study_20260825/libero_10_task/frozen_vla/task_06/carve-full-study-frozen_vla-libero_10_task-t6-r3-s7/episode.mp4	887687	results
results/libero_pro_full_study_20260825/libero_10_task/frozen_vla/task_06/carve-full-study-frozen_vla-libero_10_task-t6-r4-s7/episode.mp4	796718	results
results/libero_pro_full_study_20260825/libero_10_task/frozen_vla/task_06/carve-full-study-frozen_vla-libero_10_task-t6-r5-s7/episode.mp4	788634	results
results/libero_pro_full_study_20260825/libero_10_task/frozen_vla/task_06/carve-full-study-frozen_vla-libero_10_task-t6-r6-s7/episode.mp4	816423	results
results/libero_pro_full_study_20260825/libero_10_task/frozen_vla/task_06/carve-full-study-frozen_vla-libero_10_task-t6-r7-s7/episode.mp4	954745	results
results/libero_pro_full_study_20260825/libero_10_task/frozen_vla/task_06/carve-full-study-frozen_vla-libero_10_task-t6-r8-s7/episode.mp4	807485	results
results/libero_pro_full_study_20260825/libero_10_task/frozen_vla/task_06/carve-full-study-frozen_vla-libero_10_task-t6-r9-s7/episode.mp4	812532	results
results/libero_pro_full_study_20260825/libero_10_task/frozen_vla/task_07/carve-full-study-frozen_vla-libero_10_task-t7-r0-s7/episode.mp4	607768	results
results/libero_pro_full_study_20260825/libero_10_task/frozen_vla/task_07/carve-full-study-frozen_vla-libero_10_task-t7-r1-s7/episode.mp4	577255	results
results/libero_pro_full_study_20260825/libero_10_task/frozen_vla/task_07/carve-full-study-frozen_vla-libero_10_task-t7-r2-s7/episode.mp4	632147	results
results/libero_pro_full_study_20260825/libero_10_task/frozen_vla/task_07/carve-full-study-frozen_vla-libero_10_task-t7-r3-s7/episode.mp4	540101	results
results/libero_pro_full_study_20260825/libero_10_task/frozen_vla/task_07/carve-full-study-frozen_vla-libero_10_task-t7-r4-s7/episode.mp4	546105	results
results/libero_pro_full_study_20260825/libero_10_task/frozen_vla/task_07/carve-full-study-frozen_vla-libero_10_task-t7-r5-s7/episode.mp4	528792	results
results/libero_pro_full_study_20260825/libero_10_task/frozen_vla/task_07/carve-full-study-frozen_vla-libero_10_task-t7-r6-s7/episode.mp4	547681	results
results/libero_pro_full_study_20260825/libero_10_task/frozen_vla/task_07/carve-full-study-frozen_vla-libero_10_task-t7-r7-s7/episode.mp4	538689	results
results/libero_pro_full_study_20260825/libero_10_task/frozen_vla/task_07/carve-full-study-frozen_vla-libero_10_task-t7-r8-s7/episode.mp4	630012	results
results/libero_pro_full_study_20260825/libero_10_task/frozen_vla/task_07/carve-full-study-frozen_vla-libero_10_task-t7-r9-s7/episode.mp4	544659	results
results/libero_pro_full_study_20260825/libero_10_task/frozen_vla/task_08/carve-full-study-frozen_vla-libero_10_task-t8-r0-s7/episode.mp4	517192	results
results/libero_pro_full_study_20260825/libero_10_task/frozen_vla/task_08/carve-full-study-frozen_vla-libero_10_task-t8-r1-s7/episode.mp4	582928	results
results/libero_pro_full_study_20260825/libero_10_task/frozen_vla/task_08/carve-full-study-frozen_vla-libero_10_task-t8-r2-s7/episode.mp4	534117	results
results/libero_pro_full_study_20260825/libero_10_task/frozen_vla/task_08/carve-full-study-frozen_vla-libero_10_task-t8-r3-s7/episode.mp4	491340	results
results/libero_pro_full_study_20260825/libero_10_task/frozen_vla/task_08/carve-full-study-frozen_vla-libero_10_task-t8-r4-s7/episode.mp4	641229	results
results/libero_pro_full_study_20260825/libero_10_task/frozen_vla/task_08/carve-full-study-frozen_vla-libero_10_task-t8-r5-s7/episode.mp4	552488	results
results/libero_pro_full_study_20260825/libero_10_task/frozen_vla/task_08/carve-full-study-frozen_vla-libero_10_task-t8-r6-s7/episode.mp4	722978	results
results/libero_pro_full_study_20260825/libero_10_task/frozen_vla/task_08/carve-full-study-frozen_vla-libero_10_task-t8-r7-s7/episode.mp4	543540	results
results/libero_pro_full_study_20260825/libero_10_task/frozen_vla/task_08/carve-full-study-frozen_vla-libero_10_task-t8-r8-s7/episode.mp4	628653	results
results/libero_pro_full_study_20260825/libero_10_task/frozen_vla/task_08/carve-full-study-frozen_vla-libero_10_task-t8-r9-s7/episode.mp4	584961	results
results/libero_pro_full_study_20260825/libero_10_task/frozen_vla/task_09/carve-full-study-frozen_vla-libero_10_task-t9-r0-s7/episode.mp4	714773	results
results/libero_pro_full_study_20260825/libero_10_task/frozen_vla/task_09/carve-full-study-frozen_vla-libero_10_task-t9-r1-s7/episode.mp4	766395	results
results/libero_pro_full_study_20260825/libero_10_task/frozen_vla/task_09/carve-full-study-frozen_vla-libero_10_task-t9-r2-s7/episode.mp4	764399	results
results/libero_pro_full_study_20260825/libero_10_task/frozen_vla/task_09/carve-full-study-frozen_vla-libero_10_task-t9-r3-s7/episode.mp4	745482	results
results/libero_pro_full_study_20260825/libero_10_task/frozen_vla/task_09/carve-full-study-frozen_vla-libero_10_task-t9-r4-s7/episode.mp4	756015	results
results/libero_pro_full_study_20260825/libero_10_task/frozen_vla/task_09/carve-full-study-frozen_vla-libero_10_task-t9-r5-s7/episode.mp4	786837	results
results/libero_pro_full_study_20260825/libero_10_task/frozen_vla/task_09/carve-full-study-frozen_vla-libero_10_task-t9-r6-s7/episode.mp4	736594	results
results/libero_pro_full_study_20260825/libero_10_task/frozen_vla/task_09/carve-full-study-frozen_vla-libero_10_task-t9-r7-s7/episode.mp4	712409	results
results/libero_pro_full_study_20260825/libero_10_task/frozen_vla/task_09/carve-full-study-frozen_vla-libero_10_task-t9-r8-s7/episode.mp4	747717	results
results/libero_pro_full_study_20260825/libero_10_task/frozen_vla/task_09/carve-full-study-frozen_vla-libero_10_task-t9-r9-s7/episode.mp4	760112	results
results/libero_pro_full_study_20260825/libero_10/agentic/task_00/carve-full-study-agentic-libero_10-t0-r0-s7/episode.mp4	305688	results
results/libero_pro_full_study_20260825/libero_10/agentic/task_00/carve-full-study-agentic-libero_10-t0-r1-s7/episode.mp4	312061	results
results/libero_pro_full_study_20260825/libero_10/agentic/task_00/carve-full-study-agentic-libero_10-t0-r2-s7/episode.mp4	316368	results
results/libero_pro_full_study_20260825/libero_10/agentic/task_00/carve-full-study-agentic-libero_10-t0-r3-s7/episode.mp4	346307	results
results/libero_pro_full_study_20260825/libero_10/agentic/task_00/carve-full-study-agentic-libero_10-t0-r4-s7/episode.mp4	363978	results
results/libero_pro_full_study_20260825/libero_10/agentic/task_00/carve-full-study-agentic-libero_10-t0-r5-s7/episode.mp4	333911	results
results/libero_pro_full_study_20260825/libero_10/agentic/task_00/carve-full-study-agentic-libero_10-t0-r6-s7/episode.mp4	375833	results
results/libero_pro_full_study_20260825/libero_10/agentic/task_00/carve-full-study-agentic-libero_10-t0-r7-s7/episode.mp4	297674	results
results/libero_pro_full_study_20260825/libero_10/agentic/task_00/carve-full-study-agentic-libero_10-t0-r8-s7/episode.mp4	304910	results
results/libero_pro_full_study_20260825/libero_10/agentic/task_00/carve-full-study-agentic-libero_10-t0-r9-s7/episode.mp4	292328	results
results/libero_pro_full_study_20260825/libero_10/agentic/task_01/carve-full-study-agentic-libero_10-t1-r0-s7/episode.mp4	404854	results
results/libero_pro_full_study_20260825/libero_10/agentic/task_01/carve-full-study-agentic-libero_10-t1-r1-s7/episode.mp4	374230	results
results/libero_pro_full_study_20260825/libero_10/agentic/task_01/carve-full-study-agentic-libero_10-t1-r2-s7/episode.mp4	385853	results
results/libero_pro_full_study_20260825/libero_10/agentic/task_01/carve-full-study-agentic-libero_10-t1-r3-s7/episode.mp4	384180	results
results/libero_pro_full_study_20260825/libero_10/agentic/task_01/carve-full-study-agentic-libero_10-t1-r4-s7/episode.mp4	384429	results
results/libero_pro_full_study_20260825/libero_10/agentic/task_01/carve-full-study-agentic-libero_10-t1-r5-s7/episode.mp4	372331	results
results/libero_pro_full_study_20260825/libero_10/agentic/task_01/carve-full-study-agentic-libero_10-t1-r6-s7/episode.mp4	394599	results
results/libero_pro_full_study_20260825/libero_10/agentic/task_01/carve-full-study-agentic-libero_10-t1-r7-s7/episode.mp4	378454	results
results/libero_pro_full_study_20260825/libero_10/agentic/task_01/carve-full-study-agentic-libero_10-t1-r8-s7/episode.mp4	369603	results
results/libero_pro_full_study_20260825/libero_10/agentic/task_01/carve-full-study-agentic-libero_10-t1-r9-s7/episode.mp4	409531	results
results/libero_pro_full_study_20260825/libero_10/agentic/task_02/carve-full-study-agentic-libero_10-t2-r0-s7/episode.mp4	320135	results
results/libero_pro_full_study_20260825/libero_10/agentic/task_02/carve-full-study-agentic-libero_10-t2-r1-s7/episode.mp4	408305	results
results/libero_pro_full_study_20260825/libero_10/agentic/task_02/carve-full-study-agentic-libero_10-t2-r2-s7/episode.mp4	382899	results
results/libero_pro_full_study_20260825/libero_10/agentic/task_02/carve-full-study-agentic-libero_10-t2-r3-s7/episode.mp4	383363	results
results/libero_pro_full_study_20260825/libero_10/agentic/task_02/carve-full-study-agentic-libero_10-t2-r4-s7/episode.mp4	323880	results
results/libero_pro_full_study_20260825/libero_10/agentic/task_02/carve-full-study-agentic-libero_10-t2-r5-s7/episode.mp4	333566	results
results/libero_pro_full_study_20260825/libero_10/agentic/task_02/carve-full-study-agentic-libero_10-t2-r6-s7/episode.mp4	385407	results
results/libero_pro_full_study_20260825/libero_10/agentic/task_02/carve-full-study-agentic-libero_10-t2-r7-s7/episode.mp4	346593	results
results/libero_pro_full_study_20260825/libero_10/agentic/task_02/carve-full-study-agentic-libero_10-t2-r8-s7/episode.mp4	343783	results
results/libero_pro_full_study_20260825/libero_10/agentic/task_02/carve-full-study-agentic-libero_10-t2-r9-s7/episode.mp4	446802	results
results/libero_pro_full_study_20260825/libero_10/agentic/task_03/carve-full-study-agentic-libero_10-t3-r0-s7/episode.mp4	319786	results
results/libero_pro_full_study_20260825/libero_10/agentic/task_03/carve-full-study-agentic-libero_10-t3-r1-s7/episode.mp4	307642	results
results/libero_pro_full_study_20260825/libero_10/agentic/task_03/carve-full-study-agentic-libero_10-t3-r2-s7/episode.mp4	496942	results
results/libero_pro_full_study_20260825/libero_10/agentic/task_03/carve-full-study-agentic-libero_10-t3-r3-s7/episode.mp4	297545	results
results/libero_pro_full_study_20260825/libero_10/agentic/task_03/carve-full-study-agentic-libero_10-t3-r4-s7/episode.mp4	332781	results
results/libero_pro_full_study_20260825/libero_10/agentic/task_03/carve-full-study-agentic-libero_10-t3-r5-s7/episode.mp4	367327	results
results/libero_pro_full_study_20260825/libero_10/agentic/task_03/carve-full-study-agentic-libero_10-t3-r6-s7/episode.mp4	316637	results
results/libero_pro_full_study_20260825/libero_10/agentic/task_03/carve-full-study-agentic-libero_10-t3-r7-s7/episode.mp4	334360	results
results/libero_pro_full_study_20260825/libero_10/agentic/task_03/carve-full-study-agentic-libero_10-t3-r8-s7/episode.mp4	331211	results
results/libero_pro_full_study_20260825/libero_10/agentic/task_03/carve-full-study-agentic-libero_10-t3-r9-s7/episode.mp4	303082	results
results/libero_pro_full_study_20260825/libero_10/agentic/task_04/carve-full-study-agentic-libero_10-t4-r0-s7/episode.mp4	294352	results
results/libero_pro_full_study_20260825/libero_10/agentic/task_04/carve-full-study-agentic-libero_10-t4-r1-s7/episode.mp4	303995	results
results/libero_pro_full_study_20260825/libero_10/agentic/task_04/carve-full-study-agentic-libero_10-t4-r2-s7/episode.mp4	289061	results
results/libero_pro_full_study_20260825/libero_10/agentic/task_04/carve-full-study-agentic-libero_10-t4-r3-s7/episode.mp4	297005	results
results/libero_pro_full_study_20260825/libero_10/agentic/task_04/carve-full-study-agentic-libero_10-t4-r4-s7/episode.mp4	318399	results
results/libero_pro_full_study_20260825/libero_10/agentic/task_04/carve-full-study-agentic-libero_10-t4-r5-s7/episode.mp4	293745	results
results/libero_pro_full_study_20260825/libero_10/agentic/task_04/carve-full-study-agentic-libero_10-t4-r6-s7/episode.mp4	294589	results
results/libero_pro_full_study_20260825/libero_10/agentic/task_04/carve-full-study-agentic-libero_10-t4-r7-s7/episode.mp4	312846	results
results/libero_pro_full_study_20260825/libero_10/agentic/task_04/carve-full-study-agentic-libero_10-t4-r8-s7/episode.mp4	295518	results
results/libero_pro_full_study_20260825/libero_10/agentic/task_04/carve-full-study-agentic-libero_10-t4-r9-s7/episode.mp4	302430	results
results/libero_pro_full_study_20260825/libero_10/agentic/task_05/carve-full-study-agentic-libero_10-t5-r0-s7/episode.mp4	203592	results
results/libero_pro_full_study_20260825/libero_10/agentic/task_05/carve-full-study-agentic-libero_10-t5-r1-s7/episode.mp4	237287	results
results/libero_pro_full_study_20260825/libero_10/agentic/task_05/carve-full-study-agentic-libero_10-t5-r2-s7/episode.mp4	178252	results
results/libero_pro_full_study_20260825/libero_10/agentic/task_05/carve-full-study-agentic-libero_10-t5-r3-s7/episode.mp4	195151	results
results/libero_pro_full_study_20260825/libero_10/agentic/task_05/carve-full-study-agentic-libero_10-t5-r4-s7/episode.mp4	198867	results
results/libero_pro_full_study_20260825/libero_10/agentic/task_05/carve-full-study-agentic-libero_10-t5-r5-s7/episode.mp4	191856	results
results/libero_pro_full_study_20260825/libero_10/agentic/task_05/carve-full-study-agentic-libero_10-t5-r6-s7/episode.mp4	192067	results
results/libero_pro_full_study_20260825/libero_10/agentic/task_05/carve-full-study-agentic-libero_10-t5-r7-s7/episode.mp4	207928	results
results/libero_pro_full_study_20260825/libero_10/agentic/task_05/carve-full-study-agentic-libero_10-t5-r8-s7/episode.mp4	171609	results
results/libero_pro_full_study_20260825/libero_10/agentic/task_05/carve-full-study-agentic-libero_10-t5-r9-s7/episode.mp4	189205	results
results/libero_pro_full_study_20260825/libero_10/agentic/task_06/carve-full-study-agentic-libero_10-t6-r0-s7/episode.mp4	318934	results
results/libero_pro_full_study_20260825/libero_10/agentic/task_06/carve-full-study-agentic-libero_10-t6-r1-s7/episode.mp4	368719	results
results/libero_pro_full_study_20260825/libero_10/agentic/task_06/carve-full-study-agentic-libero_10-t6-r2-s7/episode.mp4	360224	results
results/libero_pro_full_study_20260825/libero_10/agentic/task_06/carve-full-study-agentic-libero_10-t6-r3-s7/episode.mp4	345865	results
results/libero_pro_full_study_20260825/libero_10/agentic/task_06/carve-full-study-agentic-libero_10-t6-r4-s7/episode.mp4	331359	results
results/libero_pro_full_study_20260825/libero_10/agentic/task_06/carve-full-study-agentic-libero_10-t6-r5-s7/episode.mp4	360265	results
results/libero_pro_full_study_20260825/libero_10/agentic/task_06/carve-full-study-agentic-libero_10-t6-r6-s7/episode.mp4	358753	results
results/libero_pro_full_study_20260825/libero_10/agentic/task_06/carve-full-study-agentic-libero_10-t6-r7-s7/episode.mp4	352257	results
results/libero_pro_full_study_20260825/libero_10/agentic/task_06/carve-full-study-agentic-libero_10-t6-r8-s7/episode.mp4	383143	results
results/libero_pro_full_study_20260825/libero_10/agentic/task_06/carve-full-study-agentic-libero_10-t6-r9-s7/episode.mp4	364081	results
results/libero_pro_full_study_20260825/libero_10/agentic/task_07/carve-full-study-agentic-libero_10-t7-r0-s7/episode.mp4	353376	results
results/libero_pro_full_study_20260825/libero_10/agentic/task_07/carve-full-study-agentic-libero_10-t7-r1-s7/episode.mp4	403466	results
results/libero_pro_full_study_20260825/libero_10/agentic/task_07/carve-full-study-agentic-libero_10-t7-r2-s7/episode.mp4	329259	results
results/libero_pro_full_study_20260825/libero_10/agentic/task_07/carve-full-study-agentic-libero_10-t7-r3-s7/episode.mp4	372212	results
results/libero_pro_full_study_20260825/libero_10/agentic/task_07/carve-full-study-agentic-libero_10-t7-r4-s7/episode.mp4	425120	results
results/libero_pro_full_study_20260825/libero_10/agentic/task_07/carve-full-study-agentic-libero_10-t7-r5-s7/episode.mp4	369027	results
results/libero_pro_full_study_20260825/libero_10/agentic/task_07/carve-full-study-agentic-libero_10-t7-r6-s7/episode.mp4	372003	results
results/libero_pro_full_study_20260825/libero_10/agentic/task_07/carve-full-study-agentic-libero_10-t7-r7-s7/episode.mp4	313859	results
results/libero_pro_full_study_20260825/libero_10/agentic/task_07/carve-full-study-agentic-libero_10-t7-r8-s7/episode.mp4	398787	results
results/libero_pro_full_study_20260825/libero_10/agentic/task_07/carve-full-study-agentic-libero_10-t7-r9-s7/episode.mp4	332912	results
results/libero_pro_full_study_20260825/libero_10/agentic/task_08/carve-full-study-agentic-libero_10-t8-r0-s7/episode.mp4	547135	results
results/libero_pro_full_study_20260825/libero_10/agentic/task_08/carve-full-study-agentic-libero_10-t8-r1-s7/episode.mp4	493988	results
results/libero_pro_full_study_20260825/libero_10/agentic/task_08/carve-full-study-agentic-libero_10-t8-r2-s7/episode.mp4	601933	results
results/libero_pro_full_study_20260825/libero_10/agentic/task_08/carve-full-study-agentic-libero_10-t8-r3-s7/episode.mp4	553130	results
results/libero_pro_full_study_20260825/libero_10/agentic/task_08/carve-full-study-agentic-libero_10-t8-r4-s7/episode.mp4	570833	results
results/libero_pro_full_study_20260825/libero_10/agentic/task_08/carve-full-study-agentic-libero_10-t8-r5-s7/episode.mp4	571823	results
results/libero_pro_full_study_20260825/libero_10/agentic/task_08/carve-full-study-agentic-libero_10-t8-r6-s7/episode.mp4	325027	results
results/libero_pro_full_study_20260825/libero_10/agentic/task_08/carve-full-study-agentic-libero_10-t8-r7-s7/episode.mp4	667311	results
results/libero_pro_full_study_20260825/libero_10/agentic/task_08/carve-full-study-agentic-libero_10-t8-r8-s7/episode.mp4	534875	results
results/libero_pro_full_study_20260825/libero_10/agentic/task_08/carve-full-study-agentic-libero_10-t8-r9-s7/episode.mp4	507184	results
results/libero_pro_full_study_20260825/libero_10/agentic/task_09/carve-full-study-agentic-libero_10-t9-r0-s7/episode.mp4	326989	results
results/libero_pro_full_study_20260825/libero_10/agentic/task_09/carve-full-study-agentic-libero_10-t9-r1-s7/episode.mp4	336833	results
results/libero_pro_full_study_20260825/libero_10/agentic/task_09/carve-full-study-agentic-libero_10-t9-r2-s7/episode.mp4	335963	results
results/libero_pro_full_study_20260825/libero_10/agentic/task_09/carve-full-study-agentic-libero_10-t9-r3-s7/episode.mp4	379867	results
results/libero_pro_full_study_20260825/libero_10/agentic/task_09/carve-full-study-agentic-libero_10-t9-r4-s7/episode.mp4	345682	results
results/libero_pro_full_study_20260825/libero_10/agentic/task_09/carve-full-study-agentic-libero_10-t9-r5-s7/episode.mp4	338365	results
results/libero_pro_full_study_20260825/libero_10/agentic/task_09/carve-full-study-agentic-libero_10-t9-r6-s7/episode.mp4	323591	results
results/libero_pro_full_study_20260825/libero_10/agentic/task_09/carve-full-study-agentic-libero_10-t9-r7-s7/episode.mp4	299406	results
results/libero_pro_full_study_20260825/libero_10/agentic/task_09/carve-full-study-agentic-libero_10-t9-r8-s7/episode.mp4	368116	results
results/libero_pro_full_study_20260825/libero_10/agentic/task_09/carve-full-study-agentic-libero_10-t9-r9-s7/episode.mp4	401981	results
results/libero_pro_full_study_20260825/libero_10/fixed_recovery/task_00/carve-full-study-fixed_recovery-libero_10-t0-r0-s7/episode.mp4	305688	results
results/libero_pro_full_study_20260825/libero_10/fixed_recovery/task_00/carve-full-study-fixed_recovery-libero_10-t0-r1-s7/episode.mp4	312061	results
results/libero_pro_full_study_20260825/libero_10/fixed_recovery/task_00/carve-full-study-fixed_recovery-libero_10-t0-r2-s7/episode.mp4	316368	results
results/libero_pro_full_study_20260825/libero_10/fixed_recovery/task_00/carve-full-study-fixed_recovery-libero_10-t0-r3-s7/episode.mp4	346307	results
results/libero_pro_full_study_20260825/libero_10/fixed_recovery/task_00/carve-full-study-fixed_recovery-libero_10-t0-r4-s7/episode.mp4	363978	results
results/libero_pro_full_study_20260825/libero_10/fixed_recovery/task_00/carve-full-study-fixed_recovery-libero_10-t0-r5-s7/episode.mp4	333911	results
results/libero_pro_full_study_20260825/libero_10/fixed_recovery/task_00/carve-full-study-fixed_recovery-libero_10-t0-r6-s7/episode.mp4	375833	results
results/libero_pro_full_study_20260825/libero_10/fixed_recovery/task_00/carve-full-study-fixed_recovery-libero_10-t0-r7-s7/episode.mp4	297674	results
results/libero_pro_full_study_20260825/libero_10/fixed_recovery/task_00/carve-full-study-fixed_recovery-libero_10-t0-r8-s7/episode.mp4	304910	results
results/libero_pro_full_study_20260825/libero_10/fixed_recovery/task_00/carve-full-study-fixed_recovery-libero_10-t0-r9-s7/episode.mp4	292328	results
results/libero_pro_full_study_20260825/libero_10/fixed_recovery/task_01/carve-full-study-fixed_recovery-libero_10-t1-r0-s7/episode.mp4	404854	results
results/libero_pro_full_study_20260825/libero_10/fixed_recovery/task_01/carve-full-study-fixed_recovery-libero_10-t1-r1-s7/episode.mp4	374230	results
results/libero_pro_full_study_20260825/libero_10/fixed_recovery/task_01/carve-full-study-fixed_recovery-libero_10-t1-r2-s7/episode.mp4	386234	results
results/libero_pro_full_study_20260825/libero_10/fixed_recovery/task_01/carve-full-study-fixed_recovery-libero_10-t1-r3-s7/episode.mp4	384180	results
results/libero_pro_full_study_20260825/libero_10/fixed_recovery/task_01/carve-full-study-fixed_recovery-libero_10-t1-r4-s7/episode.mp4	384429	results
results/libero_pro_full_study_20260825/libero_10/fixed_recovery/task_01/carve-full-study-fixed_recovery-libero_10-t1-r5-s7/episode.mp4	372331	results
results/libero_pro_full_study_20260825/libero_10/fixed_recovery/task_01/carve-full-study-fixed_recovery-libero_10-t1-r6-s7/episode.mp4	394599	results
results/libero_pro_full_study_20260825/libero_10/fixed_recovery/task_01/carve-full-study-fixed_recovery-libero_10-t1-r7-s7/episode.mp4	378454	results
results/libero_pro_full_study_20260825/libero_10/fixed_recovery/task_01/carve-full-study-fixed_recovery-libero_10-t1-r8-s7/episode.mp4	369603	results
results/libero_pro_full_study_20260825/libero_10/fixed_recovery/task_01/carve-full-study-fixed_recovery-libero_10-t1-r9-s7/episode.mp4	409531	results
results/libero_pro_full_study_20260825/libero_10/fixed_recovery/task_02/carve-full-study-fixed_recovery-libero_10-t2-r0-s7/episode.mp4	320135	results
results/libero_pro_full_study_20260825/libero_10/fixed_recovery/task_02/carve-full-study-fixed_recovery-libero_10-t2-r1-s7/episode.mp4	408305	results
results/libero_pro_full_study_20260825/libero_10/fixed_recovery/task_02/carve-full-study-fixed_recovery-libero_10-t2-r2-s7/episode.mp4	382899	results
results/libero_pro_full_study_20260825/libero_10/fixed_recovery/task_02/carve-full-study-fixed_recovery-libero_10-t2-r3-s7/episode.mp4	383363	results
results/libero_pro_full_study_20260825/libero_10/fixed_recovery/task_02/carve-full-study-fixed_recovery-libero_10-t2-r4-s7/episode.mp4	323880	results
results/libero_pro_full_study_20260825/libero_10/fixed_recovery/task_02/carve-full-study-fixed_recovery-libero_10-t2-r5-s7/episode.mp4	333566	results
results/libero_pro_full_study_20260825/libero_10/fixed_recovery/task_02/carve-full-study-fixed_recovery-libero_10-t2-r6-s7/episode.mp4	385407	results
results/libero_pro_full_study_20260825/libero_10/fixed_recovery/task_02/carve-full-study-fixed_recovery-libero_10-t2-r7-s7/episode.mp4	346593	results
results/libero_pro_full_study_20260825/libero_10/fixed_recovery/task_02/carve-full-study-fixed_recovery-libero_10-t2-r8-s7/episode.mp4	343783	results
results/libero_pro_full_study_20260825/libero_10/fixed_recovery/task_02/carve-full-study-fixed_recovery-libero_10-t2-r9-s7/episode.mp4	446802	results
results/libero_pro_full_study_20260825/libero_10/fixed_recovery/task_03/carve-full-study-fixed_recovery-libero_10-t3-r0-s7/episode.mp4	319786	results
results/libero_pro_full_study_20260825/libero_10/fixed_recovery/task_03/carve-full-study-fixed_recovery-libero_10-t3-r1-s7/episode.mp4	307642	results
results/libero_pro_full_study_20260825/libero_10/fixed_recovery/task_03/carve-full-study-fixed_recovery-libero_10-t3-r2-s7/episode.mp4	493245	results
results/libero_pro_full_study_20260825/libero_10/fixed_recovery/task_03/carve-full-study-fixed_recovery-libero_10-t3-r3-s7/episode.mp4	297545	results
results/libero_pro_full_study_20260825/libero_10/fixed_recovery/task_03/carve-full-study-fixed_recovery-libero_10-t3-r4-s7/episode.mp4	332781	results
results/libero_pro_full_study_20260825/libero_10/fixed_recovery/task_03/carve-full-study-fixed_recovery-libero_10-t3-r5-s7/episode.mp4	367327	results
results/libero_pro_full_study_20260825/libero_10/fixed_recovery/task_03/carve-full-study-fixed_recovery-libero_10-t3-r6-s7/episode.mp4	316637	results
results/libero_pro_full_study_20260825/libero_10/fixed_recovery/task_03/carve-full-study-fixed_recovery-libero_10-t3-r7-s7/episode.mp4	334360	results
results/libero_pro_full_study_20260825/libero_10/fixed_recovery/task_03/carve-full-study-fixed_recovery-libero_10-t3-r8-s7/episode.mp4	331211	results
results/libero_pro_full_study_20260825/libero_10/fixed_recovery/task_03/carve-full-study-fixed_recovery-libero_10-t3-r9-s7/episode.mp4	303082	results
results/libero_pro_full_study_20260825/libero_10/fixed_recovery/task_04/carve-full-study-fixed_recovery-libero_10-t4-r0-s7/episode.mp4	294352	results
results/libero_pro_full_study_20260825/libero_10/fixed_recovery/task_04/carve-full-study-fixed_recovery-libero_10-t4-r1-s7/episode.mp4	304244	results
results/libero_pro_full_study_20260825/libero_10/fixed_recovery/task_04/carve-full-study-fixed_recovery-libero_10-t4-r2-s7/episode.mp4	289061	results
results/libero_pro_full_study_20260825/libero_10/fixed_recovery/task_04/carve-full-study-fixed_recovery-libero_10-t4-r3-s7/episode.mp4	297005	results
results/libero_pro_full_study_20260825/libero_10/fixed_recovery/task_04/carve-full-study-fixed_recovery-libero_10-t4-r4-s7/episode.mp4	318399	results
results/libero_pro_full_study_20260825/libero_10/fixed_recovery/task_04/carve-full-study-fixed_recovery-libero_10-t4-r5-s7/episode.mp4	293745	results
results/libero_pro_full_study_20260825/libero_10/fixed_recovery/task_04/carve-full-study-fixed_recovery-libero_10-t4-r6-s7/episode.mp4	294589	results
results/libero_pro_full_study_20260825/libero_10/fixed_recovery/task_04/carve-full-study-fixed_recovery-libero_10-t4-r7-s7/episode.mp4	312846	results
results/libero_pro_full_study_20260825/libero_10/fixed_recovery/task_04/carve-full-study-fixed_recovery-libero_10-t4-r8-s7/episode.mp4	295518	results
results/libero_pro_full_study_20260825/libero_10/fixed_recovery/task_04/carve-full-study-fixed_recovery-libero_10-t4-r9-s7/episode.mp4	302430	results
results/libero_pro_full_study_20260825/libero_10/fixed_recovery/task_05/carve-full-study-fixed_recovery-libero_10-t5-r0-s7/episode.mp4	203592	results
results/libero_pro_full_study_20260825/libero_10/fixed_recovery/task_05/carve-full-study-fixed_recovery-libero_10-t5-r1-s7/episode.mp4	240362	results
results/libero_pro_full_study_20260825/libero_10/fixed_recovery/task_05/carve-full-study-fixed_recovery-libero_10-t5-r2-s7/episode.mp4	178252	results
results/libero_pro_full_study_20260825/libero_10/fixed_recovery/task_05/carve-full-study-fixed_recovery-libero_10-t5-r3-s7/episode.mp4	195151	results
results/libero_pro_full_study_20260825/libero_10/fixed_recovery/task_05/carve-full-study-fixed_recovery-libero_10-t5-r4-s7/episode.mp4	198867	results
results/libero_pro_full_study_20260825/libero_10/fixed_recovery/task_05/carve-full-study-fixed_recovery-libero_10-t5-r5-s7/episode.mp4	191856	results
results/libero_pro_full_study_20260825/libero_10/fixed_recovery/task_05/carve-full-study-fixed_recovery-libero_10-t5-r6-s7/episode.mp4	192067	results
results/libero_pro_full_study_20260825/libero_10/fixed_recovery/task_05/carve-full-study-fixed_recovery-libero_10-t5-r7-s7/episode.mp4	207928	results
results/libero_pro_full_study_20260825/libero_10/fixed_recovery/task_05/carve-full-study-fixed_recovery-libero_10-t5-r8-s7/episode.mp4	171609	results
results/libero_pro_full_study_20260825/libero_10/fixed_recovery/task_05/carve-full-study-fixed_recovery-libero_10-t5-r9-s7/episode.mp4	189205	results
results/libero_pro_full_study_20260825/libero_10/fixed_recovery/task_06/carve-full-study-fixed_recovery-libero_10-t6-r0-s7/episode.mp4	318934	results
results/libero_pro_full_study_20260825/libero_10/fixed_recovery/task_06/carve-full-study-fixed_recovery-libero_10-t6-r1-s7/episode.mp4	368719	results
results/libero_pro_full_study_20260825/libero_10/fixed_recovery/task_06/carve-full-study-fixed_recovery-libero_10-t6-r2-s7/episode.mp4	361689	results
results/libero_pro_full_study_20260825/libero_10/fixed_recovery/task_06/carve-full-study-fixed_recovery-libero_10-t6-r3-s7/episode.mp4	345865	results
results/libero_pro_full_study_20260825/libero_10/fixed_recovery/task_06/carve-full-study-fixed_recovery-libero_10-t6-r4-s7/episode.mp4	331359	results
results/libero_pro_full_study_20260825/libero_10/fixed_recovery/task_06/carve-full-study-fixed_recovery-libero_10-t6-r5-s7/episode.mp4	360265	results
results/libero_pro_full_study_20260825/libero_10/fixed_recovery/task_06/carve-full-study-fixed_recovery-libero_10-t6-r6-s7/episode.mp4	358753	results
results/libero_pro_full_study_20260825/libero_10/fixed_recovery/task_06/carve-full-study-fixed_recovery-libero_10-t6-r7-s7/episode.mp4	352257	results
results/libero_pro_full_study_20260825/libero_10/fixed_recovery/task_06/carve-full-study-fixed_recovery-libero_10-t6-r8-s7/episode.mp4	369706	results
results/libero_pro_full_study_20260825/libero_10/fixed_recovery/task_06/carve-full-study-fixed_recovery-libero_10-t6-r9-s7/episode.mp4	366716	results
results/libero_pro_full_study_20260825/libero_10/fixed_recovery/task_07/carve-full-study-fixed_recovery-libero_10-t7-r0-s7/episode.mp4	353376	results
results/libero_pro_full_study_20260825/libero_10/fixed_recovery/task_07/carve-full-study-fixed_recovery-libero_10-t7-r1-s7/episode.mp4	403466	results
results/libero_pro_full_study_20260825/libero_10/fixed_recovery/task_07/carve-full-study-fixed_recovery-libero_10-t7-r2-s7/episode.mp4	329259	results
results/libero_pro_full_study_20260825/libero_10/fixed_recovery/task_07/carve-full-study-fixed_recovery-libero_10-t7-r3-s7/episode.mp4	372212	results
results/libero_pro_full_study_20260825/libero_10/fixed_recovery/task_07/carve-full-study-fixed_recovery-libero_10-t7-r4-s7/episode.mp4	420598	results
results/libero_pro_full_study_20260825/libero_10/fixed_recovery/task_07/carve-full-study-fixed_recovery-libero_10-t7-r5-s7/episode.mp4	369027	results
results/libero_pro_full_study_20260825/libero_10/fixed_recovery/task_07/carve-full-study-fixed_recovery-libero_10-t7-r6-s7/episode.mp4	372003	results
results/libero_pro_full_study_20260825/libero_10/fixed_recovery/task_07/carve-full-study-fixed_recovery-libero_10-t7-r7-s7/episode.mp4	313859	results
results/libero_pro_full_study_20260825/libero_10/fixed_recovery/task_07/carve-full-study-fixed_recovery-libero_10-t7-r8-s7/episode.mp4	398787	results
results/libero_pro_full_study_20260825/libero_10/fixed_recovery/task_07/carve-full-study-fixed_recovery-libero_10-t7-r9-s7/episode.mp4	332912	results
results/libero_pro_full_study_20260825/libero_10/fixed_recovery/task_08/carve-full-study-fixed_recovery-libero_10-t8-r0-s7/episode.mp4	547135	results
results/libero_pro_full_study_20260825/libero_10/fixed_recovery/task_08/carve-full-study-fixed_recovery-libero_10-t8-r1-s7/episode.mp4	493988	results
results/libero_pro_full_study_20260825/libero_10/fixed_recovery/task_08/carve-full-study-fixed_recovery-libero_10-t8-r2-s7/episode.mp4	593064	results
results/libero_pro_full_study_20260825/libero_10/fixed_recovery/task_08/carve-full-study-fixed_recovery-libero_10-t8-r3-s7/episode.mp4	545083	results
results/libero_pro_full_study_20260825/libero_10/fixed_recovery/task_08/carve-full-study-fixed_recovery-libero_10-t8-r4-s7/episode.mp4	570833	results
results/libero_pro_full_study_20260825/libero_10/fixed_recovery/task_08/carve-full-study-fixed_recovery-libero_10-t8-r5-s7/episode.mp4	571823	results
results/libero_pro_full_study_20260825/libero_10/fixed_recovery/task_08/carve-full-study-fixed_recovery-libero_10-t8-r6-s7/episode.mp4	317387	results
results/libero_pro_full_study_20260825/libero_10/fixed_recovery/task_08/carve-full-study-fixed_recovery-libero_10-t8-r7-s7/episode.mp4	657754	results
results/libero_pro_full_study_20260825/libero_10/fixed_recovery/task_08/carve-full-study-fixed_recovery-libero_10-t8-r8-s7/episode.mp4	534875	results
results/libero_pro_full_study_20260825/libero_10/fixed_recovery/task_08/carve-full-study-fixed_recovery-libero_10-t8-r9-s7/episode.mp4	507184	results
results/libero_pro_full_study_20260825/libero_10/fixed_recovery/task_09/carve-full-study-fixed_recovery-libero_10-t9-r0-s7/episode.mp4	326989	results
results/libero_pro_full_study_20260825/libero_10/fixed_recovery/task_09/carve-full-study-fixed_recovery-libero_10-t9-r1-s7/episode.mp4	336833	results
results/libero_pro_full_study_20260825/libero_10/fixed_recovery/task_09/carve-full-study-fixed_recovery-libero_10-t9-r2-s7/episode.mp4	335963	results
results/libero_pro_full_study_20260825/libero_10/fixed_recovery/task_09/carve-full-study-fixed_recovery-libero_10-t9-r3-s7/episode.mp4	379867	results
results/libero_pro_full_study_20260825/libero_10/fixed_recovery/task_09/carve-full-study-fixed_recovery-libero_10-t9-r4-s7/episode.mp4	345682	results
results/libero_pro_full_study_20260825/libero_10/fixed_recovery/task_09/carve-full-study-fixed_recovery-libero_10-t9-r5-s7/episode.mp4	338365	results
results/libero_pro_full_study_20260825/libero_10/fixed_recovery/task_09/carve-full-study-fixed_recovery-libero_10-t9-r6-s7/episode.mp4	323591	results
results/libero_pro_full_study_20260825/libero_10/fixed_recovery/task_09/carve-full-study-fixed_recovery-libero_10-t9-r7-s7/episode.mp4	299406	results
results/libero_pro_full_study_20260825/libero_10/fixed_recovery/task_09/carve-full-study-fixed_recovery-libero_10-t9-r8-s7/episode.mp4	368116	results
results/libero_pro_full_study_20260825/libero_10/fixed_recovery/task_09/carve-full-study-fixed_recovery-libero_10-t9-r9-s7/episode.mp4	391781	results
results/libero_pro_full_study_20260825/libero_10/frozen_vla/task_00/carve-full-study-frozen_vla-libero_10-t0-r0-s7/episode.mp4	305688	results
results/libero_pro_full_study_20260825/libero_10/frozen_vla/task_00/carve-full-study-frozen_vla-libero_10-t0-r1-s7/episode.mp4	312061	results
results/libero_pro_full_study_20260825/libero_10/frozen_vla/task_00/carve-full-study-frozen_vla-libero_10-t0-r2-s7/episode.mp4	316368	results
results/libero_pro_full_study_20260825/libero_10/frozen_vla/task_00/carve-full-study-frozen_vla-libero_10-t0-r3-s7/episode.mp4	346307	results
results/libero_pro_full_study_20260825/libero_10/frozen_vla/task_00/carve-full-study-frozen_vla-libero_10-t0-r4-s7/episode.mp4	363978	results
results/libero_pro_full_study_20260825/libero_10/frozen_vla/task_00/carve-full-study-frozen_vla-libero_10-t0-r5-s7/episode.mp4	333911	results
results/libero_pro_full_study_20260825/libero_10/frozen_vla/task_00/carve-full-study-frozen_vla-libero_10-t0-r6-s7/episode.mp4	375833	results
results/libero_pro_full_study_20260825/libero_10/frozen_vla/task_00/carve-full-study-frozen_vla-libero_10-t0-r7-s7/episode.mp4	297674	results
results/libero_pro_full_study_20260825/libero_10/frozen_vla/task_00/carve-full-study-frozen_vla-libero_10-t0-r8-s7/episode.mp4	304910	results
results/libero_pro_full_study_20260825/libero_10/frozen_vla/task_00/carve-full-study-frozen_vla-libero_10-t0-r9-s7/episode.mp4	292328	results
results/libero_pro_full_study_20260825/libero_10/frozen_vla/task_01/carve-full-study-frozen_vla-libero_10-t1-r0-s7/episode.mp4	404854	results
results/libero_pro_full_study_20260825/libero_10/frozen_vla/task_01/carve-full-study-frozen_vla-libero_10-t1-r1-s7/episode.mp4	374230	results
results/libero_pro_full_study_20260825/libero_10/frozen_vla/task_01/carve-full-study-frozen_vla-libero_10-t1-r2-s7/episode.mp4	370235	results
results/libero_pro_full_study_20260825/libero_10/frozen_vla/task_01/carve-full-study-frozen_vla-libero_10-t1-r3-s7/episode.mp4	384180	results
results/libero_pro_full_study_20260825/libero_10/frozen_vla/task_01/carve-full-study-frozen_vla-libero_10-t1-r4-s7/episode.mp4	384429	results
results/libero_pro_full_study_20260825/libero_10/frozen_vla/task_01/carve-full-study-frozen_vla-libero_10-t1-r5-s7/episode.mp4	372331	results
results/libero_pro_full_study_20260825/libero_10/frozen_vla/task_01/carve-full-study-frozen_vla-libero_10-t1-r6-s7/episode.mp4	394599	results
results/libero_pro_full_study_20260825/libero_10/frozen_vla/task_01/carve-full-study-frozen_vla-libero_10-t1-r7-s7/episode.mp4	378454	results
results/libero_pro_full_study_20260825/libero_10/frozen_vla/task_01/carve-full-study-frozen_vla-libero_10-t1-r8-s7/episode.mp4	369603	results
results/libero_pro_full_study_20260825/libero_10/frozen_vla/task_01/carve-full-study-frozen_vla-libero_10-t1-r9-s7/episode.mp4	409531	results
results/libero_pro_full_study_20260825/libero_10/frozen_vla/task_02/carve-full-study-frozen_vla-libero_10-t2-r0-s7/episode.mp4	320135	results
results/libero_pro_full_study_20260825/libero_10/frozen_vla/task_02/carve-full-study-frozen_vla-libero_10-t2-r1-s7/episode.mp4	408305	results
results/libero_pro_full_study_20260825/libero_10/frozen_vla/task_02/carve-full-study-frozen_vla-libero_10-t2-r2-s7/episode.mp4	382899	results
results/libero_pro_full_study_20260825/libero_10/frozen_vla/task_02/carve-full-study-frozen_vla-libero_10-t2-r3-s7/episode.mp4	383363	results
results/libero_pro_full_study_20260825/libero_10/frozen_vla/task_02/carve-full-study-frozen_vla-libero_10-t2-r4-s7/episode.mp4	323880	results
results/libero_pro_full_study_20260825/libero_10/frozen_vla/task_02/carve-full-study-frozen_vla-libero_10-t2-r5-s7/episode.mp4	333566	results
results/libero_pro_full_study_20260825/libero_10/frozen_vla/task_02/carve-full-study-frozen_vla-libero_10-t2-r6-s7/episode.mp4	385407	results
results/libero_pro_full_study_20260825/libero_10/frozen_vla/task_02/carve-full-study-frozen_vla-libero_10-t2-r7-s7/episode.mp4	346593	results
results/libero_pro_full_study_20260825/libero_10/frozen_vla/task_02/carve-full-study-frozen_vla-libero_10-t2-r8-s7/episode.mp4	343783	results
results/libero_pro_full_study_20260825/libero_10/frozen_vla/task_02/carve-full-study-frozen_vla-libero_10-t2-r9-s7/episode.mp4	446802	results
results/libero_pro_full_study_20260825/libero_10/frozen_vla/task_03/carve-full-study-frozen_vla-libero_10-t3-r0-s7/episode.mp4	319786	results
results/libero_pro_full_study_20260825/libero_10/frozen_vla/task_03/carve-full-study-frozen_vla-libero_10-t3-r1-s7/episode.mp4	307642	results
results/libero_pro_full_study_20260825/libero_10/frozen_vla/task_03/carve-full-study-frozen_vla-libero_10-t3-r2-s7/episode.mp4	432536	results
results/libero_pro_full_study_20260825/libero_10/frozen_vla/task_03/carve-full-study-frozen_vla-libero_10-t3-r3-s7/episode.mp4	297545	results
results/libero_pro_full_study_20260825/libero_10/frozen_vla/task_03/carve-full-study-frozen_vla-libero_10-t3-r4-s7/episode.mp4	332781	results
results/libero_pro_full_study_20260825/libero_10/frozen_vla/task_03/carve-full-study-frozen_vla-libero_10-t3-r5-s7/episode.mp4	367327	results
results/libero_pro_full_study_20260825/libero_10/frozen_vla/task_03/carve-full-study-frozen_vla-libero_10-t3-r6-s7/episode.mp4	316637	results
results/libero_pro_full_study_20260825/libero_10/frozen_vla/task_03/carve-full-study-frozen_vla-libero_10-t3-r7-s7/episode.mp4	334360	results
results/libero_pro_full_study_20260825/libero_10/frozen_vla/task_03/carve-full-study-frozen_vla-libero_10-t3-r8-s7/episode.mp4	331211	results
results/libero_pro_full_study_20260825/libero_10/frozen_vla/task_03/carve-full-study-frozen_vla-libero_10-t3-r9-s7/episode.mp4	303082	results
results/libero_pro_full_study_20260825/libero_10/frozen_vla/task_04/carve-full-study-frozen_vla-libero_10-t4-r0-s7/episode.mp4	294352	results
results/libero_pro_full_study_20260825/libero_10/frozen_vla/task_04/carve-full-study-frozen_vla-libero_10-t4-r1-s7/episode.mp4	296549	results
results/libero_pro_full_study_20260825/libero_10/frozen_vla/task_04/carve-full-study-frozen_vla-libero_10-t4-r2-s7/episode.mp4	289061	results
results/libero_pro_full_study_20260825/libero_10/frozen_vla/task_04/carve-full-study-frozen_vla-libero_10-t4-r3-s7/episode.mp4	297005	results
results/libero_pro_full_study_20260825/libero_10/frozen_vla/task_04/carve-full-study-frozen_vla-libero_10-t4-r4-s7/episode.mp4	318399	results
results/libero_pro_full_study_20260825/libero_10/frozen_vla/task_04/carve-full-study-frozen_vla-libero_10-t4-r5-s7/episode.mp4	293745	results
results/libero_pro_full_study_20260825/libero_10/frozen_vla/task_04/carve-full-study-frozen_vla-libero_10-t4-r6-s7/episode.mp4	294589	results
results/libero_pro_full_study_20260825/libero_10/frozen_vla/task_04/carve-full-study-frozen_vla-libero_10-t4-r7-s7/episode.mp4	312846	results
results/libero_pro_full_study_20260825/libero_10/frozen_vla/task_04/carve-full-study-frozen_vla-libero_10-t4-r8-s7/episode.mp4	295518	results
results/libero_pro_full_study_20260825/libero_10/frozen_vla/task_04/carve-full-study-frozen_vla-libero_10-t4-r9-s7/episode.mp4	302430	results
results/libero_pro_full_study_20260825/libero_10/frozen_vla/task_05/carve-full-study-frozen_vla-libero_10-t5-r0-s7/episode.mp4	203592	results
results/libero_pro_full_study_20260825/libero_10/frozen_vla/task_05/carve-full-study-frozen_vla-libero_10-t5-r1-s7/episode.mp4	225465	results
results/libero_pro_full_study_20260825/libero_10/frozen_vla/task_05/carve-full-study-frozen_vla-libero_10-t5-r2-s7/episode.mp4	178252	results
results/libero_pro_full_study_20260825/libero_10/frozen_vla/task_05/carve-full-study-frozen_vla-libero_10-t5-r3-s7/episode.mp4	195151	results
results/libero_pro_full_study_20260825/libero_10/frozen_vla/task_05/carve-full-study-frozen_vla-libero_10-t5-r4-s7/episode.mp4	198867	results
results/libero_pro_full_study_20260825/libero_10/frozen_vla/task_05/carve-full-study-frozen_vla-libero_10-t5-r5-s7/episode.mp4	191856	results
results/libero_pro_full_study_20260825/libero_10/frozen_vla/task_05/carve-full-study-frozen_vla-libero_10-t5-r6-s7/episode.mp4	192067	results
results/libero_pro_full_study_20260825/libero_10/frozen_vla/task_05/carve-full-study-frozen_vla-libero_10-t5-r7-s7/episode.mp4	207928	results
results/libero_pro_full_study_20260825/libero_10/frozen_vla/task_05/carve-full-study-frozen_vla-libero_10-t5-r8-s7/episode.mp4	171609	results
results/libero_pro_full_study_20260825/libero_10/frozen_vla/task_05/carve-full-study-frozen_vla-libero_10-t5-r9-s7/episode.mp4	189205	results
results/libero_pro_full_study_20260825/libero_10/frozen_vla/task_06/carve-full-study-frozen_vla-libero_10-t6-r0-s7/episode.mp4	318934	results
results/libero_pro_full_study_20260825/libero_10/frozen_vla/task_06/carve-full-study-frozen_vla-libero_10-t6-r1-s7/episode.mp4	368719	results
results/libero_pro_full_study_20260825/libero_10/frozen_vla/task_06/carve-full-study-frozen_vla-libero_10-t6-r2-s7/episode.mp4	353414	results
results/libero_pro_full_study_20260825/libero_10/frozen_vla/task_06/carve-full-study-frozen_vla-libero_10-t6-r3-s7/episode.mp4	345865	results
results/libero_pro_full_study_20260825/libero_10/frozen_vla/task_06/carve-full-study-frozen_vla-libero_10-t6-r4-s7/episode.mp4	331359	results
results/libero_pro_full_study_20260825/libero_10/frozen_vla/task_06/carve-full-study-frozen_vla-libero_10-t6-r5-s7/episode.mp4	360265	results
results/libero_pro_full_study_20260825/libero_10/frozen_vla/task_06/carve-full-study-frozen_vla-libero_10-t6-r6-s7/episode.mp4	358753	results
results/libero_pro_full_study_20260825/libero_10/frozen_vla/task_06/carve-full-study-frozen_vla-libero_10-t6-r7-s7/episode.mp4	352257	results
results/libero_pro_full_study_20260825/libero_10/frozen_vla/task_06/carve-full-study-frozen_vla-libero_10-t6-r8-s7/episode.mp4	359967	results
results/libero_pro_full_study_20260825/libero_10/frozen_vla/task_06/carve-full-study-frozen_vla-libero_10-t6-r9-s7/episode.mp4	359919	results
results/libero_pro_full_study_20260825/libero_10/frozen_vla/task_07/carve-full-study-frozen_vla-libero_10-t7-r0-s7/episode.mp4	353376	results
results/libero_pro_full_study_20260825/libero_10/frozen_vla/task_07/carve-full-study-frozen_vla-libero_10-t7-r1-s7/episode.mp4	403466	results
results/libero_pro_full_study_20260825/libero_10/frozen_vla/task_07/carve-full-study-frozen_vla-libero_10-t7-r2-s7/episode.mp4	329259	results
results/libero_pro_full_study_20260825/libero_10/frozen_vla/task_07/carve-full-study-frozen_vla-libero_10-t7-r3-s7/episode.mp4	372212	results
results/libero_pro_full_study_20260825/libero_10/frozen_vla/task_07/carve-full-study-frozen_vla-libero_10-t7-r4-s7/episode.mp4	416353	results
results/libero_pro_full_study_20260825/libero_10/frozen_vla/task_07/carve-full-study-frozen_vla-libero_10-t7-r5-s7/episode.mp4	369027	results
results/libero_pro_full_study_20260825/libero_10/frozen_vla/task_07/carve-full-study-frozen_vla-libero_10-t7-r6-s7/episode.mp4	372003	results
results/libero_pro_full_study_20260825/libero_10/frozen_vla/task_07/carve-full-study-frozen_vla-libero_10-t7-r7-s7/episode.mp4	313859	results
results/libero_pro_full_study_20260825/libero_10/frozen_vla/task_07/carve-full-study-frozen_vla-libero_10-t7-r8-s7/episode.mp4	398787	results
results/libero_pro_full_study_20260825/libero_10/frozen_vla/task_07/carve-full-study-frozen_vla-libero_10-t7-r9-s7/episode.mp4	332912	results
results/libero_pro_full_study_20260825/libero_10/frozen_vla/task_08/carve-full-study-frozen_vla-libero_10-t8-r0-s7/episode.mp4	547135	results
results/libero_pro_full_study_20260825/libero_10/frozen_vla/task_08/carve-full-study-frozen_vla-libero_10-t8-r1-s7/episode.mp4	493988	results
results/libero_pro_full_study_20260825/libero_10/frozen_vla/task_08/carve-full-study-frozen_vla-libero_10-t8-r2-s7/episode.mp4	622359	results
results/libero_pro_full_study_20260825/libero_10/frozen_vla/task_08/carve-full-study-frozen_vla-libero_10-t8-r3-s7/episode.mp4	544566	results
results/libero_pro_full_study_20260825/libero_10/frozen_vla/task_08/carve-full-study-frozen_vla-libero_10-t8-r4-s7/episode.mp4	570833	results
results/libero_pro_full_study_20260825/libero_10/frozen_vla/task_08/carve-full-study-frozen_vla-libero_10-t8-r5-s7/episode.mp4	571823	results
results/libero_pro_full_study_20260825/libero_10/frozen_vla/task_08/carve-full-study-frozen_vla-libero_10-t8-r6-s7/episode.mp4	635006	results
results/libero_pro_full_study_20260825/libero_10/frozen_vla/task_08/carve-full-study-frozen_vla-libero_10-t8-r7-s7/episode.mp4	695351	results
results/libero_pro_full_study_20260825/libero_10/frozen_vla/task_08/carve-full-study-frozen_vla-libero_10-t8-r8-s7/episode.mp4	534875	results
results/libero_pro_full_study_20260825/libero_10/frozen_vla/task_08/carve-full-study-frozen_vla-libero_10-t8-r9-s7/episode.mp4	507184	results
results/libero_pro_full_study_20260825/libero_10/frozen_vla/task_09/carve-full-study-frozen_vla-libero_10-t9-r0-s7/episode.mp4	326989	results
results/libero_pro_full_study_20260825/libero_10/frozen_vla/task_09/carve-full-study-frozen_vla-libero_10-t9-r1-s7/episode.mp4	336833	results
results/libero_pro_full_study_20260825/libero_10/frozen_vla/task_09/carve-full-study-frozen_vla-libero_10-t9-r2-s7/episode.mp4	335963	results
results/libero_pro_full_study_20260825/libero_10/frozen_vla/task_09/carve-full-study-frozen_vla-libero_10-t9-r3-s7/episode.mp4	379867	results
results/libero_pro_full_study_20260825/libero_10/frozen_vla/task_09/carve-full-study-frozen_vla-libero_10-t9-r4-s7/episode.mp4	345682	results
results/libero_pro_full_study_20260825/libero_10/frozen_vla/task_09/carve-full-study-frozen_vla-libero_10-t9-r5-s7/episode.mp4	338365	results
results/libero_pro_full_study_20260825/libero_10/frozen_vla/task_09/carve-full-study-frozen_vla-libero_10-t9-r6-s7/episode.mp4	323591	results
results/libero_pro_full_study_20260825/libero_10/frozen_vla/task_09/carve-full-study-frozen_vla-libero_10-t9-r7-s7/episode.mp4	299406	results
results/libero_pro_full_study_20260825/libero_10/frozen_vla/task_09/carve-full-study-frozen_vla-libero_10-t9-r8-s7/episode.mp4	368116	results
results/libero_pro_full_study_20260825/libero_10/frozen_vla/task_09/carve-full-study-frozen_vla-libero_10-t9-r9-s7/episode.mp4	534708	results
results/libero_pro_representative_videos_20260828/01_recovery_conversion/agentic_success.mp4	601933	results
results/libero_pro_representative_videos_20260828/01_recovery_conversion/frozen_fail.mp4	622359	results
results/libero_pro_representative_videos_20260828/02_agentic_only_conversion/agentic_success.mp4	514451	results
results/libero_pro_representative_videos_20260828/02_agentic_only_conversion/fixed_fail.mp4	376744	results
results/libero_pro_representative_videos_20260828/02_agentic_only_conversion/frozen_fail.mp4	776903	results
results/libero_pro_representative_videos_20260828/03_fixed_regression_recovered/agentic_success.mp4	556938	results
results/libero_pro_representative_videos_20260828/03_fixed_regression_recovered/fixed_fail.mp4	315381	results
results/libero_pro_representative_videos_20260828/03_fixed_regression_recovered/frozen_success.mp4	552488	results
results/libero_pro_representative_videos_20260828/04_false_intervention_boundary/agentic_fail.mp4	614891	results
results/libero_pro_representative_videos_20260828/04_false_intervention_boundary/frozen_success.mp4	583676	results
results/planner_profile_closed_loop_20260827/qwen4b_bf16_memory_warm_trial0/planner-profile-4b-memory-warm-agentic-libero_10_object-t8-r0-s7-semantic-checkpoint/episode.mp4	1285763	results
results/planner_profile_closed_loop_20260827/qwen4b_bf16_memory_warm_trial1/planner-profile-4b-memory-warm-agentic-libero_10_object-t8-r1-s7-semantic-checkpoint/episode.mp4	1269722	results
results/planner_profile_closed_loop_20260827/qwen4b_bf16_memory_warm_trial7/planner-profile-4b-memory-warm-agentic-libero_10_object-t8-r7-s7-semantic-checkpoint/episode.mp4	1452558	results
results/planner_profile_closed_loop_20260827/qwen4b_bf16_memory_warm_trial9/planner-profile-4b-memory-warm-agentic-libero_10_object-t8-r9-s7-semantic-checkpoint/episode.mp4	1370085	results
results/planner_profile_closed_loop_20260827/qwen4b_bf16_trial0_alias_gate/planner-profile-4b-reference-alias-gate-agentic-libero_10_object-t8-r0-s7-startup-planner-semantic-checkpoint/episode.mp4	20683	results
results/planner_profile_closed_loop_20260827/qwen4b_bf16_trial0/planner-profile-4b-reference-agentic-libero_10_object-t8-r0-s7-startup-planner-semantic-checkpoint/episode.mp4	20683	results
results/robomme_admission_20260828/carve/MoveCube_ep0_admission.mp4	450940	results
results/robomme_admission_20260828/official/sample_run_videos/joint_angle/MoveCube_ep0_watch the video carefully, then move the cube to the target in the same manner as before.mp4	1028841	results
results/robomme_admission_20260828/protocol_stub/MoveCube_ep0_policy_admission.mp4	438200	results
results/robomme_b1_raw_policy_20260831/RouteStick_ep0/initial_demo_front.mp4	83121	results
results/robomme_b1_raw_policy_20260831/RouteStick_ep0/RouteStick_ep0_vlm_groundsg.mp4	375202	results
results/robomme_b1_raw_policy_20260831/RouteStick_ep1/initial_demo_front.mp4	58469	results
results/robomme_b1_raw_policy_20260831/RouteStick_ep1/RouteStick_ep1_vlm_groundsg.mp4	275140	results
results/robomme_b1_raw_policy_20260831/RouteStick_ep2/initial_demo_front.mp4	87611	results
results/robomme_b1_raw_policy_20260831/RouteStick_ep2/RouteStick_ep2_vlm_groundsg.mp4	699312	results
results/robomme_b1_raw_policy_20260831/RouteStick_ep3/initial_demo_front.mp4	86756	results
results/robomme_b1_raw_policy_20260831/RouteStick_ep3/RouteStick_ep3_vlm_groundsg.mp4	595360	results
results/robomme_b1_raw_policy_20260831/RouteStick_ep4/initial_demo_front.mp4	75462	results
results/robomme_b1_raw_policy_20260831/RouteStick_ep4/RouteStick_ep4_vlm_groundsg.mp4	461082	results
results/robomme_b1_raw_policy_20260831/StopCube_ep0/initial_demo_front.mp4	5790	results
results/robomme_b1_raw_policy_20260831/StopCube_ep0/StopCube_ep0_vlm_groundsg.mp4	303359	results
results/robomme_b1_raw_policy_20260831/StopCube_ep1/initial_demo_front.mp4	5850	results
results/robomme_b1_raw_policy_20260831/StopCube_ep1/StopCube_ep1_vlm_groundsg.mp4	230849	results
results/robomme_b1_raw_policy_20260831/StopCube_ep2/initial_demo_front.mp4	5815	results
results/robomme_b1_raw_policy_20260831/StopCube_ep2/StopCube_ep2_vlm_groundsg.mp4	193407	results
results/robomme_b1_raw_policy_20260831/StopCube_ep3/initial_demo_front.mp4	5791	results
results/robomme_b1_raw_policy_20260831/StopCube_ep3/StopCube_ep3_vlm_groundsg.mp4	171768	results
results/robomme_b1_raw_policy_20260831/StopCube_ep4/initial_demo_front.mp4	5830	results
results/robomme_b1_raw_policy_20260831/StopCube_ep4/StopCube_ep4_vlm_groundsg.mp4	176657	results
results/robomme_b1_raw_policy_20260831/VideoRepick_ep0/initial_demo_front.mp4	107580	results
results/robomme_b1_raw_policy_20260831/VideoRepick_ep0/VideoRepick_ep0_vlm_groundsg.mp4	715769	results
results/robomme_b1_raw_policy_20260831/VideoRepick_ep1/initial_demo_front.mp4	104445	results
results/robomme_b1_raw_policy_20260831/VideoRepick_ep1/VideoRepick_ep1_vlm_groundsg.mp4	607615	results
results/robomme_b1_raw_policy_20260831/VideoRepick_ep2/initial_demo_front.mp4	145375	results
results/robomme_b1_raw_policy_20260831/VideoRepick_ep2/VideoRepick_ep2_vlm_groundsg.mp4	1459657	results
results/robomme_b1_raw_policy_20260831/VideoRepick_ep3/initial_demo_front.mp4	48883	results
results/robomme_b1_raw_policy_20260831/VideoRepick_ep3/VideoRepick_ep3_vlm_groundsg.mp4	662924	results
results/robomme_b1_raw_policy_20260831/VideoRepick_ep4/initial_demo_front.mp4	121840	results
results/robomme_b1_raw_policy_20260831/VideoRepick_ep4/VideoRepick_ep4_vlm_groundsg.mp4	677183	results
results/robomme_b1_raw_policy_20260831/VideoUnmaskSwap_ep0/initial_demo_front.mp4	32284	results
results/robomme_b1_raw_policy_20260831/VideoUnmaskSwap_ep0/VideoUnmaskSwap_ep0_vlm_groundsg.mp4	336463	results
results/robomme_b1_raw_policy_20260831/VideoUnmaskSwap_ep1/initial_demo_front.mp4	41285	results
results/robomme_b1_raw_policy_20260831/VideoUnmaskSwap_ep1/VideoUnmaskSwap_ep1_vlm_groundsg.mp4	334133	results
results/robomme_b1_raw_policy_20260831/VideoUnmaskSwap_ep2/initial_demo_front.mp4	30925	results
results/robomme_b1_raw_policy_20260831/VideoUnmaskSwap_ep2/VideoUnmaskSwap_ep2_vlm_groundsg.mp4	259250	results
results/robomme_b1_raw_policy_20260831/VideoUnmaskSwap_ep3/initial_demo_front.mp4	56103	results
results/robomme_b1_raw_policy_20260831/VideoUnmaskSwap_ep3/VideoUnmaskSwap_ep3_vlm_groundsg.mp4	402386	results
results/robomme_b1_raw_policy_20260831/VideoUnmaskSwap_ep4/initial_demo_front.mp4	33228	results
results/robomme_b1_raw_policy_20260831/VideoUnmaskSwap_ep4/VideoUnmaskSwap_ep4_vlm_groundsg.mp4	282489	results
results/robomme_b1_raw_policy_smoke_20260831/StopCube_ep0/initial_demo_front.mp4	5790	results
results/robomme_b1_raw_policy_smoke_20260831/StopCube_ep0/StopCube_ep0_vlm_groundsg.mp4	303359	results
results/robomme_buttonunmask_ep3_oracle_diagnostic_20260831/ButtonUnmask_ep3_oracle_upper_bound.mp4	1974128	results
results/robomme_c2_agentic_every_chunk_20260831/RouteStick_ep0/initial_demo_front.mp4	83121	results
results/robomme_c2_agentic_every_chunk_20260831/RouteStick_ep0/RouteStick_ep0_vlm_groundsg.mp4	615822	results
results/robomme_c2_agentic_every_chunk_20260831/RouteStick_ep1/initial_demo_front.mp4	58469	results
results/robomme_c2_agentic_every_chunk_20260831/RouteStick_ep1/RouteStick_ep1_vlm_groundsg.mp4	379596	results
results/robomme_c2_agentic_every_chunk_20260831/RouteStick_ep2/initial_demo_front.mp4	87611	results
results/robomme_c2_agentic_every_chunk_20260831/RouteStick_ep2/RouteStick_ep2_vlm_groundsg.mp4	684119	results
results/robomme_c2_agentic_every_chunk_20260831/RouteStick_ep3/initial_demo_front.mp4	86756	results
results/robomme_c2_agentic_every_chunk_20260831/RouteStick_ep3/RouteStick_ep3_vlm_groundsg.mp4	459927	results
results/robomme_c2_agentic_every_chunk_20260831/RouteStick_ep4/initial_demo_front.mp4	75462	results
results/robomme_c2_agentic_every_chunk_20260831/RouteStick_ep4/RouteStick_ep4_vlm_groundsg.mp4	472302	results
results/robomme_c2_agentic_every_chunk_20260831/StopCube_ep0/initial_demo_front.mp4	5790	results
results/robomme_c2_agentic_every_chunk_20260831/StopCube_ep0/StopCube_ep0_vlm_groundsg.mp4	307941	results
results/robomme_c2_agentic_every_chunk_20260831/StopCube_ep1/initial_demo_front.mp4	5850	results
results/robomme_c2_agentic_every_chunk_20260831/StopCube_ep1/StopCube_ep1_vlm_groundsg.mp4	209309	results
results/robomme_c2_agentic_every_chunk_20260831/StopCube_ep2/initial_demo_front.mp4	5815	results
results/robomme_c2_agentic_every_chunk_20260831/StopCube_ep2/StopCube_ep2_vlm_groundsg.mp4	197624	results
results/robomme_c2_agentic_every_chunk_20260831/StopCube_ep3/initial_demo_front.mp4	5791	results
results/robomme_c2_agentic_every_chunk_20260831/StopCube_ep3/StopCube_ep3_vlm_groundsg.mp4	185758	results
results/robomme_c2_agentic_every_chunk_20260831/StopCube_ep4/initial_demo_front.mp4	5830	results
results/robomme_c2_agentic_every_chunk_20260831/StopCube_ep4/StopCube_ep4_vlm_groundsg.mp4	128588	results
results/robomme_c2_agentic_every_chunk_20260831/VideoRepick_ep0/initial_demo_front.mp4	107580	results
results/robomme_c2_agentic_every_chunk_20260831/VideoRepick_ep0/VideoRepick_ep0_vlm_groundsg.mp4	938320	results
results/robomme_c2_agentic_every_chunk_20260831/VideoRepick_ep1/initial_demo_front.mp4	104445	results
results/robomme_c2_agentic_every_chunk_20260831/VideoRepick_ep1/VideoRepick_ep1_vlm_groundsg.mp4	951049	results
results/robomme_c2_agentic_every_chunk_20260831/VideoRepick_ep2/initial_demo_front.mp4	145375	results
results/robomme_c2_agentic_every_chunk_20260831/VideoRepick_ep2/VideoRepick_ep2_vlm_groundsg.mp4	1124850	results
results/robomme_c2_agentic_every_chunk_20260831/VideoRepick_ep3/initial_demo_front.mp4	48883	results
results/robomme_c2_agentic_every_chunk_20260831/VideoRepick_ep3/VideoRepick_ep3_vlm_groundsg.mp4	679351	results
results/robomme_c2_agentic_every_chunk_20260831/VideoRepick_ep4/initial_demo_front.mp4	121840	results
results/robomme_c2_agentic_every_chunk_20260831/VideoRepick_ep4/VideoRepick_ep4_vlm_groundsg.mp4	1214288	results
results/robomme_c2_agentic_every_chunk_20260831/VideoUnmaskSwap_ep0/initial_demo_front.mp4	32284	results
results/robomme_c2_agentic_every_chunk_20260831/VideoUnmaskSwap_ep0/VideoUnmaskSwap_ep0_vlm_groundsg.mp4	616469	results
results/robomme_c2_agentic_every_chunk_20260831/VideoUnmaskSwap_ep1/initial_demo_front.mp4	41285	results
results/robomme_c2_agentic_every_chunk_20260831/VideoUnmaskSwap_ep1/VideoUnmaskSwap_ep1_vlm_groundsg.mp4	327483	results
results/robomme_c2_agentic_every_chunk_20260831/VideoUnmaskSwap_ep2/initial_demo_front.mp4	30925	results
results/robomme_c2_agentic_every_chunk_20260831/VideoUnmaskSwap_ep2/VideoUnmaskSwap_ep2_vlm_groundsg.mp4	340672	results
results/robomme_c2_agentic_every_chunk_20260831/VideoUnmaskSwap_ep3/initial_demo_front.mp4	56103	results
results/robomme_c2_agentic_every_chunk_20260831/VideoUnmaskSwap_ep3/VideoUnmaskSwap_ep3_vlm_groundsg.mp4	672406	results
results/robomme_c2_agentic_every_chunk_20260831/VideoUnmaskSwap_ep4/initial_demo_front.mp4	33228	results
results/robomme_c2_agentic_every_chunk_20260831/VideoUnmaskSwap_ep4/VideoUnmaskSwap_ep4_vlm_groundsg.mp4	624741	results
results/robomme_c2_agentic_smoke_20260831/StopCube_ep0/initial_demo_front.mp4	5790	results
results/robomme_c2_agentic_smoke_20260831/StopCube_ep0/StopCube_ep0_vlm_groundsg.mp4	307941	results
results/robomme_c3_pilot_20260831_admission/StopCube_ep0/initial_demo_front.mp4	5790	results
results/robomme_c3_pilot_20260831_admission/StopCube_ep0/StopCube_ep0_vlm_groundsg.mp4	328511	results
results/robomme_c3_pilot_20260831_stopcube_anticipatory/StopCube_ep0/initial_demo_front.mp4	5790	results
results/robomme_c3_pilot_20260831_stopcube_anticipatory/StopCube_ep0/StopCube_ep0_vlm_groundsg.mp4	310386	results
results/robomme_c3_pilot_20260831_stopcube_canonical/StopCube_ep0/initial_demo_front.mp4	5790	results
results/robomme_c3_pilot_20260831_stopcube_canonical/StopCube_ep0/StopCube_ep0_vlm_groundsg.mp4	311816	results
results/robomme_c3_pilot_20260831_stopcube_contract/StopCube_ep0/initial_demo_front.mp4	5790	results
results/robomme_c3_pilot_20260831_stopcube_contract/StopCube_ep0/StopCube_ep0_vlm_groundsg.mp4	334939	results
results/robomme_c3_pilot_20260831_stopcube_finalgate/StopCube_ep0/initial_demo_front.mp4	5790	results
results/robomme_c3_pilot_20260831_stopcube_finalgate/StopCube_ep0/StopCube_ep0_vlm_groundsg.mp4	308101	results
results/robomme_c3_pilot_20260831_stopcube_prepare/StopCube_ep0/initial_demo_front.mp4	5790	results
results/robomme_c3_pilot_20260831_stopcube_prepare/StopCube_ep0/StopCube_ep0_vlm_groundsg.mp4	332316	results
results/robomme_c3_pilot_4suite_20260831/StopCube_ep0/initial_demo_front.mp4	5790	results
results/robomme_c3_pilot_4suite_20260831/StopCube_ep0/StopCube_ep0_vlm_groundsg.mp4	308101	results
results/robomme_c3_pilot_4suite_20260831/StopCube_ep1/initial_demo_front.mp4	5850	results
results/robomme_c3_pilot_4suite_20260831/StopCube_ep1/StopCube_ep1_vlm_groundsg.mp4	227905	results
results/robomme_c3_pilot_4suite_20260831/StopCube_ep2/initial_demo_front.mp4	5815	results
results/robomme_c3_pilot_4suite_20260831/StopCube_ep2/StopCube_ep2_vlm_groundsg.mp4	196446	results
results/robomme_c3_pilot_4suite_v2_20260831/StopCube_ep0/initial_demo_front.mp4	5790	results
results/robomme_c3_pilot_4suite_v2_20260831/StopCube_ep0/StopCube_ep0_vlm_groundsg.mp4	308101	results
results/robomme_c3_pilot_4suite_v2_20260831/StopCube_ep1/initial_demo_front.mp4	5850	results
results/robomme_c3_pilot_4suite_v2_20260831/StopCube_ep1/StopCube_ep1_vlm_groundsg.mp4	239177	results
results/robomme_c3_pilot_4suite_v2_20260831/StopCube_ep2/initial_demo_front.mp4	5815	results
results/robomme_c3_pilot_4suite_v2_20260831/StopCube_ep2/StopCube_ep2_vlm_groundsg.mp4	9825	results
results/robomme_c3_routestick_contract_v2_20260831/RouteStick_ep0/initial_demo_front.mp4	83121	results
results/robomme_c3_routestick_contract_v2_20260831/RouteStick_ep0/RouteStick_ep0_vlm_groundsg.mp4	382392	results
results/robomme_c3_routestick_gate_20260831/RouteStick_ep0/initial_demo_front.mp4	83121	results
results/robomme_c3_routestick_gate_20260831/RouteStick_ep0/RouteStick_ep0_vlm_groundsg.mp4	388219	results
results/robomme_c3_routestick_gate_20260831/RouteStick_ep1/initial_demo_front.mp4	58469	results
results/robomme_c3_routestick_gate_20260831/RouteStick_ep1/RouteStick_ep1_vlm_groundsg.mp4	283969	results
results/robomme_c3_routestick_nomemory_contract_20260831/RouteStick_ep0/initial_demo_front.mp4	83121	results
results/robomme_c3_routestick_nomemory_contract_20260831/RouteStick_ep0/RouteStick_ep0_vlm_groundsg.mp4	382392	results
results/robomme_c3_routestick_nomemory_contract_v2_20260831/RouteStick_ep0/initial_demo_front.mp4	83121	results
results/robomme_c3_routestick_nomemory_contract_v2_20260831/RouteStick_ep0/RouteStick_ep0_vlm_groundsg.mp4	382392	results
results/robomme_c3_routestick_trajectory_v1_20260831/RouteStick_ep0/initial_demo_front.mp4	83121	results
results/robomme_c3_routestick_trajectory_v1_20260831/RouteStick_ep0/RouteStick_ep0_vlm_groundsg.mp4	601859	results
results/robomme_c3_routestick_trajectory_v1_20260831/RouteStick_ep1/initial_demo_front.mp4	58469	results
results/robomme_c3_routestick_trajectory_v1_20260831/RouteStick_ep1/RouteStick_ep1_vlm_groundsg.mp4	370116	results
results/robomme_c3_routestick_trajectory_v1_20260831/RouteStick_ep2/initial_demo_front.mp4	87611	results
results/robomme_c3_routestick_trajectory_v1_20260831/RouteStick_ep2/RouteStick_ep2_vlm_groundsg.mp4	574177	results
results/robomme_c3_routestick_trajectory_v1_20260831/RouteStick_ep3/initial_demo_front.mp4	86756	results
results/robomme_c3_routestick_trajectory_v1_20260831/RouteStick_ep3/RouteStick_ep3_vlm_groundsg.mp4	458396	results
results/robomme_c3_routestick_trajectory_v1_20260831/RouteStick_ep4/initial_demo_front.mp4	75462	results
results/robomme_c3_routestick_trajectory_v1_20260831/RouteStick_ep4/RouteStick_ep4_vlm_groundsg.mp4	593380	results
results/robomme_c3_unmask_swap_event_v6_20260831/VideoUnmaskSwap_ep0/initial_demo_front.mp4	32284	results
results/robomme_c3_unmask_swap_event_v6_20260831/VideoUnmaskSwap_ep0/VideoUnmaskSwap_ep0_vlm_groundsg.mp4	618794	results
results/robomme_c3_unmask_swap_event_v6_20260831/VideoUnmaskSwap_ep1/initial_demo_front.mp4	41285	results
results/robomme_c3_unmask_swap_event_v6_20260831/VideoUnmaskSwap_ep1/VideoUnmaskSwap_ep1_vlm_groundsg.mp4	328356	results
results/robomme_c3_unmask_swap_event_v6_20260831/VideoUnmaskSwap_ep2/initial_demo_front.mp4	30925	results
results/robomme_c3_unmask_swap_event_v6_20260831/VideoUnmaskSwap_ep2/VideoUnmaskSwap_ep2_vlm_groundsg.mp4	407483	results
results/robomme_c3_unmask_swap_event_v6_20260831/VideoUnmaskSwap_ep3/initial_demo_front.mp4	56103	results
results/robomme_c3_unmask_swap_event_v6_20260831/VideoUnmaskSwap_ep3/VideoUnmaskSwap_ep3_vlm_groundsg.mp4	738034	results
results/robomme_c3_unmask_swap_event_v6_20260831/VideoUnmaskSwap_ep4/initial_demo_front.mp4	33228	results
results/robomme_c3_unmask_swap_event_v6_20260831/VideoUnmaskSwap_ep4/VideoUnmaskSwap_ep4_vlm_groundsg.mp4	683899	results
results/robomme_c3_unmask_swap_sam2_gate_20260831/VideoUnmaskSwap_ep0/initial_demo_front.mp4	32284	results
results/robomme_c3_unmask_swap_sam2_gate_20260831/VideoUnmaskSwap_ep0/VideoUnmaskSwap_ep0_vlm_groundsg.mp4	2501949	results
results/robomme_c3_unmask_swap_sam2_v2_20260831/VideoUnmaskSwap_ep0/initial_demo_front.mp4	32284	results
results/robomme_c3_unmask_swap_sam2_v2_20260831/VideoUnmaskSwap_ep0/VideoUnmaskSwap_ep0_vlm_groundsg.mp4	577191	results
results/robomme_c3_unmask_swap_sam2_v3_20260831/VideoUnmaskSwap_ep0/initial_demo_front.mp4	32284	results
results/robomme_c3_unmask_swap_sam2_v3_20260831/VideoUnmaskSwap_ep0/VideoUnmaskSwap_ep0_vlm_groundsg.mp4	556741	results
results/robomme_c3_unmask_swap_sam2_v4_20260831/VideoUnmaskSwap_ep0/initial_demo_front.mp4	32284	results
results/robomme_c3_unmask_swap_sam2_v4_20260831/VideoUnmaskSwap_ep0/VideoUnmaskSwap_ep0_vlm_groundsg.mp4	558551	results
results/robomme_c3_unmask_swap_sam2_v5_20260831/VideoUnmaskSwap_ep0/initial_demo_front.mp4	32284	results
results/robomme_c3_unmask_swap_sam2_v5_20260831/VideoUnmaskSwap_ep0/VideoUnmaskSwap_ep0_vlm_groundsg.mp4	626617	results
results/robomme_c3_unmask_swap_sam2_v5_20260831/VideoUnmaskSwap_ep1/initial_demo_front.mp4	41285	results
results/robomme_c3_unmask_swap_sam2_v5_20260831/VideoUnmaskSwap_ep1/VideoUnmaskSwap_ep1_vlm_groundsg.mp4	328356	results
results/robomme_c3_unmask_swap_sam2_v5_20260831/VideoUnmaskSwap_ep2/initial_demo_front.mp4	30925	results
results/robomme_c3_unmask_swap_sam2_v5_20260831/VideoUnmaskSwap_ep2/VideoUnmaskSwap_ep2_vlm_groundsg.mp4	338102	results
results/robomme_c3_unmask_swap_sam2_v5_20260831/VideoUnmaskSwap_ep3/initial_demo_front.mp4	56103	results
results/robomme_c3_unmask_swap_sam2_v5_20260831/VideoUnmaskSwap_ep3/VideoUnmaskSwap_ep3_vlm_groundsg.mp4	738034	results
results/robomme_c3_unmask_swap_sam2_v5_20260831/VideoUnmaskSwap_ep4/initial_demo_front.mp4	33228	results
results/robomme_c3_unmask_swap_sam2_v5_20260831/VideoUnmaskSwap_ep4/VideoUnmaskSwap_ep4_vlm_groundsg.mp4	629610	results
results/robomme_c3_videorepick_ep34_20260831/VideoRepick_ep3/initial_demo_front.mp4	48883	results
results/robomme_c3_videorepick_ep34_20260831/VideoRepick_ep3/VideoRepick_ep3_vlm_groundsg.mp4	700173	results
results/robomme_c3_videorepick_ep34_20260831/VideoRepick_ep4/initial_demo_front.mp4	121840	results
results/robomme_c3_videorepick_ep34_20260831/VideoRepick_ep4/VideoRepick_ep4_vlm_groundsg.mp4	675264	results
results/robomme_c3_videorepick_event_v10_ep3_20260831/VideoRepick_ep3/initial_demo_front.mp4	48883	results
results/robomme_c3_videorepick_event_v10_ep3_20260831/VideoRepick_ep3/VideoRepick_ep3_vlm_groundsg.mp4	679351	results
results/robomme_c3_videorepick_event_v6_20260831/VideoRepick_ep0/initial_demo_front.mp4	107580	results
results/robomme_c3_videorepick_event_v6_20260831/VideoRepick_ep0/VideoRepick_ep0_vlm_groundsg.mp4	647262	results
results/robomme_c3_videorepick_event_v7_20260831/VideoRepick_ep0/initial_demo_front.mp4	107580	results
results/robomme_c3_videorepick_event_v7_20260831/VideoRepick_ep0/VideoRepick_ep0_vlm_groundsg.mp4	815410	results
results/robomme_c3_videorepick_event_v8_20260831/VideoRepick_ep0/initial_demo_front.mp4	107580	results
results/robomme_c3_videorepick_event_v8_20260831/VideoRepick_ep0/VideoRepick_ep0_vlm_groundsg.mp4	990619	results
results/robomme_c3_videorepick_event_v8_20260831/VideoRepick_ep1/initial_demo_front.mp4	104445	results
results/robomme_c3_videorepick_event_v8_20260831/VideoRepick_ep1/VideoRepick_ep1_vlm_groundsg.mp4	1285101	results
results/robomme_c3_videorepick_event_v8_20260831/VideoRepick_ep2/initial_demo_front.mp4	145375	results
results/robomme_c3_videorepick_event_v8_20260831/VideoRepick_ep2/VideoRepick_ep2_vlm_groundsg.mp4	1349061	results
results/robomme_c3_videorepick_event_v8_ep4_20260831/VideoRepick_ep4/initial_demo_front.mp4	121840	results
results/robomme_c3_videorepick_event_v8_ep4_20260831/VideoRepick_ep4/VideoRepick_ep4_vlm_groundsg.mp4	1395964	results
results/robomme_c3_videorepick_event_v9_ep4_20260831/VideoRepick_ep4/initial_demo_front.mp4	121840	results
results/robomme_c3_videorepick_event_v9_ep4_20260831/VideoRepick_ep4/VideoRepick_ep4_vlm_groundsg.mp4	1512151	results
results/robomme_carve_text_subgoal_pilot_20260828/MoveCube_ep0/MoveCube_ep0_policy_admission.mp4	1342479	results
results/robomme_carve_text_subgoal_pilot_20260828/MoveCube_ep1/MoveCube_ep1_policy_admission.mp4	2682685	results
results/robomme_carve_text_subgoal_pilot_20260828/MoveCube_ep2/MoveCube_ep2_policy_admission.mp4	2608279	results
results/robomme_carve_text_subgoal_pilot_20260828/MoveCube_ep3/MoveCube_ep3_policy_admission.mp4	791740	results
results/robomme_carve_text_subgoal_pilot_20260828/MoveCube_ep4/MoveCube_ep4_policy_admission.mp4	2774574	results
results/robomme_extension_b1_pilot_20260831/ButtonUnmask_ep0/ButtonUnmask_ep0_vlm_groundsg.mp4	1322229	results
results/robomme_extension_b1_pilot_20260831/ButtonUnmask_ep0/initial_demo_front.mp4	5748	results
results/robomme_extension_b1_pilot_20260831/MoveCube_ep0/initial_demo_front.mp4	89868	results
results/robomme_extension_b1_pilot_20260831/MoveCube_ep0/MoveCube_ep0_vlm_groundsg.mp4	756638	results
results/robomme_extension_b1_pilot_20260831/PickHighlight_ep0/initial_demo_front.mp4	5796	results
results/robomme_extension_b1_pilot_20260831/PickHighlight_ep0/PickHighlight_ep0_vlm_groundsg.mp4	408628	results
results/robomme_extension_b1_pilot_20260831/PickXtimes_ep0/initial_demo_front.mp4	5823	results
results/robomme_extension_b1_pilot_20260831/PickXtimes_ep0/PickXtimes_ep0_vlm_groundsg.mp4	1252413	results
results/robomme_extension_b1_raw_20260831/RouteStick_ep5/initial_demo_front.mp4	56262	results
results/robomme_extension_b1_raw_20260831/RouteStick_ep5/RouteStick_ep5_vlm_groundsg.mp4	286349	results
results/robomme_extension_b1_raw_20260831/RouteStick_ep6/initial_demo_front.mp4	87531	results
results/robomme_extension_b1_raw_20260831/RouteStick_ep6/RouteStick_ep6_vlm_groundsg.mp4	570041	results
results/robomme_extension_b1_raw_20260831/RouteStick_ep7/initial_demo_front.mp4	106977	results
results/robomme_extension_b1_raw_20260831/RouteStick_ep7/RouteStick_ep7_vlm_groundsg.mp4	555057	results
results/robomme_extension_b1_raw_20260831/RouteStick_ep8/initial_demo_front.mp4	80591	results
results/robomme_extension_b1_raw_20260831/RouteStick_ep8/RouteStick_ep8_vlm_groundsg.mp4	477999	results
results/robomme_extension_b1_raw_20260831/RouteStick_ep9/initial_demo_front.mp4	65848	results
results/robomme_extension_b1_raw_20260831/RouteStick_ep9/RouteStick_ep9_vlm_groundsg.mp4	573279	results
results/robomme_extension_b1_raw_20260831/StopCube_ep5/initial_demo_front.mp4	5781	results
results/robomme_extension_b1_raw_20260831/StopCube_ep5/StopCube_ep5_vlm_groundsg.mp4	186449	results
results/robomme_extension_b1_raw_20260831/StopCube_ep6/initial_demo_front.mp4	5802	results
results/robomme_extension_b1_raw_20260831/StopCube_ep6/StopCube_ep6_vlm_groundsg.mp4	327804	results
results/robomme_extension_b1_raw_20260831/StopCube_ep7/initial_demo_front.mp4	5772	results
results/robomme_extension_b1_raw_20260831/StopCube_ep7/StopCube_ep7_vlm_groundsg.mp4	207410	results
results/robomme_extension_b1_raw_20260831/StopCube_ep8/initial_demo_front.mp4	5745	results
results/robomme_extension_b1_raw_20260831/StopCube_ep8/StopCube_ep8_vlm_groundsg.mp4	196948	results
results/robomme_extension_b1_raw_20260831/StopCube_ep9/initial_demo_front.mp4	5806	results
results/robomme_extension_b1_raw_20260831/StopCube_ep9/StopCube_ep9_vlm_groundsg.mp4	446712	results
results/robomme_extension_b1_raw_20260831/VideoRepick_ep5/initial_demo_front.mp4	100597	results
results/robomme_extension_b1_raw_20260831/VideoRepick_ep5/VideoRepick_ep5_vlm_groundsg.mp4	663934	results
results/robomme_extension_b1_raw_20260831/VideoRepick_ep6/initial_demo_front.mp4	102952	results
results/robomme_extension_b1_raw_20260831/VideoRepick_ep6/VideoRepick_ep6_vlm_groundsg.mp4	729654	results
results/robomme_extension_b1_raw_20260831/VideoRepick_ep7/initial_demo_front.mp4	56202	results
results/robomme_extension_b1_raw_20260831/VideoRepick_ep7/VideoRepick_ep7_vlm_groundsg.mp4	1628010	results
results/robomme_extension_b1_raw_20260831/VideoRepick_ep8/initial_demo_front.mp4	104565	results
results/robomme_extension_b1_raw_20260831/VideoRepick_ep8/VideoRepick_ep8_vlm_groundsg.mp4	663748	results
results/robomme_extension_b1_raw_20260831/VideoRepick_ep9/initial_demo_front.mp4	162253	results
results/robomme_extension_b1_raw_20260831/VideoRepick_ep9/VideoRepick_ep9_vlm_groundsg.mp4	771502	results
results/robomme_extension_b1_raw_20260831/VideoUnmaskSwap_ep5/initial_demo_front.mp4	30941	results
results/robomme_extension_b1_raw_20260831/VideoUnmaskSwap_ep5/VideoUnmaskSwap_ep5_vlm_groundsg.mp4	295909	results
results/robomme_extension_b1_raw_20260831/VideoUnmaskSwap_ep6/initial_demo_front.mp4	44926	results
results/robomme_extension_b1_raw_20260831/VideoUnmaskSwap_ep6/VideoUnmaskSwap_ep6_vlm_groundsg.mp4	330035	results
results/robomme_extension_b1_raw_20260831/VideoUnmaskSwap_ep7/initial_demo_front.mp4	58673	results
results/robomme_extension_b1_raw_20260831/VideoUnmaskSwap_ep7/VideoUnmaskSwap_ep7_vlm_groundsg.mp4	386100	results
results/robomme_extension_b1_raw_20260831/VideoUnmaskSwap_ep8/initial_demo_front.mp4	42891	results
results/robomme_extension_b1_raw_20260831/VideoUnmaskSwap_ep8/VideoUnmaskSwap_ep8_vlm_groundsg.mp4	337675	results
results/robomme_extension_b1_raw_20260831/VideoUnmaskSwap_ep9/initial_demo_front.mp4	30604	results
results/robomme_extension_b1_raw_20260831/VideoUnmaskSwap_ep9/VideoUnmaskSwap_ep9_vlm_groundsg.mp4	317126	results
results/robomme_extension_c2_agentic_20260831/RouteStick_ep5/initial_demo_front.mp4	56262	results
results/robomme_extension_c2_agentic_20260831/RouteStick_ep5/RouteStick_ep5_vlm_groundsg.mp4	280540	results
results/robomme_extension_c2_agentic_20260831/RouteStick_ep6/initial_demo_front.mp4	87531	results
results/robomme_extension_c2_agentic_20260831/RouteStick_ep6/RouteStick_ep6_vlm_groundsg.mp4	449387	results
results/robomme_extension_c2_agentic_20260831/RouteStick_ep7/initial_demo_front.mp4	106977	results
results/robomme_extension_c2_agentic_20260831/RouteStick_ep7/RouteStick_ep7_vlm_groundsg.mp4	555057	results
results/robomme_extension_c2_agentic_20260831/RouteStick_ep8/initial_demo_front.mp4	80591	results
results/robomme_extension_c2_agentic_20260831/RouteStick_ep8/RouteStick_ep8_vlm_groundsg.mp4	574188	results
results/robomme_extension_c2_agentic_20260831/RouteStick_ep9/initial_demo_front.mp4	65848	results
results/robomme_extension_c2_agentic_20260831/RouteStick_ep9/RouteStick_ep9_vlm_groundsg.mp4	573279	results
results/robomme_extension_c2_agentic_20260831/StopCube_ep5/initial_demo_front.mp4	5781	results
results/robomme_extension_c2_agentic_20260831/StopCube_ep5/StopCube_ep5_vlm_groundsg.mp4	235823	results
results/robomme_extension_c2_agentic_20260831/StopCube_ep6/initial_demo_front.mp4	5802	results
results/robomme_extension_c2_agentic_20260831/StopCube_ep6/StopCube_ep6_vlm_groundsg.mp4	325934	results
results/robomme_extension_c2_agentic_20260831/StopCube_ep7/initial_demo_front.mp4	5772	results
results/robomme_extension_c2_agentic_20260831/StopCube_ep7/StopCube_ep7_vlm_groundsg.mp4	217856	results
results/robomme_extension_c2_agentic_20260831/StopCube_ep8/initial_demo_front.mp4	5745	results
results/robomme_extension_c2_agentic_20260831/StopCube_ep8/StopCube_ep8_vlm_groundsg.mp4	193707	results
results/robomme_extension_c2_agentic_20260831/StopCube_ep9/initial_demo_front.mp4	5806	results
results/robomme_extension_c2_agentic_20260831/StopCube_ep9/StopCube_ep9_vlm_groundsg.mp4	127256	results
results/robomme_extension_c2_agentic_20260831/VideoRepick_ep5/initial_demo_front.mp4	100597	results
results/robomme_extension_c2_agentic_20260831/VideoRepick_ep5/VideoRepick_ep5_vlm_groundsg.mp4	1044195	results
results/robomme_extension_c2_agentic_20260831/VideoRepick_ep6/initial_demo_front.mp4	102952	results
results/robomme_extension_c2_agentic_20260831/VideoRepick_ep6/VideoRepick_ep6_vlm_groundsg.mp4	708422	results
results/robomme_extension_c2_agentic_20260831/VideoRepick_ep7/initial_demo_front.mp4	56202	results
results/robomme_extension_c2_agentic_20260831/VideoRepick_ep7/VideoRepick_ep7_vlm_groundsg.mp4	715742	results
results/robomme_extension_c2_agentic_20260831/VideoRepick_ep8/initial_demo_front.mp4	104565	results
results/robomme_extension_c2_agentic_20260831/VideoRepick_ep8/VideoRepick_ep8_vlm_groundsg.mp4	954120	results
results/robomme_extension_c2_agentic_20260831/VideoRepick_ep9/initial_demo_front.mp4	162253	results
results/robomme_extension_c2_agentic_20260831/VideoRepick_ep9/VideoRepick_ep9_vlm_groundsg.mp4	1056060	results
results/robomme_extension_c2_agentic_20260831/VideoUnmaskSwap_ep5/initial_demo_front.mp4	30941	results
results/robomme_extension_c2_agentic_20260831/VideoUnmaskSwap_ep5/VideoUnmaskSwap_ep5_vlm_groundsg.mp4	291036	results
results/robomme_extension_c2_agentic_20260831/VideoUnmaskSwap_ep6/initial_demo_front.mp4	44926	results
results/robomme_extension_c2_agentic_20260831/VideoUnmaskSwap_ep6/VideoUnmaskSwap_ep6_vlm_groundsg.mp4	301946	results
results/robomme_extension_c2_agentic_20260831/VideoUnmaskSwap_ep7/initial_demo_front.mp4	58673	results
results/robomme_extension_c2_agentic_20260831/VideoUnmaskSwap_ep7/VideoUnmaskSwap_ep7_vlm_groundsg.mp4	666686	results
results/robomme_extension_c2_agentic_20260831/VideoUnmaskSwap_ep8/initial_demo_front.mp4	42891	results
results/robomme_extension_c2_agentic_20260831/VideoUnmaskSwap_ep8/VideoUnmaskSwap_ep8_vlm_groundsg.mp4	73092	results
results/robomme_extension_c2_agentic_20260831/VideoUnmaskSwap_ep9/initial_demo_front.mp4	30604	results
results/robomme_extension_c2_agentic_20260831/VideoUnmaskSwap_ep9/VideoUnmaskSwap_ep9_vlm_groundsg.mp4	351485	results
results/robomme_extension_c2_generalization_iteration2_diagnostic_20260831/ButtonUnmask_ep0/ButtonUnmask_ep0_vlm_groundsg.mp4	127259	results
results/robomme_extension_c2_generalization_iteration2_diagnostic_20260831/ButtonUnmask_ep0/initial_demo_front.mp4	5748	results
results/robomme_extension_c2_generalization_iteration2_diagnostic_20260831/PickXtimes_ep0/initial_demo_front.mp4	5823	results
results/robomme_extension_c2_generalization_iteration2_diagnostic_20260831/PickXtimes_ep0/PickXtimes_ep0_vlm_groundsg.mp4	228098	results
results/robomme_extension_c2_pilot_20260831/ButtonUnmask_ep0/ButtonUnmask_ep0_vlm_groundsg.mp4	1322229	results
results/robomme_extension_c2_pilot_20260831/ButtonUnmask_ep0/initial_demo_front.mp4	5748	results
results/robomme_extension_c2_pilot_20260831/MoveCube_ep0/initial_demo_front.mp4	89868	results
results/robomme_extension_c2_pilot_20260831/MoveCube_ep0/MoveCube_ep0_vlm_groundsg.mp4	764933	results
results/robomme_extension_c2_pilot_20260831/PickHighlight_ep0/initial_demo_front.mp4	5796	results
results/robomme_extension_c2_pilot_20260831/PickHighlight_ep0/PickHighlight_ep0_vlm_groundsg.mp4	467221	results
results/robomme_extension_c2_pilot_20260831/PickXtimes_ep0/initial_demo_front.mp4	5823	results
results/robomme_extension_c2_pilot_20260831/PickXtimes_ep0/PickXtimes_ep0_vlm_groundsg.mp4	446373	results
results/robomme_extension_c2_pre_generalization_diagnostic_20260831/ButtonUnmask_ep0/ButtonUnmask_ep0_vlm_groundsg.mp4	127922	results
results/robomme_extension_c2_pre_generalization_diagnostic_20260831/ButtonUnmask_ep0/initial_demo_front.mp4	5748	results
results/robomme_extension_c2_pre_generalization_diagnostic_20260831/PickXtimes_ep0/initial_demo_front.mp4	5823	results
results/robomme_extension_c2_pre_generalization_diagnostic_20260831/PickXtimes_ep0/PickXtimes_ep0_vlm_groundsg.mp4	250388	results
results/robomme_extension_c3_full_20260831/RouteStick_ep5/initial_demo_front.mp4	56262	results
results/robomme_extension_c3_full_20260831/RouteStick_ep5/RouteStick_ep5_vlm_groundsg.mp4	280540	results
results/robomme_extension_c3_full_20260831/RouteStick_ep6/initial_demo_front.mp4	87531	results
results/robomme_extension_c3_full_20260831/RouteStick_ep6/RouteStick_ep6_vlm_groundsg.mp4	449387	results
results/robomme_extension_c3_full_20260831/RouteStick_ep7/initial_demo_front.mp4	106977	results
results/robomme_extension_c3_full_20260831/RouteStick_ep7/RouteStick_ep7_vlm_groundsg.mp4	555057	results
results/robomme_extension_c3_full_20260831/RouteStick_ep8/initial_demo_front.mp4	80591	results
results/robomme_extension_c3_full_20260831/RouteStick_ep8/RouteStick_ep8_vlm_groundsg.mp4	574188	results
results/robomme_extension_c3_full_20260831/RouteStick_ep9/initial_demo_front.mp4	65848	results
results/robomme_extension_c3_full_20260831/RouteStick_ep9/RouteStick_ep9_vlm_groundsg.mp4	573279	results
results/robomme_extension_c3_full_20260831/StopCube_ep5/initial_demo_front.mp4	5781	results
results/robomme_extension_c3_full_20260831/StopCube_ep5/StopCube_ep5_vlm_groundsg.mp4	236309	results
results/robomme_extension_c3_full_20260831/StopCube_ep6/initial_demo_front.mp4	5802	results
results/robomme_extension_c3_full_20260831/StopCube_ep6/StopCube_ep6_vlm_groundsg.mp4	309652	results
results/robomme_extension_c3_full_20260831/StopCube_ep7/initial_demo_front.mp4	5772	results
results/robomme_extension_c3_full_20260831/StopCube_ep7/StopCube_ep7_vlm_groundsg.mp4	217856	results
results/robomme_extension_c3_full_20260831/StopCube_ep8/initial_demo_front.mp4	5745	results
results/robomme_extension_c3_full_20260831/StopCube_ep8/StopCube_ep8_vlm_groundsg.mp4	193804	results
results/robomme_extension_c3_full_20260831/StopCube_ep9/initial_demo_front.mp4	5806	results
results/robomme_extension_c3_full_20260831/StopCube_ep9/StopCube_ep9_vlm_groundsg.mp4	127707	results
results/robomme_extension_c3_full_20260831/VideoRepick_ep5/initial_demo_front.mp4	100597	results
results/robomme_extension_c3_full_20260831/VideoRepick_ep5/VideoRepick_ep5_vlm_groundsg.mp4	1234140	results
results/robomme_extension_c3_full_20260831/VideoRepick_ep6/initial_demo_front.mp4	102952	results
results/robomme_extension_c3_full_20260831/VideoRepick_ep6/VideoRepick_ep6_vlm_groundsg.mp4	708422	results
results/robomme_extension_c3_full_20260831/VideoRepick_ep7/initial_demo_front.mp4	56202	results
results/robomme_extension_c3_full_20260831/VideoRepick_ep7/VideoRepick_ep7_vlm_groundsg.mp4	697206	results
results/robomme_extension_c3_full_20260831/VideoRepick_ep8/initial_demo_front.mp4	104565	results
results/robomme_extension_c3_full_20260831/VideoRepick_ep8/VideoRepick_ep8_vlm_groundsg.mp4	1177302	results
results/robomme_extension_c3_full_20260831/VideoRepick_ep9/initial_demo_front.mp4	162253	results
results/robomme_extension_c3_full_20260831/VideoRepick_ep9/VideoRepick_ep9_vlm_groundsg.mp4	1048382	results
results/robomme_extension_c3_full_20260831/VideoUnmaskSwap_ep5/initial_demo_front.mp4	30941	results
results/robomme_extension_c3_full_20260831/VideoUnmaskSwap_ep5/VideoUnmaskSwap_ep5_vlm_groundsg.mp4	291036	results
results/robomme_extension_c3_full_20260831/VideoUnmaskSwap_ep6/initial_demo_front.mp4	44926	results
results/robomme_extension_c3_full_20260831/VideoUnmaskSwap_ep6/VideoUnmaskSwap_ep6_vlm_groundsg.mp4	301946	results
results/robomme_extension_c3_full_20260831/VideoUnmaskSwap_ep7/initial_demo_front.mp4	58673	results
results/robomme_extension_c3_full_20260831/VideoUnmaskSwap_ep7/VideoUnmaskSwap_ep7_vlm_groundsg.mp4	735791	results
results/robomme_extension_c3_full_20260831/VideoUnmaskSwap_ep8/initial_demo_front.mp4	42891	results
results/robomme_extension_c3_full_20260831/VideoUnmaskSwap_ep8/VideoUnmaskSwap_ep8_vlm_groundsg.mp4	73092	results
results/robomme_extension_c3_full_20260831/VideoUnmaskSwap_ep9/initial_demo_front.mp4	30604	results
results/robomme_extension_c3_full_20260831/VideoUnmaskSwap_ep9/VideoUnmaskSwap_ep9_vlm_groundsg.mp4	623041	results
results/robomme_extension_initial_demos_20260831/RouteStick_ep5/initial_demo_front.mp4	56262	results
results/robomme_extension_initial_demos_20260831/RouteStick_ep6/initial_demo_front.mp4	87531	results
results/robomme_extension_initial_demos_20260831/RouteStick_ep7/initial_demo_front.mp4	106977	results
results/robomme_extension_initial_demos_20260831/RouteStick_ep8/initial_demo_front.mp4	80591	results
results/robomme_extension_initial_demos_20260831/RouteStick_ep9/initial_demo_front.mp4	65848	results
results/robomme_extension_initial_demos_20260831/StopCube_ep5/initial_demo_front.mp4	5781	results
results/robomme_extension_initial_demos_20260831/StopCube_ep6/initial_demo_front.mp4	5802	results
results/robomme_extension_initial_demos_20260831/StopCube_ep7/initial_demo_front.mp4	5772	results
results/robomme_extension_initial_demos_20260831/StopCube_ep8/initial_demo_front.mp4	5745	results
results/robomme_extension_initial_demos_20260831/StopCube_ep9/initial_demo_front.mp4	5806	results
results/robomme_extension_initial_demos_20260831/VideoRepick_ep5/initial_demo_front.mp4	100597	results
results/robomme_extension_initial_demos_20260831/VideoRepick_ep6/initial_demo_front.mp4	102952	results
results/robomme_extension_initial_demos_20260831/VideoRepick_ep7/initial_demo_front.mp4	56202	results
results/robomme_extension_initial_demos_20260831/VideoRepick_ep8/initial_demo_front.mp4	104565	results
results/robomme_extension_initial_demos_20260831/VideoRepick_ep9/initial_demo_front.mp4	162253	results
results/robomme_extension_initial_demos_20260831/VideoUnmaskSwap_ep5/initial_demo_front.mp4	30941	results
results/robomme_extension_initial_demos_20260831/VideoUnmaskSwap_ep6/initial_demo_front.mp4	44926	results
results/robomme_extension_initial_demos_20260831/VideoUnmaskSwap_ep7/initial_demo_front.mp4	58673	results
results/robomme_extension_initial_demos_20260831/VideoUnmaskSwap_ep8/initial_demo_front.mp4	42891	results
results/robomme_extension_initial_demos_20260831/VideoUnmaskSwap_ep9/initial_demo_front.mp4	30604	results
results/robomme_extension_selected_b1_40ep_20260831/BinFill_ep0/BinFill_ep0_vlm_groundsg.mp4	577475	results
results/robomme_extension_selected_b1_40ep_20260831/BinFill_ep0/initial_demo_front.mp4	5873	results
results/robomme_extension_selected_b1_40ep_20260831/BinFill_ep1/BinFill_ep1_vlm_groundsg.mp4	547631	results
results/robomme_extension_selected_b1_40ep_20260831/BinFill_ep1/initial_demo_front.mp4	6104	results
results/robomme_extension_selected_b1_40ep_20260831/BinFill_ep2/BinFill_ep2_vlm_groundsg.mp4	1779983	results
results/robomme_extension_selected_b1_40ep_20260831/BinFill_ep2/initial_demo_front.mp4	6248	results
results/robomme_extension_selected_b1_40ep_20260831/BinFill_ep3/BinFill_ep3_vlm_groundsg.mp4	1455386	results
results/robomme_extension_selected_b1_40ep_20260831/BinFill_ep3/initial_demo_front.mp4	5970	results
results/robomme_extension_selected_b1_40ep_20260831/BinFill_ep4/BinFill_ep4_vlm_groundsg.mp4	532073	results
results/robomme_extension_selected_b1_40ep_20260831/BinFill_ep4/initial_demo_front.mp4	5893	results
results/robomme_extension_selected_b1_40ep_20260831/BinFill_ep5/BinFill_ep5_vlm_groundsg.mp4	1032155	results
results/robomme_extension_selected_b1_40ep_20260831/BinFill_ep5/initial_demo_front.mp4	6069	results
results/robomme_extension_selected_b1_40ep_20260831/BinFill_ep6/BinFill_ep6_vlm_groundsg.mp4	860598	results
results/robomme_extension_selected_b1_40ep_20260831/BinFill_ep6/initial_demo_front.mp4	6392	results
results/robomme_extension_selected_b1_40ep_20260831/BinFill_ep7/BinFill_ep7_vlm_groundsg.mp4	2273866	results
results/robomme_extension_selected_b1_40ep_20260831/BinFill_ep7/initial_demo_front.mp4	6514	results
results/robomme_extension_selected_b1_40ep_20260831/BinFill_ep8/BinFill_ep8_vlm_groundsg.mp4	1690455	results
results/robomme_extension_selected_b1_40ep_20260831/BinFill_ep8/initial_demo_front.mp4	6094	results
results/robomme_extension_selected_b1_40ep_20260831/BinFill_ep9/BinFill_ep9_vlm_groundsg.mp4	934729	results
results/robomme_extension_selected_b1_40ep_20260831/BinFill_ep9/initial_demo_front.mp4	5847	results
results/robomme_extension_selected_b1_40ep_20260831/ButtonUnmask_ep0/ButtonUnmask_ep0_vlm_groundsg.mp4	1322229	results
results/robomme_extension_selected_b1_40ep_20260831/ButtonUnmask_ep0/initial_demo_front.mp4	5748	results
results/robomme_extension_selected_b1_40ep_20260831/ButtonUnmask_ep1/ButtonUnmask_ep1_vlm_groundsg.mp4	1482409	results
results/robomme_extension_selected_b1_40ep_20260831/ButtonUnmask_ep1/initial_demo_front.mp4	5798	results
results/robomme_extension_selected_b1_40ep_20260831/ButtonUnmask_ep2/ButtonUnmask_ep2_vlm_groundsg.mp4	1691727	results
results/robomme_extension_selected_b1_40ep_20260831/ButtonUnmask_ep2/initial_demo_front.mp4	5788	results
results/robomme_extension_selected_b1_40ep_20260831/ButtonUnmask_ep3/ButtonUnmask_ep3_vlm_groundsg.mp4	2252508	results
results/robomme_extension_selected_b1_40ep_20260831/ButtonUnmask_ep3/initial_demo_front.mp4	5805	results
results/robomme_extension_selected_b1_40ep_20260831/ButtonUnmask_ep4/ButtonUnmask_ep4_vlm_groundsg.mp4	1392258	results
results/robomme_extension_selected_b1_40ep_20260831/ButtonUnmask_ep4/initial_demo_front.mp4	5798	results
results/robomme_extension_selected_b1_40ep_20260831/ButtonUnmask_ep5/ButtonUnmask_ep5_vlm_groundsg.mp4	1695549	results
results/robomme_extension_selected_b1_40ep_20260831/ButtonUnmask_ep5/initial_demo_front.mp4	5829	results
results/robomme_extension_selected_b1_40ep_20260831/ButtonUnmask_ep6/ButtonUnmask_ep6_vlm_groundsg.mp4	1881079	results
results/robomme_extension_selected_b1_40ep_20260831/ButtonUnmask_ep6/initial_demo_front.mp4	5700	results
results/robomme_extension_selected_b1_40ep_20260831/ButtonUnmask_ep7/ButtonUnmask_ep7_vlm_groundsg.mp4	1833609	results
results/robomme_extension_selected_b1_40ep_20260831/ButtonUnmask_ep7/initial_demo_front.mp4	5829	results
results/robomme_extension_selected_b1_40ep_20260831/ButtonUnmask_ep8/ButtonUnmask_ep8_vlm_groundsg.mp4	1493473	results
results/robomme_extension_selected_b1_40ep_20260831/ButtonUnmask_ep8/initial_demo_front.mp4	5818	results
results/robomme_extension_selected_b1_40ep_20260831/ButtonUnmask_ep9/ButtonUnmask_ep9_vlm_groundsg.mp4	1656775	results
results/robomme_extension_selected_b1_40ep_20260831/ButtonUnmask_ep9/initial_demo_front.mp4	5818	results
results/robomme_extension_selected_b1_40ep_20260831/MoveCube_ep0/initial_demo_front.mp4	89868	results
results/robomme_extension_selected_b1_40ep_20260831/MoveCube_ep0/MoveCube_ep0_vlm_groundsg.mp4	756638	results
results/robomme_extension_selected_b1_40ep_20260831/MoveCube_ep1/initial_demo_front.mp4	73553	results
results/robomme_extension_selected_b1_40ep_20260831/MoveCube_ep1/MoveCube_ep1_vlm_groundsg.mp4	1720345	results
results/robomme_extension_selected_b1_40ep_20260831/MoveCube_ep2/initial_demo_front.mp4	96867	results
results/robomme_extension_selected_b1_40ep_20260831/MoveCube_ep2/MoveCube_ep2_vlm_groundsg.mp4	731958	results
results/robomme_extension_selected_b1_40ep_20260831/MoveCube_ep3/initial_demo_front.mp4	145581	results
results/robomme_extension_selected_b1_40ep_20260831/MoveCube_ep3/MoveCube_ep3_vlm_groundsg.mp4	1004468	results
results/robomme_extension_selected_b1_40ep_20260831/MoveCube_ep4/initial_demo_front.mp4	107241	results
results/robomme_extension_selected_b1_40ep_20260831/MoveCube_ep4/MoveCube_ep4_vlm_groundsg.mp4	1053703	results
results/robomme_extension_selected_b1_40ep_20260831/MoveCube_ep5/initial_demo_front.mp4	87119	results
results/robomme_extension_selected_b1_40ep_20260831/MoveCube_ep5/MoveCube_ep5_vlm_groundsg.mp4	671951	results
results/robomme_extension_selected_b1_40ep_20260831/MoveCube_ep6/initial_demo_front.mp4	105337	results
results/robomme_extension_selected_b1_40ep_20260831/MoveCube_ep6/MoveCube_ep6_vlm_groundsg.mp4	787706	results
results/robomme_extension_selected_b1_40ep_20260831/MoveCube_ep7/initial_demo_front.mp4	65143	results
results/robomme_extension_selected_b1_40ep_20260831/MoveCube_ep7/MoveCube_ep7_vlm_groundsg.mp4	621691	results
results/robomme_extension_selected_b1_40ep_20260831/MoveCube_ep8/initial_demo_front.mp4	113681	results
results/robomme_extension_selected_b1_40ep_20260831/MoveCube_ep8/MoveCube_ep8_vlm_groundsg.mp4	941880	results
results/robomme_extension_selected_b1_40ep_20260831/MoveCube_ep9/initial_demo_front.mp4	121200	results
results/robomme_extension_selected_b1_40ep_20260831/MoveCube_ep9/MoveCube_ep9_vlm_groundsg.mp4	937212	results
results/robomme_extension_selected_b1_40ep_20260831/PickHighlight_ep0/initial_demo_front.mp4	5796	results
results/robomme_extension_selected_b1_40ep_20260831/PickHighlight_ep0/PickHighlight_ep0_vlm_groundsg.mp4	408628	results
results/robomme_extension_selected_b1_40ep_20260831/PickHighlight_ep1/initial_demo_front.mp4	5847	results
results/robomme_extension_selected_b1_40ep_20260831/PickHighlight_ep1/PickHighlight_ep1_vlm_groundsg.mp4	411452	results
results/robomme_extension_selected_b1_40ep_20260831/PickHighlight_ep2/initial_demo_front.mp4	5939	results
results/robomme_extension_selected_b1_40ep_20260831/PickHighlight_ep2/PickHighlight_ep2_vlm_groundsg.mp4	398433	results
results/robomme_extension_selected_b1_40ep_20260831/PickHighlight_ep3/initial_demo_front.mp4	6038	results
results/robomme_extension_selected_b1_40ep_20260831/PickHighlight_ep3/PickHighlight_ep3_vlm_groundsg.mp4	1408575	results
results/robomme_extension_selected_b1_40ep_20260831/PickHighlight_ep4/initial_demo_front.mp4	5799	results
results/robomme_extension_selected_b1_40ep_20260831/PickHighlight_ep4/PickHighlight_ep4_vlm_groundsg.mp4	636379	results
results/robomme_extension_selected_b1_40ep_20260831/PickHighlight_ep5/initial_demo_front.mp4	5839	results
results/robomme_extension_selected_b1_40ep_20260831/PickHighlight_ep5/PickHighlight_ep5_vlm_groundsg.mp4	384473	results
results/robomme_extension_selected_b1_40ep_20260831/PickHighlight_ep6/initial_demo_front.mp4	5949	results
results/robomme_extension_selected_b1_40ep_20260831/PickHighlight_ep6/PickHighlight_ep6_vlm_groundsg.mp4	483873	results
results/robomme_extension_selected_b1_40ep_20260831/PickHighlight_ep7/initial_demo_front.mp4	6055	results
results/robomme_extension_selected_b1_40ep_20260831/PickHighlight_ep7/PickHighlight_ep7_vlm_groundsg.mp4	602200	results
results/robomme_extension_selected_b1_40ep_20260831/PickHighlight_ep8/initial_demo_front.mp4	5840	results
results/robomme_extension_selected_b1_40ep_20260831/PickHighlight_ep8/PickHighlight_ep8_vlm_groundsg.mp4	626432	results
results/robomme_extension_selected_b1_40ep_20260831/PickHighlight_ep9/initial_demo_front.mp4	5839	results
results/robomme_extension_selected_b1_40ep_20260831/PickHighlight_ep9/PickHighlight_ep9_vlm_groundsg.mp4	442384	results
results/robomme_extension_selected_b1_pilot_20260831/BinFill_ep0/BinFill_ep0_vlm_groundsg.mp4	577475	results
results/robomme_extension_selected_b1_pilot_20260831/BinFill_ep0/initial_demo_front.mp4	5873	results
results/robomme_extension_selected_b1_pilot_20260831/ButtonUnmask_ep0/ButtonUnmask_ep0_vlm_groundsg.mp4	1322229	results
results/robomme_extension_selected_b1_pilot_20260831/ButtonUnmask_ep0/initial_demo_front.mp4	5748	results
results/robomme_extension_selected_b1_pilot_20260831/MoveCube_ep0/initial_demo_front.mp4	89868	results
results/robomme_extension_selected_b1_pilot_20260831/MoveCube_ep0/MoveCube_ep0_vlm_groundsg.mp4	756638	results
results/robomme_extension_selected_b1_pilot_20260831/PickHighlight_ep0/initial_demo_front.mp4	5796	results
results/robomme_extension_selected_b1_pilot_20260831/PickHighlight_ep0/PickHighlight_ep0_vlm_groundsg.mp4	408628	results
results/robomme_extension_selected_c2_40ep_20260831/BinFill_ep0/BinFill_ep0_vlm_groundsg.mp4	517445	results
results/robomme_extension_selected_c2_40ep_20260831/BinFill_ep0/initial_demo_front.mp4	5873	results
results/robomme_extension_selected_c2_40ep_20260831/BinFill_ep1/BinFill_ep1_vlm_groundsg.mp4	544352	results
results/robomme_extension_selected_c2_40ep_20260831/BinFill_ep1/initial_demo_front.mp4	6104	results
results/robomme_extension_selected_c2_40ep_20260831/BinFill_ep2/BinFill_ep2_vlm_groundsg.mp4	1939907	results
results/robomme_extension_selected_c2_40ep_20260831/BinFill_ep2/initial_demo_front.mp4	6248	results
results/robomme_extension_selected_c2_40ep_20260831/BinFill_ep3/BinFill_ep3_vlm_groundsg.mp4	1702918	results
results/robomme_extension_selected_c2_40ep_20260831/BinFill_ep3/initial_demo_front.mp4	5970	results
results/robomme_extension_selected_c2_40ep_20260831/BinFill_ep4/BinFill_ep4_vlm_groundsg.mp4	526754	results
results/robomme_extension_selected_c2_40ep_20260831/BinFill_ep4/initial_demo_front.mp4	5893	results
results/robomme_extension_selected_c2_40ep_20260831/BinFill_ep5/BinFill_ep5_vlm_groundsg.mp4	781609	results
results/robomme_extension_selected_c2_40ep_20260831/BinFill_ep5/initial_demo_front.mp4	6069	results
results/robomme_extension_selected_c2_40ep_20260831/BinFill_ep6/BinFill_ep6_vlm_groundsg.mp4	876159	results
results/robomme_extension_selected_c2_40ep_20260831/BinFill_ep6/initial_demo_front.mp4	6392	results
results/robomme_extension_selected_c2_40ep_20260831/BinFill_ep7/BinFill_ep7_vlm_groundsg.mp4	1869311	results
results/robomme_extension_selected_c2_40ep_20260831/BinFill_ep7/initial_demo_front.mp4	6514	results
results/robomme_extension_selected_c2_40ep_20260831/BinFill_ep8/BinFill_ep8_vlm_groundsg.mp4	1331092	results
results/robomme_extension_selected_c2_40ep_20260831/BinFill_ep8/initial_demo_front.mp4	6094	results
results/robomme_extension_selected_c2_40ep_20260831/BinFill_ep9/BinFill_ep9_vlm_groundsg.mp4	942701	results
results/robomme_extension_selected_c2_40ep_20260831/BinFill_ep9/initial_demo_front.mp4	5847	results
results/robomme_extension_selected_c2_40ep_20260831/ButtonUnmask_ep0/ButtonUnmask_ep0_vlm_groundsg.mp4	487643	results
results/robomme_extension_selected_c2_40ep_20260831/ButtonUnmask_ep0/initial_demo_front.mp4	5748	results
results/robomme_extension_selected_c2_40ep_20260831/ButtonUnmask_ep1/ButtonUnmask_ep1_vlm_groundsg.mp4	537025	results
results/robomme_extension_selected_c2_40ep_20260831/ButtonUnmask_ep1/initial_demo_front.mp4	5798	results
results/robomme_extension_selected_c2_40ep_20260831/ButtonUnmask_ep2/ButtonUnmask_ep2_vlm_groundsg.mp4	600339	results
results/robomme_extension_selected_c2_40ep_20260831/ButtonUnmask_ep2/initial_demo_front.mp4	5788	results
results/robomme_extension_selected_c2_40ep_20260831/ButtonUnmask_ep3/ButtonUnmask_ep3_vlm_groundsg.mp4	1420597	results
results/robomme_extension_selected_c2_40ep_20260831/ButtonUnmask_ep3/initial_demo_front.mp4	5805	results
results/robomme_extension_selected_c2_40ep_20260831/ButtonUnmask_ep4/ButtonUnmask_ep4_vlm_groundsg.mp4	1522437	results
results/robomme_extension_selected_c2_40ep_20260831/ButtonUnmask_ep4/initial_demo_front.mp4	5798	results
results/robomme_extension_selected_c2_40ep_20260831/ButtonUnmask_ep5/ButtonUnmask_ep5_vlm_groundsg.mp4	1383000	results
results/robomme_extension_selected_c2_40ep_20260831/ButtonUnmask_ep5/initial_demo_front.mp4	5829	results
results/robomme_extension_selected_c2_40ep_20260831/ButtonUnmask_ep6/ButtonUnmask_ep6_vlm_groundsg.mp4	1453362	results
results/robomme_extension_selected_c2_40ep_20260831/ButtonUnmask_ep6/initial_demo_front.mp4	5700	results
results/robomme_extension_selected_c2_40ep_20260831/ButtonUnmask_ep7/ButtonUnmask_ep7_vlm_groundsg.mp4	1717181	results
results/robomme_extension_selected_c2_40ep_20260831/ButtonUnmask_ep7/initial_demo_front.mp4	5829	results
results/robomme_extension_selected_c2_40ep_20260831/ButtonUnmask_ep8/ButtonUnmask_ep8_vlm_groundsg.mp4	1501161	results
results/robomme_extension_selected_c2_40ep_20260831/ButtonUnmask_ep8/initial_demo_front.mp4	5818	results
results/robomme_extension_selected_c2_40ep_20260831/ButtonUnmask_ep9/ButtonUnmask_ep9_vlm_groundsg.mp4	1576433	results
results/robomme_extension_selected_c2_40ep_20260831/ButtonUnmask_ep9/initial_demo_front.mp4	5818	results
results/robomme_extension_selected_c2_40ep_20260831/MoveCube_ep0/initial_demo_front.mp4	89868	results
results/robomme_extension_selected_c2_40ep_20260831/MoveCube_ep0/MoveCube_ep0_vlm_groundsg.mp4	764933	results
results/robomme_extension_selected_c2_40ep_20260831/MoveCube_ep1/initial_demo_front.mp4	73553	results
results/robomme_extension_selected_c2_40ep_20260831/MoveCube_ep1/MoveCube_ep1_vlm_groundsg.mp4	1753277	results
results/robomme_extension_selected_c2_40ep_20260831/MoveCube_ep2/initial_demo_front.mp4	96867	results
results/robomme_extension_selected_c2_40ep_20260831/MoveCube_ep2/MoveCube_ep2_vlm_groundsg.mp4	713023	results
results/robomme_extension_selected_c2_40ep_20260831/MoveCube_ep3/initial_demo_front.mp4	145581	results
results/robomme_extension_selected_c2_40ep_20260831/MoveCube_ep3/MoveCube_ep3_vlm_groundsg.mp4	1004468	results
results/robomme_extension_selected_c2_40ep_20260831/MoveCube_ep4/initial_demo_front.mp4	107241	results
results/robomme_extension_selected_c2_40ep_20260831/MoveCube_ep4/MoveCube_ep4_vlm_groundsg.mp4	1034553	results
results/robomme_extension_selected_c2_40ep_20260831/MoveCube_ep5/initial_demo_front.mp4	87119	results
results/robomme_extension_selected_c2_40ep_20260831/MoveCube_ep5/MoveCube_ep5_vlm_groundsg.mp4	671951	results
results/robomme_extension_selected_c2_40ep_20260831/MoveCube_ep6/initial_demo_front.mp4	105337	results
results/robomme_extension_selected_c2_40ep_20260831/MoveCube_ep6/MoveCube_ep6_vlm_groundsg.mp4	787706	results
results/robomme_extension_selected_c2_40ep_20260831/MoveCube_ep7/initial_demo_front.mp4	65143	results
results/robomme_extension_selected_c2_40ep_20260831/MoveCube_ep7/MoveCube_ep7_vlm_groundsg.mp4	621691	results
results/robomme_extension_selected_c2_40ep_20260831/MoveCube_ep8/initial_demo_front.mp4	113681	results
results/robomme_extension_selected_c2_40ep_20260831/MoveCube_ep8/MoveCube_ep8_vlm_groundsg.mp4	2232163	results
results/robomme_extension_selected_c2_40ep_20260831/MoveCube_ep9/initial_demo_front.mp4	121200	results
results/robomme_extension_selected_c2_40ep_20260831/MoveCube_ep9/MoveCube_ep9_vlm_groundsg.mp4	937212	results
results/robomme_extension_selected_c2_40ep_20260831/PickHighlight_ep0/initial_demo_front.mp4	5796	results
results/robomme_extension_selected_c2_40ep_20260831/PickHighlight_ep0/PickHighlight_ep0_vlm_groundsg.mp4	467221	results
results/robomme_extension_selected_c2_40ep_20260831/PickHighlight_ep1/initial_demo_front.mp4	5847	results
results/robomme_extension_selected_c2_40ep_20260831/PickHighlight_ep1/PickHighlight_ep1_vlm_groundsg.mp4	407196	results
results/robomme_extension_selected_c2_40ep_20260831/PickHighlight_ep2/initial_demo_front.mp4	5939	results
results/robomme_extension_selected_c2_40ep_20260831/PickHighlight_ep2/PickHighlight_ep2_vlm_groundsg.mp4	384925	results
results/robomme_extension_selected_c2_40ep_20260831/PickHighlight_ep3/initial_demo_front.mp4	6038	results
results/robomme_extension_selected_c2_40ep_20260831/PickHighlight_ep3/PickHighlight_ep3_vlm_groundsg.mp4	1838765	results
results/robomme_extension_selected_c2_40ep_20260831/PickHighlight_ep4/initial_demo_front.mp4	5799	results
results/robomme_extension_selected_c2_40ep_20260831/PickHighlight_ep4/PickHighlight_ep4_vlm_groundsg.mp4	636379	results
results/robomme_extension_selected_c2_40ep_20260831/PickHighlight_ep5/initial_demo_front.mp4	5839	results
results/robomme_extension_selected_c2_40ep_20260831/PickHighlight_ep5/PickHighlight_ep5_vlm_groundsg.mp4	472801	results
results/robomme_extension_selected_c2_40ep_20260831/PickHighlight_ep6/initial_demo_front.mp4	5949	results
results/robomme_extension_selected_c2_40ep_20260831/PickHighlight_ep6/PickHighlight_ep6_vlm_groundsg.mp4	477273	results
results/robomme_extension_selected_c2_40ep_20260831/PickHighlight_ep7/initial_demo_front.mp4	6055	results
results/robomme_extension_selected_c2_40ep_20260831/PickHighlight_ep7/PickHighlight_ep7_vlm_groundsg.mp4	539425	results
results/robomme_extension_selected_c2_40ep_20260831/PickHighlight_ep8/initial_demo_front.mp4	5840	results
results/robomme_extension_selected_c2_40ep_20260831/PickHighlight_ep8/PickHighlight_ep8_vlm_groundsg.mp4	626432	results
results/robomme_extension_selected_c2_40ep_20260831/PickHighlight_ep9/initial_demo_front.mp4	5839	results
results/robomme_extension_selected_c2_40ep_20260831/PickHighlight_ep9/PickHighlight_ep9_vlm_groundsg.mp4	445452	results
results/robomme_extension_selected_c2_diagnostics_20260831/ButtonUnmask_ep0_press_budget4/ButtonUnmask_ep0_vlm_groundsg.mp4	1357305	results
results/robomme_extension_selected_c2_diagnostics_20260831/ButtonUnmask_ep0_press_budget4/initial_demo_front.mp4	5748	results
results/robomme_extension_selected_c2_diagnostics_20260831/ButtonUnmask_ep3_planner_missing_point/ButtonUnmask_ep3_vlm_groundsg.mp4	9838	results
results/robomme_extension_selected_c2_diagnostics_20260831/ButtonUnmask_ep3_planner_missing_point/initial_demo_front.mp4	5805	results
results/robomme_extension_selected_c2_diagnostics_20260831/ButtonUnmask_ep3_repeated_prefix_conflict/ButtonUnmask_ep3_vlm_groundsg.mp4	9838	results
results/robomme_extension_selected_c2_diagnostics_20260831/ButtonUnmask_ep3_repeated_prefix_conflict/initial_demo_front.mp4	5805	results
results/robomme_extension_selected_c2_diagnostics_20260831/ButtonUnmask_ep3_single_color_memory_rejection/initial_demo_front.mp4	5805	results
results/robomme_extension_selected_c2_diagnostics_20260831/ButtonUnmask_ep4_planner_missing_point/ButtonUnmask_ep4_vlm_groundsg.mp4	9724	results
results/robomme_extension_selected_c2_diagnostics_20260831/ButtonUnmask_ep4_planner_missing_point/initial_demo_front.mp4	5798	results
results/robomme_extension_selected_c2_diagnostics_20260831/ButtonUnmask_ep5_planner_missing_point/ButtonUnmask_ep5_vlm_groundsg.mp4	9721	results
results/robomme_extension_selected_c2_diagnostics_20260831/ButtonUnmask_ep5_planner_missing_point/initial_demo_front.mp4	5829	results
results/robomme_extension_selected_c2_diagnostics_20260831/ButtonUnmask_ep6_planner_missing_point/ButtonUnmask_ep6_vlm_groundsg.mp4	9737	results
results/robomme_extension_selected_c2_diagnostics_20260831/ButtonUnmask_ep6_planner_missing_point/initial_demo_front.mp4	5700	results
results/robomme_extension_selected_c2_diagnostics_20260831/ButtonUnmask_ep7_planner_missing_point/ButtonUnmask_ep7_vlm_groundsg.mp4	9826	results
results/robomme_extension_selected_c2_diagnostics_20260831/ButtonUnmask_ep7_planner_missing_point/initial_demo_front.mp4	5829	results
results/robomme_extension_selected_c2_pilot_20260831/BinFill_ep0/BinFill_ep0_vlm_groundsg.mp4	517445	results
results/robomme_extension_selected_c2_pilot_20260831/BinFill_ep0/initial_demo_front.mp4	5873	results
results/robomme_extension_selected_c2_pilot_20260831/ButtonUnmask_ep0/ButtonUnmask_ep0_vlm_groundsg.mp4	487643	results
results/robomme_extension_selected_c2_pilot_20260831/ButtonUnmask_ep0/initial_demo_front.mp4	5748	results
results/robomme_extension_selected_c2_pilot_20260831/MoveCube_ep0/initial_demo_front.mp4	89868	results
results/robomme_extension_selected_c2_pilot_20260831/MoveCube_ep0/MoveCube_ep0_vlm_groundsg.mp4	764933	results
results/robomme_extension_selected_c2_pilot_20260831/PickHighlight_ep0/initial_demo_front.mp4	5796	results
results/robomme_extension_selected_c2_pilot_20260831/PickHighlight_ep0/PickHighlight_ep0_vlm_groundsg.mp4	467221	results
results/robomme_extension_selected_c3_40ep_20260831/BinFill_ep0/BinFill_ep0_vlm_groundsg.mp4	628332	results
results/robomme_extension_selected_c3_40ep_20260831/BinFill_ep0/initial_demo_front.mp4	5873	results
results/robomme_extension_selected_c3_40ep_20260831/BinFill_ep1/BinFill_ep1_vlm_groundsg.mp4	533777	results
results/robomme_extension_selected_c3_40ep_20260831/BinFill_ep1/initial_demo_front.mp4	6104	results
results/robomme_extension_selected_c3_40ep_20260831/BinFill_ep2/BinFill_ep2_vlm_groundsg.mp4	2108653	results
results/robomme_extension_selected_c3_40ep_20260831/BinFill_ep2/initial_demo_front.mp4	6248	results
results/robomme_extension_selected_c3_40ep_20260831/BinFill_ep3/BinFill_ep3_vlm_groundsg.mp4	2077177	results
results/robomme_extension_selected_c3_40ep_20260831/BinFill_ep3/initial_demo_front.mp4	5970	results
results/robomme_extension_selected_c3_40ep_20260831/BinFill_ep4/BinFill_ep4_vlm_groundsg.mp4	526280	results
results/robomme_extension_selected_c3_40ep_20260831/BinFill_ep4/initial_demo_front.mp4	5893	results
results/robomme_extension_selected_c3_40ep_20260831/BinFill_ep5/BinFill_ep5_vlm_groundsg.mp4	766819	results
results/robomme_extension_selected_c3_40ep_20260831/BinFill_ep5/initial_demo_front.mp4	6069	results
results/robomme_extension_selected_c3_40ep_20260831/BinFill_ep6/BinFill_ep6_vlm_groundsg.mp4	910045	results
results/robomme_extension_selected_c3_40ep_20260831/BinFill_ep6/initial_demo_front.mp4	6392	results
results/robomme_extension_selected_c3_40ep_20260831/BinFill_ep7/BinFill_ep7_vlm_groundsg.mp4	2339263	results
results/robomme_extension_selected_c3_40ep_20260831/BinFill_ep7/initial_demo_front.mp4	6514	results
results/robomme_extension_selected_c3_40ep_20260831/BinFill_ep8/BinFill_ep8_vlm_groundsg.mp4	1369511	results
results/robomme_extension_selected_c3_40ep_20260831/BinFill_ep8/initial_demo_front.mp4	6094	results
results/robomme_extension_selected_c3_40ep_20260831/BinFill_ep9/BinFill_ep9_vlm_groundsg.mp4	928137	results
results/robomme_extension_selected_c3_40ep_20260831/BinFill_ep9/initial_demo_front.mp4	5847	results
results/robomme_extension_selected_c3_40ep_20260831/ButtonUnmask_ep0/ButtonUnmask_ep0_vlm_groundsg.mp4	551570	results
results/robomme_extension_selected_c3_40ep_20260831/ButtonUnmask_ep0/initial_demo_front.mp4	5748	results
results/robomme_extension_selected_c3_40ep_20260831/ButtonUnmask_ep1/ButtonUnmask_ep1_vlm_groundsg.mp4	1346954	results
results/robomme_extension_selected_c3_40ep_20260831/ButtonUnmask_ep1/initial_demo_front.mp4	5798	results
results/robomme_extension_selected_c3_40ep_20260831/ButtonUnmask_ep2/ButtonUnmask_ep2_vlm_groundsg.mp4	1494330	results
results/robomme_extension_selected_c3_40ep_20260831/ButtonUnmask_ep2/initial_demo_front.mp4	5788	results
results/robomme_extension_selected_c3_40ep_20260831/ButtonUnmask_ep3/ButtonUnmask_ep3_vlm_groundsg.mp4	1496046	results
results/robomme_extension_selected_c3_40ep_20260831/ButtonUnmask_ep3/initial_demo_front.mp4	5805	results
results/robomme_extension_selected_c3_40ep_20260831/ButtonUnmask_ep4/ButtonUnmask_ep4_vlm_groundsg.mp4	1512823	results
results/robomme_extension_selected_c3_40ep_20260831/ButtonUnmask_ep4/initial_demo_front.mp4	5798	results
results/robomme_extension_selected_c3_40ep_20260831/ButtonUnmask_ep5/ButtonUnmask_ep5_vlm_groundsg.mp4	1447899	results
results/robomme_extension_selected_c3_40ep_20260831/ButtonUnmask_ep5/initial_demo_front.mp4	5829	results
results/robomme_extension_selected_c3_40ep_20260831/ButtonUnmask_ep6/ButtonUnmask_ep6_vlm_groundsg.mp4	1662254	results
results/robomme_extension_selected_c3_40ep_20260831/ButtonUnmask_ep6/initial_demo_front.mp4	5700	results
results/robomme_extension_selected_c3_40ep_20260831/ButtonUnmask_ep7/ButtonUnmask_ep7_vlm_groundsg.mp4	1564156	results
results/robomme_extension_selected_c3_40ep_20260831/ButtonUnmask_ep7/initial_demo_front.mp4	5829	results
results/robomme_extension_selected_c3_40ep_20260831/ButtonUnmask_ep8/ButtonUnmask_ep8_vlm_groundsg.mp4	572587	results
results/robomme_extension_selected_c3_40ep_20260831/ButtonUnmask_ep8/initial_demo_front.mp4	5818	results
results/robomme_extension_selected_c3_40ep_20260831/ButtonUnmask_ep9/ButtonUnmask_ep9_vlm_groundsg.mp4	1770319	results
results/robomme_extension_selected_c3_40ep_20260831/ButtonUnmask_ep9/initial_demo_front.mp4	5818	results
results/robomme_extension_selected_c3_40ep_20260831/MoveCube_ep0/initial_demo_front.mp4	89868	results
results/robomme_extension_selected_c3_40ep_20260831/MoveCube_ep0/MoveCube_ep0_vlm_groundsg.mp4	753377	results
results/robomme_extension_selected_c3_40ep_20260831/MoveCube_ep1/initial_demo_front.mp4	73553	results
results/robomme_extension_selected_c3_40ep_20260831/MoveCube_ep1/MoveCube_ep1_vlm_groundsg.mp4	2015271	results
results/robomme_extension_selected_c3_40ep_20260831/MoveCube_ep2/initial_demo_front.mp4	96867	results
results/robomme_extension_selected_c3_40ep_20260831/MoveCube_ep2/MoveCube_ep2_vlm_groundsg.mp4	732893	results
results/robomme_extension_selected_c3_40ep_20260831/MoveCube_ep3/initial_demo_front.mp4	145581	results
results/robomme_extension_selected_c3_40ep_20260831/MoveCube_ep3/MoveCube_ep3_vlm_groundsg.mp4	1004468	results
results/robomme_extension_selected_c3_40ep_20260831/MoveCube_ep4/initial_demo_front.mp4	107241	results
results/robomme_extension_selected_c3_40ep_20260831/MoveCube_ep4/MoveCube_ep4_vlm_groundsg.mp4	1066055	results
results/robomme_extension_selected_c3_40ep_20260831/MoveCube_ep5/initial_demo_front.mp4	87119	results
results/robomme_extension_selected_c3_40ep_20260831/MoveCube_ep5/MoveCube_ep5_vlm_groundsg.mp4	671951	results
results/robomme_extension_selected_c3_40ep_20260831/MoveCube_ep6/initial_demo_front.mp4	105337	results
results/robomme_extension_selected_c3_40ep_20260831/MoveCube_ep6/MoveCube_ep6_vlm_groundsg.mp4	781892	results
results/robomme_extension_selected_c3_40ep_20260831/MoveCube_ep7/initial_demo_front.mp4	65143	results
results/robomme_extension_selected_c3_40ep_20260831/MoveCube_ep7/MoveCube_ep7_vlm_groundsg.mp4	621691	results
results/robomme_extension_selected_c3_40ep_20260831/MoveCube_ep8/initial_demo_front.mp4	113681	results
results/robomme_extension_selected_c3_40ep_20260831/MoveCube_ep8/MoveCube_ep8_vlm_groundsg.mp4	941420	results
results/robomme_extension_selected_c3_40ep_20260831/MoveCube_ep9/initial_demo_front.mp4	121200	results
results/robomme_extension_selected_c3_40ep_20260831/MoveCube_ep9/MoveCube_ep9_vlm_groundsg.mp4	914237	results
results/robomme_extension_selected_c3_40ep_20260831/PickHighlight_ep0/initial_demo_front.mp4	5796	results
results/robomme_extension_selected_c3_40ep_20260831/PickHighlight_ep0/PickHighlight_ep0_vlm_groundsg.mp4	627973	results
results/robomme_extension_selected_c3_40ep_20260831/PickHighlight_ep1/initial_demo_front.mp4	5847	results
results/robomme_extension_selected_c3_40ep_20260831/PickHighlight_ep1/PickHighlight_ep1_vlm_groundsg.mp4	545656	results
results/robomme_extension_selected_c3_40ep_20260831/PickHighlight_ep2/initial_demo_front.mp4	5939	results
results/robomme_extension_selected_c3_40ep_20260831/PickHighlight_ep2/PickHighlight_ep2_vlm_groundsg.mp4	505534	results
results/robomme_extension_selected_c3_40ep_20260831/PickHighlight_ep3/initial_demo_front.mp4	6038	results
results/robomme_extension_selected_c3_40ep_20260831/PickHighlight_ep3/PickHighlight_ep3_vlm_groundsg.mp4	1342624	results
results/robomme_extension_selected_c3_40ep_20260831/PickHighlight_ep4/initial_demo_front.mp4	5799	results
results/robomme_extension_selected_c3_40ep_20260831/PickHighlight_ep4/PickHighlight_ep4_vlm_groundsg.mp4	625662	results
results/robomme_extension_selected_c3_40ep_20260831/PickHighlight_ep5/initial_demo_front.mp4	5839	results
results/robomme_extension_selected_c3_40ep_20260831/PickHighlight_ep5/PickHighlight_ep5_vlm_groundsg.mp4	545024	results
results/robomme_extension_selected_c3_40ep_20260831/PickHighlight_ep6/initial_demo_front.mp4	5949	results
results/robomme_extension_selected_c3_40ep_20260831/PickHighlight_ep6/PickHighlight_ep6_vlm_groundsg.mp4	2048200	results
results/robomme_extension_selected_c3_40ep_20260831/PickHighlight_ep7/initial_demo_front.mp4	6055	results
results/robomme_extension_selected_c3_40ep_20260831/PickHighlight_ep7/PickHighlight_ep7_vlm_groundsg.mp4	539425	results
results/robomme_extension_selected_c3_40ep_20260831/PickHighlight_ep8/initial_demo_front.mp4	5840	results
results/robomme_extension_selected_c3_40ep_20260831/PickHighlight_ep8/PickHighlight_ep8_vlm_groundsg.mp4	625099	results
results/robomme_extension_selected_c3_40ep_20260831/PickHighlight_ep9/initial_demo_front.mp4	5839	results
results/robomme_extension_selected_c3_40ep_20260831/PickHighlight_ep9/PickHighlight_ep9_vlm_groundsg.mp4	501691	results
results/robomme_extension_selected_c3_pilot_20260831/BinFill_ep0/BinFill_ep0_vlm_groundsg.mp4	628332	results
results/robomme_extension_selected_c3_pilot_20260831/BinFill_ep0/initial_demo_front.mp4	5873	results
results/robomme_extension_selected_c3_pilot_20260831/ButtonUnmask_ep0/ButtonUnmask_ep0_vlm_groundsg.mp4	551570	results
results/robomme_extension_selected_c3_pilot_20260831/ButtonUnmask_ep0/initial_demo_front.mp4	5748	results
results/robomme_extension_selected_c3_pilot_20260831/MoveCube_ep0/initial_demo_front.mp4	89868	results
results/robomme_extension_selected_c3_pilot_20260831/MoveCube_ep0/MoveCube_ep0_vlm_groundsg.mp4	753377	results
results/robomme_extension_selected_c3_pilot_20260831/PickHighlight_ep0/initial_demo_front.mp4	5796	results
results/robomme_extension_selected_c3_pilot_20260831/PickHighlight_ep0/PickHighlight_ep0_vlm_groundsg.mp4	627973	results
results/robomme_extension_unmask_swap_sam2_memory_20260831/VideoUnmaskSwap_ep5_sam2_container_memory.mp4	26001	results
results/robomme_extension_unmask_swap_sam2_memory_20260831/VideoUnmaskSwap_ep6_sam2_container_memory.mp4	24144	results
results/robomme_extension_unmask_swap_sam2_memory_20260831/VideoUnmaskSwap_ep7_sam2_container_memory.mp4	46277	results
results/robomme_extension_unmask_swap_sam2_memory_20260831/VideoUnmaskSwap_ep8_sam2_container_memory.mp4	31953	results
results/robomme_extension_unmask_swap_sam2_memory_20260831/VideoUnmaskSwap_ep9_sam2_container_memory.mp4	25392	results
results/robomme_extension_videorepick_sam2_memory_20260831/VideoRepick_ep5_sam2_memory_track.mp4	95795	results
results/robomme_extension_videorepick_sam2_memory_20260831/VideoRepick_ep6_sam2_memory_track.mp4	96082	results
results/robomme_extension_videorepick_sam2_memory_20260831/VideoRepick_ep7_sam2_memory_track.mp4	52839	results
results/robomme_extension_videorepick_sam2_memory_20260831/VideoRepick_ep8_sam2_memory_track.mp4	100491	results
results/robomme_extension_videorepick_sam2_memory_20260831/VideoRepick_ep9_sam2_memory_track.mp4	153979	results
results/robomme_initial_demos_video_repick_20260829/VideoRepick_ep1/initial_demo_front.mp4	104445	results
results/robomme_initial_demos_video_repick_20260829/VideoRepick_ep2/initial_demo_front.mp4	145375	results
results/robomme_memory_augmented_adaptive_bf16_20260829/RouteStick_ep0/initial_demo_front.mp4	83121	results
results/robomme_memory_augmented_adaptive_bf16_20260829/RouteStick_ep0/RouteStick_ep0_vlm_groundsg.mp4	1949139	results
results/robomme_memory_augmented_adaptive_bf16_20260829/StopCube_ep0/initial_demo_front.mp4	5790	results
results/robomme_memory_augmented_adaptive_bf16_20260829/StopCube_ep0/StopCube_ep0_vlm_groundsg.mp4	304685	results
results/robomme_memory_augmented_adaptive_bf16_20260829/VideoRepick_ep0/initial_demo_front.mp4	107580	results
results/robomme_memory_augmented_adaptive_bf16_20260829/VideoRepick_ep0/VideoRepick_ep0_vlm_groundsg.mp4	816595	results
results/robomme_memory_augmented_adaptive_bf16_20260829/VideoUnmaskSwap_ep0/initial_demo_front.mp4	32284	results
results/robomme_memory_augmented_adaptive_bf16_20260829/VideoUnmaskSwap_ep0/VideoUnmaskSwap_ep0_vlm_groundsg.mp4	309410	results
results/robomme_memory_augmented_grounding_guard_20260829/VideoUnmaskSwap_ep0/initial_demo_front.mp4	32284	results
results/robomme_memory_augmented_grounding_guard_20260829/VideoUnmaskSwap_ep0/VideoUnmaskSwap_ep0_vlm_groundsg.mp4	56872	results
results/robomme_memory_hints_adaptive_bf16_20260829/VideoRepick_ep0/initial_demo_front.mp4	107580	results
results/robomme_memory_hints_adaptive_bf16_20260829/VideoRepick_ep0/VideoRepick_ep0_vlm_groundsg.mp4	615516	results
results/robomme_memory_hints_adaptive_bf16_20260829/VideoUnmaskSwap_ep0/initial_demo_front.mp4	32284	results
results/robomme_memory_hints_adaptive_bf16_20260829/VideoUnmaskSwap_ep0/VideoUnmaskSwap_ep0_vlm_groundsg.mp4	575332	results
results/robomme_memory_oracle_gate_20260829/RouteStick_ep0/RouteStick_ep0_oracle_upper_bound.mp4	593753	results
results/robomme_memory_oracle_gate_20260829/StopCube_ep0/StopCube_ep0_oracle_upper_bound.mp4	305250	results
results/robomme_memory_oracle_gate_20260829/VideoRepick_ep0/VideoRepick_ep0_oracle_upper_bound.mp4	948071	results
results/robomme_memory_oracle_gate_20260829/VideoUnmaskSwap_ep0/VideoUnmaskSwap_ep0_oracle_upper_bound.mp4	623197	results
results/robomme_memory_pilot_adaptive_bf16_20260829/RouteStick_ep0/initial_demo_front.mp4	83121	results
results/robomme_memory_pilot_adaptive_bf16_20260829/RouteStick_ep0/RouteStick_ep0_vlm_groundsg.mp4	374905	results
results/robomme_memory_pilot_adaptive_bf16_20260829/StopCube_ep0_failed_single_frame_video/initial_demo_front.mp4	5790	results
results/robomme_memory_pilot_adaptive_bf16_20260829/StopCube_ep0_failed_single_frame_video/StopCube_ep0_vlm_groundsg.mp4	9830	results
results/robomme_memory_pilot_adaptive_bf16_20260829/StopCube_ep0/initial_demo_front.mp4	5790	results
results/robomme_memory_pilot_adaptive_bf16_20260829/StopCube_ep0/StopCube_ep0_vlm_groundsg.mp4	302956	results
results/robomme_memory_pilot_adaptive_bf16_20260829/VideoRepick_ep0/initial_demo_front.mp4	107580	results
results/robomme_memory_pilot_adaptive_bf16_20260829/VideoRepick_ep0/VideoRepick_ep0_vlm_groundsg.mp4	702155	results
results/robomme_memory_pilot_adaptive_bf16_20260829/VideoUnmaskSwap_ep0/initial_demo_front.mp4	32284	results
results/robomme_memory_pilot_adaptive_bf16_20260829/VideoUnmaskSwap_ep0/VideoUnmaskSwap_ep0_vlm_groundsg.mp4	352739	results
results/robomme_memory_pilot_every_chunk_bf16_20260829/RouteStick_ep0/initial_demo_front.mp4	83121	results
results/robomme_memory_pilot_every_chunk_bf16_20260829/RouteStick_ep0/RouteStick_ep0_vlm_groundsg.mp4	374905	results
results/robomme_memory_pilot_every_chunk_bf16_20260829/StopCube_ep0/initial_demo_front.mp4	5790	results
results/robomme_memory_pilot_every_chunk_bf16_20260829/StopCube_ep0/StopCube_ep0_vlm_groundsg.mp4	305405	results
results/robomme_memory_pilot_every_chunk_bf16_20260829/VideoRepick_ep0/initial_demo_front.mp4	107580	results
results/robomme_memory_pilot_every_chunk_bf16_20260829/VideoRepick_ep0/VideoRepick_ep0_vlm_groundsg.mp4	886821	results
results/robomme_memory_pilot_every_chunk_bf16_20260829/VideoUnmaskSwap_ep0/initial_demo_front.mp4	32284	results
results/robomme_memory_pilot_every_chunk_bf16_20260829/VideoUnmaskSwap_ep0/VideoUnmaskSwap_ep0_vlm_groundsg.mp4	336931	results
results/robomme_memory_qwen9b_relational_adaptive_20260829/VideoRepick_ep0/initial_demo_front.mp4	107580	results
results/robomme_memory_qwen9b_relational_adaptive_20260829/VideoRepick_ep0/VideoRepick_ep0_vlm_groundsg.mp4	411324	results
results/robomme_memory_qwen9b_relational_adaptive_retry_20260829/VideoRepick_ep0/initial_demo_front.mp4	107580	results
results/robomme_memory_qwen9b_relational_adaptive_retry_20260829/VideoRepick_ep0/VideoRepick_ep0_vlm_groundsg.mp4	824933	results
results/robomme_memory_qwen9b_relational_tool_adaptive_20260829/VideoRepick_ep0/initial_demo_front.mp4	107580	results
results/robomme_memory_qwen9b_relational_tool_adaptive_20260829/VideoRepick_ep0/VideoRepick_ep0_vlm_groundsg.mp4	1594898	results
results/robomme_memory_qwen9b_relational_tool_event_tuned_20260829/VideoRepick_ep0/initial_demo_front.mp4	107580	results
results/robomme_memory_qwen9b_relational_tool_event_tuned_20260829/VideoRepick_ep0/VideoRepick_ep0_vlm_groundsg.mp4	955463	results
results/robomme_memory_qwen9b_relational_tool_every_chunk_20260829/VideoRepick_ep0/initial_demo_front.mp4	107580	results
results/robomme_memory_qwen9b_relational_tool_every_chunk_20260829/VideoRepick_ep0/VideoRepick_ep0_vlm_groundsg.mp4	950979	results
results/robomme_oracle_survey_20260831/BinFill_ep0/BinFill_ep0_oracle_upper_bound.mp4	618972	results
results/robomme_oracle_survey_20260831/ButtonUnmask_ep0/ButtonUnmask_ep0_oracle_upper_bound.mp4	433792	results
results/robomme_oracle_survey_20260831/ButtonUnmaskSwap_ep0/ButtonUnmaskSwap_ep0_oracle_upper_bound.mp4	1112681	results
results/robomme_oracle_survey_20260831/InsertPeg_ep0/InsertPeg_ep0_oracle_upper_bound.mp4	1098514	results
results/robomme_oracle_survey_20260831/MoveCube_ep0/MoveCube_ep0_oracle_upper_bound.mp4	737228	results
results/robomme_oracle_survey_20260831/PatternLock_ep0/PatternLock_ep0_oracle_upper_bound.mp4	325571	results
results/robomme_oracle_survey_20260831/PickHighlight_ep0/PickHighlight_ep0_oracle_upper_bound.mp4	380295	results
results/robomme_oracle_survey_20260831/PickXtimes_ep0/PickXtimes_ep0_oracle_upper_bound.mp4	737600	results
results/robomme_oracle_survey_20260831/SwingXtimes_ep0/SwingXtimes_ep0_oracle_upper_bound.mp4	798426	results
results/robomme_oracle_survey_20260831/VideoPlaceButton_ep0/VideoPlaceButton_ep0_oracle_upper_bound.mp4	1641512	results
results/robomme_oracle_survey_20260831/VideoPlaceOrder_ep0/VideoPlaceOrder_ep0_oracle_upper_bound.mp4	2392859	results
results/robomme_oracle_survey_20260831/VideoUnmask_ep0/VideoUnmask_ep0_oracle_upper_bound.mp4	229748	results
results/robomme_oracle_upper_bound_20260828/MoveCube_ep0/MoveCube_ep0_oracle_upper_bound.mp4	737953	results
results/robomme_oracle_upper_bound_20260828/MoveCube_ep1/MoveCube_ep1_oracle_upper_bound.mp4	824533	results
results/robomme_oracle_upper_bound_20260828/MoveCube_ep2/MoveCube_ep2_oracle_upper_bound.mp4	743246	results
results/robomme_oracle_upper_bound_20260828/MoveCube_ep3/MoveCube_ep3_oracle_upper_bound.mp4	950707	results
results/robomme_oracle_upper_bound_20260828/MoveCube_ep4/MoveCube_ep4_oracle_upper_bound.mp4	1041503	results
results/robomme_pilot_initial_demos_20260831/RouteStick_ep0/initial_demo_front.mp4	83121	results
results/robomme_pilot_initial_demos_20260831/RouteStick_ep1/initial_demo_front.mp4	58469	results
results/robomme_pilot_initial_demos_20260831/RouteStick_ep2/initial_demo_front.mp4	87611	results
results/robomme_pilot_initial_demos_20260831/RouteStick_ep3/initial_demo_front.mp4	86756	results
results/robomme_pilot_initial_demos_20260831/RouteStick_ep4/initial_demo_front.mp4	75462	results
results/robomme_pilot_initial_demos_20260831/StopCube_ep0/initial_demo_front.mp4	5790	results
results/robomme_pilot_initial_demos_20260831/StopCube_ep1/initial_demo_front.mp4	5850	results
results/robomme_pilot_initial_demos_20260831/StopCube_ep2/initial_demo_front.mp4	5815	results
results/robomme_pilot_initial_demos_20260831/StopCube_ep3/initial_demo_front.mp4	5791	results
results/robomme_pilot_initial_demos_20260831/StopCube_ep4/initial_demo_front.mp4	5830	results
results/robomme_pilot_initial_demos_20260831/VideoRepick_ep0/initial_demo_front.mp4	107580	results
results/robomme_pilot_initial_demos_20260831/VideoRepick_ep1/initial_demo_front.mp4	104445	results
results/robomme_pilot_initial_demos_20260831/VideoRepick_ep2/initial_demo_front.mp4	145375	results
results/robomme_pilot_initial_demos_20260831/VideoRepick_ep3/initial_demo_front.mp4	48883	results
results/robomme_pilot_initial_demos_20260831/VideoRepick_ep4/initial_demo_front.mp4	121840	results
results/robomme_pilot_initial_demos_20260831/VideoUnmaskSwap_ep0/initial_demo_front.mp4	32284	results
results/robomme_pilot_initial_demos_20260831/VideoUnmaskSwap_ep1/initial_demo_front.mp4	41285	results
results/robomme_pilot_initial_demos_20260831/VideoUnmaskSwap_ep2/initial_demo_front.mp4	30925	results
results/robomme_pilot_initial_demos_20260831/VideoUnmaskSwap_ep3/initial_demo_front.mp4	56103	results
results/robomme_pilot_initial_demos_20260831/VideoUnmaskSwap_ep4/initial_demo_front.mp4	33228	results
results/robomme_policy_gate_b_20260828/RouteStick_ep0/RouteStick_ep0_policy_admission.mp4	330252	results
results/robomme_policy_gate_b_20260828/StopCube_ep0/StopCube_ep0_policy_admission.mp4	48086	results
results/robomme_policy_gate_b_20260828/VideoRepick_ep0/VideoRepick_ep0_policy_admission.mp4	438899	results
results/robomme_policy_gate_b_20260828/VideoUnmaskSwap_ep0/VideoUnmaskSwap_ep0_policy_admission.mp4	88355	results
results/robomme_representative_videos_20260829/01_ep0_no_memory_fail.mp4	886821	results
results/robomme_representative_videos_20260829/02_ep0_memory_tool_event_success.mp4	955463	results
results/robomme_representative_videos_20260829/03_ep1_memory_identity_fail.mp4	610950	results
results/robomme_representative_videos_20260829/04_ep2_three_cycles_button_boundary.mp4	1230757	results
results/robomme_representative_videos_20260829/05_ep1_sam2_monitor_event_success.mp4	1024788	results
results/robomme_representative_videos_20260829/06_ep1_sam2_identity_track.mp4	99547	results
results/robomme_representative_videos_20260829/07_ep2_repeated_monitor_event_success.mp4	1459296	results
results/robomme_representative_videos_20260829/08_ep0_repeated_monitor_event_success.mp4	1283150	results
results/robomme_representative_videos_20260829/09_ep2_sam2_identity_track.mp4	137059	results
results/robomme_routestick_oracle_diagnostic_20260831/RouteStick_ep0/RouteStick_ep0_oracle_upper_bound.mp4	599603	results
results/robomme_routestick_oracle_diagnostic_20260831/RouteStick_ep2/RouteStick_ep2_oracle_upper_bound.mp4	691654	results
results/robomme_routestick_oracle_diagnostic_20260831/RouteStick_ep3/RouteStick_ep3_oracle_upper_bound.mp4	775264	results
results/robomme_stopcube_ep2_gate_20260831/StopCube_ep2/initial_demo_front.mp4	5815	results
results/robomme_stopcube_ep2_gate_20260831/StopCube_ep2/StopCube_ep2_vlm_groundsg.mp4	198103	results
results/robomme_stopcube_ep34_gate_20260831/StopCube_ep3/initial_demo_front.mp4	5791	results
results/robomme_stopcube_ep34_gate_20260831/StopCube_ep3/StopCube_ep3_vlm_groundsg.mp4	186673	results
results/robomme_stopcube_ep34_gate_20260831/StopCube_ep4/initial_demo_front.mp4	5830	results
results/robomme_stopcube_ep34_gate_20260831/StopCube_ep4/StopCube_ep4_vlm_groundsg.mp4	220376	results
results/robomme_stopcube_oracle_timing_diagnostic_20260831/StopCube_ep0/StopCube_ep0_oracle_upper_bound.mp4	309605	results
results/robomme_stopcube_oracle_timing_ep1_diagnostic_20260831/StopCube_ep1_oracle_upper_bound.mp4	238663	results
results/robomme_stopcube_oracle_timing_ep3_diagnostic_20260831/StopCube_ep3_oracle_upper_bound.mp4	184195	results
results/robomme_stopcube_oracle_timing_ep4_diagnostic_20260831/StopCube_ep4_oracle_upper_bound.mp4	188112	results
results/robomme_unmask_swap_oracle_diagnostic_20260831/VideoUnmaskSwap_ep0/VideoUnmaskSwap_ep0_oracle_upper_bound.mp4	601770	results
results/robomme_unmask_swap_oracle_diagnostic_20260831/VideoUnmaskSwap_ep4/VideoUnmaskSwap_ep4_oracle_upper_bound.mp4	683899	results
results/robomme_unmask_swap_sam2_memory_20260831/VideoUnmaskSwap_ep0_sam2_container_memory.mp4	26703	results
results/robomme_unmask_swap_sam2_memory_20260831/VideoUnmaskSwap_ep1_sam2_container_memory.mp4	33259	results
results/robomme_unmask_swap_sam2_memory_20260831/VideoUnmaskSwap_ep2_sam2_container_memory.mp4	25755	results
results/robomme_unmask_swap_sam2_memory_20260831/VideoUnmaskSwap_ep3_sam2_container_memory.mp4	47575	results
results/robomme_unmask_swap_sam2_memory_20260831/VideoUnmaskSwap_ep4_sam2_container_memory.mp4	27183	results
results/robomme_video_instance_memory_motion_sam2_20260831/VideoRepick_ep4_sam2_memory_track.mp4	116523	results
results/robomme_video_instance_memory_sam2_20260829/VideoRepick_ep0_sam2_memory_track.mp4	101578	results
results/robomme_video_instance_memory_sam2_20260829/VideoRepick_ep1_sam2_memory_track.mp4	99547	results
results/robomme_video_instance_memory_sam2_20260829/VideoRepick_ep2_sam2_memory_track.mp4	137059	results
results/robomme_video_instance_memory_sam2_admitted_20260829/VideoRepick_ep0_sam2_memory_track.mp4	101578	results
results/robomme_video_instance_memory_sam2_admitted_20260829/VideoRepick_ep1_sam2_memory_track.mp4	99547	results
results/robomme_video_instance_memory_sam2_admitted_20260829/VideoRepick_ep2_sam2_memory_track.mp4	137059	results
results/robomme_video_repick_ep0_repeated_monitor_every_chunk_warm_20260829/VideoRepick_ep0/initial_demo_front.mp4	107580	results
results/robomme_video_repick_ep0_repeated_monitor_every_chunk_warm_20260829/VideoRepick_ep0/VideoRepick_ep0_vlm_groundsg.mp4	1283150	results
results/robomme_video_repick_ep0_repeated_monitor_selective_20260829/VideoRepick_ep0/initial_demo_front.mp4	107580	results
results/robomme_video_repick_ep0_repeated_monitor_selective_20260829/VideoRepick_ep0/VideoRepick_ep0_vlm_groundsg.mp4	1283150	results
results/robomme_video_repick_ep1_execution_monitor_20260829/VideoRepick_ep1/initial_demo_front.mp4	104445	results
results/robomme_video_repick_ep1_execution_monitor_20260829/VideoRepick_ep1/VideoRepick_ep1_vlm_groundsg.mp4	3207739	results
results/robomme_video_repick_ep1_execution_monitor_selective_20260829/VideoRepick_ep1/initial_demo_front.mp4	104445	results
results/robomme_video_repick_ep1_execution_monitor_selective_20260829/VideoRepick_ep1/VideoRepick_ep1_vlm_groundsg.mp4	1024788	results
results/robomme_video_repick_ep1_execution_monitor_v2_20260829/VideoRepick_ep1/initial_demo_front.mp4	104445	results
results/robomme_video_repick_ep1_execution_monitor_v2_20260829/VideoRepick_ep1/VideoRepick_ep1_vlm_groundsg.mp4	1024788	results
results/robomme_video_repick_ep1_sam2_memory_20260829/VideoRepick_ep1/initial_demo_front.mp4	104445	results
results/robomme_video_repick_ep1_sam2_memory_20260829/VideoRepick_ep1/VideoRepick_ep1_vlm_groundsg.mp4	976452	results
results/robomme_video_repick_ep1_sam2_procedure_20260829/VideoRepick_ep1/initial_demo_front.mp4	104445	results
results/robomme_video_repick_ep1_sam2_procedure_20260829/VideoRepick_ep1/VideoRepick_ep1_vlm_groundsg.mp4	627678	results
results/robomme_video_repick_ep1_sam2_procedure_v2_20260829/VideoRepick_ep1/initial_demo_front.mp4	104445	results
results/robomme_video_repick_ep1_sam2_procedure_v2_20260829/VideoRepick_ep1/VideoRepick_ep1_vlm_groundsg.mp4	778134	results
results/robomme_video_repick_ep2_every_chunk_buttonfix_20260829/VideoRepick_ep2/initial_demo_front.mp4	145375	results
results/robomme_video_repick_ep2_every_chunk_buttonfix_20260829/VideoRepick_ep2/VideoRepick_ep2_vlm_groundsg.mp4	1230757	results
results/robomme_video_repick_ep2_every_chunk_progress_20260829/VideoRepick_ep2/initial_demo_front.mp4	145375	results
results/robomme_video_repick_ep2_every_chunk_progress_20260829/VideoRepick_ep2/VideoRepick_ep2_vlm_groundsg.mp4	1188062	results
results/robomme_video_repick_ep2_every_chunk_spatialfix_20260829/VideoRepick_ep2/initial_demo_front.mp4	145375	results
results/robomme_video_repick_ep2_every_chunk_spatialfix_20260829/VideoRepick_ep2/VideoRepick_ep2_vlm_groundsg.mp4	2675504	results
results/robomme_video_repick_ep2_every_chunk_toolroute_20260829/VideoRepick_ep2/initial_demo_front.mp4	145375	results
results/robomme_video_repick_ep2_every_chunk_toolroute_20260829/VideoRepick_ep2/VideoRepick_ep2_vlm_groundsg.mp4	1300387	results
results/robomme_video_repick_ep2_repeated_monitor_20260829/VideoRepick_ep2/initial_demo_front.mp4	145375	results
results/robomme_video_repick_ep2_repeated_monitor_20260829/VideoRepick_ep2/VideoRepick_ep2_vlm_groundsg.mp4	1453569	results
results/robomme_video_repick_ep2_repeated_monitor_every_chunk_warm_20260829/VideoRepick_ep2/initial_demo_front.mp4	145375	results
results/robomme_video_repick_ep2_repeated_monitor_every_chunk_warm_20260829/VideoRepick_ep2/VideoRepick_ep2_vlm_groundsg.mp4	1453569	results
results/robomme_video_repick_ep2_repeated_monitor_selective_20260829/VideoRepick_ep2/initial_demo_front.mp4	145375	results
results/robomme_video_repick_ep2_repeated_monitor_selective_20260829/VideoRepick_ep2/VideoRepick_ep2_vlm_groundsg.mp4	1459296	results
results/robomme_video_repick_ep2_transition_gate_20260829/VideoRepick_ep2/initial_demo_front.mp4	145375	results
results/robomme_video_repick_ep2_transition_gate_20260829/VideoRepick_ep2/VideoRepick_ep2_vlm_groundsg.mp4	1095556	results
results/robomme_video_repick_multi_every_chunk_20260829/VideoRepick_ep1/initial_demo_front.mp4	104445	results
results/robomme_video_repick_multi_every_chunk_20260829/VideoRepick_ep1/VideoRepick_ep1_vlm_groundsg.mp4	411779	results
results/robomme_video_repick_multi_every_chunk_redfix_20260829/VideoRepick_ep1/initial_demo_front.mp4	104445	results
results/robomme_video_repick_multi_every_chunk_redfix_20260829/VideoRepick_ep1/VideoRepick_ep1_vlm_groundsg.mp4	610950	results
results/robomme_video_repick_multi_every_chunk_redfix_20260829/VideoRepick_ep2/initial_demo_front.mp4	145375	results
results/robomme_video_repick_multi_every_chunk_redfix_20260829/VideoRepick_ep2/VideoRepick_ep2_vlm_groundsg.mp4	709539	results
results/robomme_video_repick_multi_every_chunk_retry_20260829/VideoRepick_ep1/initial_demo_front.mp4	104445	results
results/robomme_video_repick_multi_every_chunk_retry_20260829/VideoRepick_ep1/VideoRepick_ep1_vlm_groundsg.mp4	680497	results
results/robomme_video_repick_multi_every_chunk_retry_20260829/VideoRepick_ep2/initial_demo_front.mp4	145375	results
results/robomme_video_repick_multi_every_chunk_retry_20260829/VideoRepick_ep2/VideoRepick_ep2_vlm_groundsg.mp4	2650638	results
results/robomme_video_repick_oracle_ep2_trace_20260829/VideoRepick_ep2_oracle_upper_bound.mp4	1177176	results
results/robomme_video_repick_oracle_multi_20260829/VideoRepick_ep1/VideoRepick_ep1_oracle_upper_bound.mp4	992222	results
results/robomme_video_repick_oracle_multi_20260829/VideoRepick_ep2/VideoRepick_ep2_oracle_upper_bound.mp4	1164650	results
results/robomme_videorepick_ep3_memoryfix_20260831/VideoRepick_ep3/initial_demo_front.mp4	48883	results
results/robomme_videorepick_ep3_memoryfix_20260831/VideoRepick_ep3/VideoRepick_ep3_vlm_groundsg.mp4	672362	results
results/robomme_videorepick_ep4_harness_fallback_20260831/VideoRepick_ep4/initial_demo_front.mp4	121840	results
results/robomme_videorepick_ep4_harness_fallback_20260831/VideoRepick_ep4/VideoRepick_ep4_vlm_groundsg.mp4	807389	results
results/robomme_videorepick_ep4_harness_fallback_v2_20260831/VideoRepick_ep4/initial_demo_front.mp4	121840	results
results/robomme_videorepick_ep4_harness_fallback_v2_20260831/VideoRepick_ep4/VideoRepick_ep4_vlm_groundsg.mp4	1323851	results
results/robomme_videorepick_ep4_motion_sam2_20260831/VideoRepick_ep4/initial_demo_front.mp4	121840	results
results/robomme_videorepick_ep4_motion_sam2_20260831/VideoRepick_ep4/VideoRepick_ep4_vlm_groundsg.mp4	1145195	results
results/robomme_videorepick_oracle_diagnostic_20260831/VideoRepick_ep0/VideoRepick_ep0_oracle_upper_bound.mp4	963586	results
results/robomme_videorepick_oracle_ep3_diagnostic_20260831/VideoRepick_ep3_oracle_upper_bound.mp4	653420	results
results/robomme_videorepick_oracle_ep4_diagnostic_20260831/VideoRepick_ep4_oracle_upper_bound.mp4	1300540	results
results/robomme_vlm_groundsg_adaptive_selective2_bf16_20260829/MoveCube_ep0/initial_demo_front.mp4	89868	results
results/robomme_vlm_groundsg_adaptive_selective2_bf16_20260829/MoveCube_ep0/MoveCube_ep0_vlm_groundsg.mp4	751227	results
results/robomme_vlm_groundsg_adaptive_selective2_bf16_20260829/MoveCube_ep1/initial_demo_front.mp4	73553	results
results/robomme_vlm_groundsg_adaptive_selective2_bf16_20260829/MoveCube_ep1/MoveCube_ep1_vlm_groundsg.mp4	1704197	results
results/robomme_vlm_groundsg_adaptive_selective2_bf16_20260829/MoveCube_ep2/initial_demo_front.mp4	96867	results
results/robomme_vlm_groundsg_adaptive_selective2_bf16_20260829/MoveCube_ep2/MoveCube_ep2_vlm_groundsg.mp4	731990	results
results/robomme_vlm_groundsg_adaptive_selective2_bf16_20260829/MoveCube_ep3/initial_demo_front.mp4	145581	results
results/robomme_vlm_groundsg_adaptive_selective2_bf16_20260829/MoveCube_ep3/MoveCube_ep3_vlm_groundsg.mp4	989374	results
results/robomme_vlm_groundsg_adaptive_selective2_bf16_20260829/MoveCube_ep4/initial_demo_front.mp4	107241	results
results/robomme_vlm_groundsg_adaptive_selective2_bf16_20260829/MoveCube_ep4/MoveCube_ep4_vlm_groundsg.mp4	1022044	results
results/robomme_vlm_groundsg_bf16_queue_isolated_20260828/MoveCube_ep0/initial_demo_front.mp4	89868	results
results/robomme_vlm_groundsg_bf16_queue_isolated_20260828/MoveCube_ep0/MoveCube_ep0_vlm_groundsg.mp4	740011	results
results/robomme_vlm_groundsg_bf16_queue_isolated_20260828/MoveCube_ep1/initial_demo_front.mp4	73553	results
results/robomme_vlm_groundsg_bf16_queue_isolated_20260828/MoveCube_ep1/MoveCube_ep1_vlm_groundsg.mp4	1919061	results
results/robomme_vlm_groundsg_bf16_queue_isolated_20260828/MoveCube_ep2/initial_demo_front.mp4	96867	results
results/robomme_vlm_groundsg_bf16_queue_isolated_20260828/MoveCube_ep2/MoveCube_ep2_vlm_groundsg.mp4	730275	results
results/robomme_vlm_groundsg_bf16_queue_isolated_20260828/MoveCube_ep3/initial_demo_front.mp4	145581	results
results/robomme_vlm_groundsg_bf16_queue_isolated_20260828/MoveCube_ep3/MoveCube_ep3_vlm_groundsg.mp4	991311	results
results/robomme_vlm_groundsg_bf16_queue_isolated_20260828/MoveCube_ep4/initial_demo_front.mp4	107241	results
results/robomme_vlm_groundsg_bf16_queue_isolated_20260828/MoveCube_ep4/MoveCube_ep4_vlm_groundsg.mp4	1048662	results
results/robomme_vlm_groundsg_nf4_20260828/MoveCube_ep0/initial_demo_front.mp4	89868	results
results/robomme_vlm_groundsg_nf4_20260828/MoveCube_ep0/MoveCube_ep0_vlm_groundsg.mp4	748177	results
results/robomme_vlm_groundsg_nf4_20260828/MoveCube_ep1/initial_demo_front.mp4	73553	results
results/robomme_vlm_groundsg_nf4_20260828/MoveCube_ep1/MoveCube_ep1_vlm_groundsg.mp4	1975345	results
results/robomme_vlm_groundsg_nf4_20260828/MoveCube_ep2/initial_demo_front.mp4	96867	results
results/robomme_vlm_groundsg_nf4_20260828/MoveCube_ep2/MoveCube_ep2_vlm_groundsg.mp4	720059	results
results/robomme_vlm_groundsg_nf4_20260828/MoveCube_ep3/initial_demo_front.mp4	145581	results
results/robomme_vlm_groundsg_nf4_20260828/MoveCube_ep3/MoveCube_ep3_vlm_groundsg.mp4	2354864	results
results/robomme_vlm_groundsg_nf4_20260828/MoveCube_ep4/initial_demo_front.mp4	107241	results
results/robomme_vlm_groundsg_nf4_20260828/MoveCube_ep4/MoveCube_ep4_vlm_groundsg.mp4	2087565	results
results/robomme_vlm_groundsg_selective2_bf16_20260829/_warmup/initial_demo_front.mp4	89868	results
results/robomme_vlm_groundsg_selective2_bf16_20260829/_warmup/MoveCube_ep0_vlm_groundsg.mp4	449237	results
results/robomme_vlm_groundsg_selective2_bf16_20260829/MoveCube_ep0/initial_demo_front.mp4	89868	results
results/robomme_vlm_groundsg_selective2_bf16_20260829/MoveCube_ep0/MoveCube_ep0_vlm_groundsg.mp4	751227	results
results/robomme_vlm_groundsg_selective2_bf16_20260829/MoveCube_ep1/initial_demo_front.mp4	73553	results
results/robomme_vlm_groundsg_selective2_bf16_20260829/MoveCube_ep1/MoveCube_ep1_vlm_groundsg.mp4	1714733	results
results/robomme_vlm_groundsg_selective2_bf16_20260829/MoveCube_ep2/initial_demo_front.mp4	96867	results
results/robomme_vlm_groundsg_selective2_bf16_20260829/MoveCube_ep2/MoveCube_ep2_vlm_groundsg.mp4	731990	results
results/robomme_vlm_groundsg_selective2_bf16_20260829/MoveCube_ep3/initial_demo_front.mp4	145581	results
results/robomme_vlm_groundsg_selective2_bf16_20260829/MoveCube_ep3/MoveCube_ep3_vlm_groundsg.mp4	2265391	results
results/robomme_vlm_groundsg_selective2_bf16_20260829/MoveCube_ep4/initial_demo_front.mp4	107241	results
results/robomme_vlm_groundsg_selective2_bf16_20260829/MoveCube_ep4/MoveCube_ep4_vlm_groundsg.mp4	1022044	results
results/vlm_embodied_tool_use_20260827/vlm_grounded_tool_use.mp4	145617	results
third_party/robodojo_official/eval_result/RoboDojo/build_tower/starVLA/arx_x5/0_ckpt_name=hf_qwenpi_v3,action_type=joint/2026-09-01_13-24-16/episode_0000000_cam_head_fail.mp4	2084253	third_party/robodojo_official/eval_result
third_party/robodojo_official/eval_result/RoboDojo/build_tower/starVLA/arx_x5/0_ckpt_name=hf_qwenpi_v3,action_type=joint/2026-09-01_13-24-16/episode_0000000_cam_left_wrist_fail.mp4	4460049	third_party/robodojo_official/eval_result
third_party/robodojo_official/eval_result/RoboDojo/build_tower/starVLA/arx_x5/0_ckpt_name=hf_qwenpi_v3,action_type=joint/2026-09-01_13-24-16/episode_0000000_cam_right_wrist_fail.mp4	4256923	third_party/robodojo_official/eval_result
third_party/robodojo_official/eval_result/RoboDojo/build_tower/starVLA/arx_x5/0_ckpt_name=hf_qwenpi_v3,action_type=joint/2026-09-01_14-00-01/episode_0000000_cam_head_success.mp4	1645585	third_party/robodojo_official/eval_result
third_party/robodojo_official/eval_result/RoboDojo/build_tower/starVLA/arx_x5/0_ckpt_name=hf_qwenpi_v3,action_type=joint/2026-09-01_14-00-01/episode_0000000_cam_left_wrist_success.mp4	3060520	third_party/robodojo_official/eval_result
third_party/robodojo_official/eval_result/RoboDojo/build_tower/starVLA/arx_x5/0_ckpt_name=hf_qwenpi_v3,action_type=joint/2026-09-01_14-00-01/episode_0000000_cam_right_wrist_success.mp4	2954018	third_party/robodojo_official/eval_result
third_party/robodojo_official/eval_result/RoboDojo/build_tower/starVLA/arx_x5/0_ckpt_name=hf_qwenpi_v3,action_type=joint/2026-09-01_14-11-29/episode_0000000_cam_head_fail.mp4	2051665	third_party/robodojo_official/eval_result
third_party/robodojo_official/eval_result/RoboDojo/build_tower/starVLA/arx_x5/0_ckpt_name=hf_qwenpi_v3,action_type=joint/2026-09-01_14-11-29/episode_0000000_cam_left_wrist_fail.mp4	3642969	third_party/robodojo_official/eval_result
third_party/robodojo_official/eval_result/RoboDojo/build_tower/starVLA/arx_x5/0_ckpt_name=hf_qwenpi_v3,action_type=joint/2026-09-01_14-11-29/episode_0000000_cam_right_wrist_fail.mp4	3506991	third_party/robodojo_official/eval_result
third_party/robodojo_official/eval_result/RoboDojo/build_tower/starVLA/arx_x5/0_ckpt_name=hf_qwenpi_v3,action_type=joint/2026-09-01_14-30-45/episode_0000000_cam_head_success.mp4	1656156	third_party/robodojo_official/eval_result
third_party/robodojo_official/eval_result/RoboDojo/build_tower/starVLA/arx_x5/0_ckpt_name=hf_qwenpi_v3,action_type=joint/2026-09-01_14-30-45/episode_0000000_cam_left_wrist_success.mp4	3053912	third_party/robodojo_official/eval_result
third_party/robodojo_official/eval_result/RoboDojo/build_tower/starVLA/arx_x5/0_ckpt_name=hf_qwenpi_v3,action_type=joint/2026-09-01_14-30-45/episode_0000000_cam_right_wrist_success.mp4	2930053	third_party/robodojo_official/eval_result
third_party/robodojo_official/eval_result/RoboDojo/build_tower/starVLA/arx_x5/0_ckpt_name=hf_qwenpi_v3,action_type=joint/2026-09-01_14-50-51/episode_0000000_cam_head_success.mp4	1729039	third_party/robodojo_official/eval_result
third_party/robodojo_official/eval_result/RoboDojo/build_tower/starVLA/arx_x5/0_ckpt_name=hf_qwenpi_v3,action_type=joint/2026-09-01_14-50-51/episode_0000000_cam_left_wrist_success.mp4	3141212	third_party/robodojo_official/eval_result
third_party/robodojo_official/eval_result/RoboDojo/build_tower/starVLA/arx_x5/0_ckpt_name=hf_qwenpi_v3,action_type=joint/2026-09-01_14-50-51/episode_0000000_cam_right_wrist_success.mp4	3018881	third_party/robodojo_official/eval_result
third_party/robodojo_official/eval_result/RoboDojo/build_tower/starVLA/arx_x5/0_ckpt_name=hf_qwenpi_v3,action_type=joint/2026-09-01_14-58-48/episode_0000000_cam_head_fail.mp4	1712057	third_party/robodojo_official/eval_result
third_party/robodojo_official/eval_result/RoboDojo/build_tower/starVLA/arx_x5/0_ckpt_name=hf_qwenpi_v3,action_type=joint/2026-09-01_14-58-48/episode_0000000_cam_left_wrist_fail.mp4	2955541	third_party/robodojo_official/eval_result
third_party/robodojo_official/eval_result/RoboDojo/build_tower/starVLA/arx_x5/0_ckpt_name=hf_qwenpi_v3,action_type=joint/2026-09-01_14-58-48/episode_0000000_cam_right_wrist_fail.mp4	3143701	third_party/robodojo_official/eval_result
third_party/robodojo_official/eval_result/RoboDojo/build_tower/starVLA/arx_x5/0_ckpt_name=hf_qwenpi_v3,action_type=joint/2026-09-01_15-07-50/episode_0000000_cam_head_fail.mp4	2034290	third_party/robodojo_official/eval_result
third_party/robodojo_official/eval_result/RoboDojo/build_tower/starVLA/arx_x5/0_ckpt_name=hf_qwenpi_v3,action_type=joint/2026-09-01_15-07-50/episode_0000000_cam_left_wrist_fail.mp4	3584082	third_party/robodojo_official/eval_result
third_party/robodojo_official/eval_result/RoboDojo/build_tower/starVLA/arx_x5/0_ckpt_name=hf_qwenpi_v3,action_type=joint/2026-09-01_15-07-50/episode_0000000_cam_right_wrist_fail.mp4	3417812	third_party/robodojo_official/eval_result
third_party/robodojo_official/eval_result/RoboDojo/build_tower/starVLA/arx_x5/0_ckpt_name=hf_qwenpi_v3,action_type=joint/2026-09-01_15-20-26/episode_0000000_cam_head_success.mp4	1721967	third_party/robodojo_official/eval_result
third_party/robodojo_official/eval_result/RoboDojo/build_tower/starVLA/arx_x5/0_ckpt_name=hf_qwenpi_v3,action_type=joint/2026-09-01_15-20-26/episode_0000000_cam_left_wrist_success.mp4	3103399	third_party/robodojo_official/eval_result
third_party/robodojo_official/eval_result/RoboDojo/build_tower/starVLA/arx_x5/0_ckpt_name=hf_qwenpi_v3,action_type=joint/2026-09-01_15-20-26/episode_0000000_cam_right_wrist_success.mp4	2991702	third_party/robodojo_official/eval_result
third_party/robodojo_official/eval_result/RoboDojo/build_tower/starVLA/arx_x5/0_ckpt_name=hf_qwenpi_v3,action_type=joint/2026-09-01_15-29-39/episode_0000000_cam_head_success.mp4	1726796	third_party/robodojo_official/eval_result
third_party/robodojo_official/eval_result/RoboDojo/build_tower/starVLA/arx_x5/0_ckpt_name=hf_qwenpi_v3,action_type=joint/2026-09-01_15-29-39/episode_0000000_cam_left_wrist_success.mp4	3116984	third_party/robodojo_official/eval_result
third_party/robodojo_official/eval_result/RoboDojo/build_tower/starVLA/arx_x5/0_ckpt_name=hf_qwenpi_v3,action_type=joint/2026-09-01_15-29-39/episode_0000000_cam_right_wrist_success.mp4	2952828	third_party/robodojo_official/eval_result
third_party/robodojo_official/eval_result/RoboDojo/build_tower/starVLA/arx_x5/0_ckpt_name=hf_qwenpi_v3,action_type=joint/2026-09-01_15-39-56/episode_0000000_cam_head_fail.mp4	1957335	third_party/robodojo_official/eval_result
third_party/robodojo_official/eval_result/RoboDojo/build_tower/starVLA/arx_x5/0_ckpt_name=hf_qwenpi_v3,action_type=joint/2026-09-01_15-39-56/episode_0000000_cam_left_wrist_fail.mp4	3437652	third_party/robodojo_official/eval_result
third_party/robodojo_official/eval_result/RoboDojo/build_tower/starVLA/arx_x5/0_ckpt_name=hf_qwenpi_v3,action_type=joint/2026-09-01_15-39-56/episode_0000000_cam_right_wrist_fail.mp4	4697721	third_party/robodojo_official/eval_result
third_party/robodojo_official/eval_result/RoboDojo/build_tower/starVLA/arx_x5/0_ckpt_name=hf_qwenpi_v3,action_type=joint/2026-09-01_17-01-07/_stream/env0_cam_head.tmp.mp4	48	third_party/robodojo_official/eval_result
third_party/robodojo_official/eval_result/RoboDojo/build_tower/starVLA/arx_x5/0_ckpt_name=hf_qwenpi_v3,action_type=joint/2026-09-01_17-01-07/_stream/env0_cam_left_wrist.tmp.mp4	48	third_party/robodojo_official/eval_result
third_party/robodojo_official/eval_result/RoboDojo/build_tower/starVLA/arx_x5/0_ckpt_name=hf_qwenpi_v3,action_type=joint/2026-09-01_17-01-07/_stream/env0_cam_right_wrist.tmp.mp4	48	third_party/robodojo_official/eval_result
third_party/robodojo_official/eval_result/RoboDojo/build_tower/starVLA/arx_x5/0_ckpt_name=hf_qwenpi_v3,action_type=joint/2026-09-01_17-05-37/_stream/env0_cam_head.tmp.mp4	1612325	third_party/robodojo_official/eval_result
third_party/robodojo_official/eval_result/RoboDojo/build_tower/starVLA/arx_x5/0_ckpt_name=hf_qwenpi_v3,action_type=joint/2026-09-01_17-05-37/_stream/env0_cam_left_wrist.tmp.mp4	2720424	third_party/robodojo_official/eval_result
third_party/robodojo_official/eval_result/RoboDojo/build_tower/starVLA/arx_x5/0_ckpt_name=hf_qwenpi_v3,action_type=joint/2026-09-01_17-05-37/_stream/env0_cam_right_wrist.tmp.mp4	2892891	third_party/robodojo_official/eval_result
third_party/robodojo_official/eval_result/RoboDojo/build_tower/starVLA/arx_x5/0_ckpt_name=hf_qwenpi_v3,action_type=joint/2026-09-02_15-52-54/episode_0000000_cam_head_success.mp4	1682844	third_party/robodojo_official/eval_result
third_party/robodojo_official/eval_result/RoboDojo/build_tower/starVLA/arx_x5/0_ckpt_name=hf_qwenpi_v3,action_type=joint/2026-09-02_15-52-54/episode_0000000_cam_left_wrist_success.mp4	3095356	third_party/robodojo_official/eval_result
third_party/robodojo_official/eval_result/RoboDojo/build_tower/starVLA/arx_x5/0_ckpt_name=hf_qwenpi_v3,action_type=joint/2026-09-02_15-52-54/episode_0000000_cam_right_wrist_success.mp4	3000387	third_party/robodojo_official/eval_result
third_party/robodojo_official/eval_result/RoboDojo/build_tower/starVLA/arx_x5/0_ckpt_name=hf_qwenpi_v3,action_type=joint/2026-09-02_15-59-46/episode_0000000_cam_head_fail.mp4	2058270	third_party/robodojo_official/eval_result
third_party/robodojo_official/eval_result/RoboDojo/build_tower/starVLA/arx_x5/0_ckpt_name=hf_qwenpi_v3,action_type=joint/2026-09-02_15-59-46/episode_0000000_cam_left_wrist_fail.mp4	4752513	third_party/robodojo_official/eval_result
third_party/robodojo_official/eval_result/RoboDojo/build_tower/starVLA/arx_x5/0_ckpt_name=hf_qwenpi_v3,action_type=joint/2026-09-02_15-59-46/episode_0000000_cam_right_wrist_fail.mp4	3578847	third_party/robodojo_official/eval_result
third_party/robodojo_official/eval_result/RoboDojo/build_tower/starVLA/arx_x5/0_ckpt_name=hf_qwenpi_v3,action_type=joint/2026-09-02_16-08-47/episode_0000000_cam_head_success.mp4	1680687	third_party/robodojo_official/eval_result
third_party/robodojo_official/eval_result/RoboDojo/build_tower/starVLA/arx_x5/0_ckpt_name=hf_qwenpi_v3,action_type=joint/2026-09-02_16-08-47/episode_0000000_cam_left_wrist_success.mp4	3090320	third_party/robodojo_official/eval_result
third_party/robodojo_official/eval_result/RoboDojo/build_tower/starVLA/arx_x5/0_ckpt_name=hf_qwenpi_v3,action_type=joint/2026-09-02_16-08-47/episode_0000000_cam_right_wrist_success.mp4	2989929	third_party/robodojo_official/eval_result
third_party/robodojo_official/eval_result/RoboDojo/build_tower/starVLA/arx_x5/0_ckpt_name=hf_qwenpi_v3,action_type=joint/2026-09-02_16-16-46/episode_0000000_cam_head_fail.mp4	2055691	third_party/robodojo_official/eval_result
third_party/robodojo_official/eval_result/RoboDojo/build_tower/starVLA/arx_x5/0_ckpt_name=hf_qwenpi_v3,action_type=joint/2026-09-02_16-16-46/episode_0000000_cam_left_wrist_fail.mp4	3648155	third_party/robodojo_official/eval_result
third_party/robodojo_official/eval_result/RoboDojo/build_tower/starVLA/arx_x5/0_ckpt_name=hf_qwenpi_v3,action_type=joint/2026-09-02_16-16-46/episode_0000000_cam_right_wrist_fail.mp4	3516000	third_party/robodojo_official/eval_result
third_party/robodojo_official/eval_result/RoboDojo/build_tower/starVLA/arx_x5/0_ckpt_name=hf_qwenpi_v3,action_type=joint/2026-09-02_16-39-58/episode_0000000_cam_head_success.mp4	1645098	third_party/robodojo_official/eval_result
third_party/robodojo_official/eval_result/RoboDojo/build_tower/starVLA/arx_x5/0_ckpt_name=hf_qwenpi_v3,action_type=joint/2026-09-02_16-39-58/episode_0000000_cam_left_wrist_success.mp4	3017836	third_party/robodojo_official/eval_result
third_party/robodojo_official/eval_result/RoboDojo/build_tower/starVLA/arx_x5/0_ckpt_name=hf_qwenpi_v3,action_type=joint/2026-09-02_16-39-58/episode_0000000_cam_right_wrist_success.mp4	2942407	third_party/robodojo_official/eval_result
third_party/robodojo_official/eval_result/RoboDojo/build_tower/starVLA/arx_x5/0_ckpt_name=hf_qwenpi_v3,action_type=joint/2026-09-02_18-38-36/episode_0000000_cam_head_success.mp4	1662027	third_party/robodojo_official/eval_result
third_party/robodojo_official/eval_result/RoboDojo/build_tower/starVLA/arx_x5/0_ckpt_name=hf_qwenpi_v3,action_type=joint/2026-09-02_18-38-36/episode_0000000_cam_left_wrist_success.mp4	2969048	third_party/robodojo_official/eval_result
third_party/robodojo_official/eval_result/RoboDojo/build_tower/starVLA/arx_x5/0_ckpt_name=hf_qwenpi_v3,action_type=joint/2026-09-02_18-38-36/episode_0000000_cam_right_wrist_success.mp4	2852478	third_party/robodojo_official/eval_result
third_party/robodojo_official/eval_result/RoboDojo/build_tower/starVLA/arx_x5/0_ckpt_name=hf_qwenpi_v3,action_type=joint/2026-09-02_18-47-56/_stream/env0_cam_head.tmp.mp4	335893	third_party/robodojo_official/eval_result
third_party/robodojo_official/eval_result/RoboDojo/build_tower/starVLA/arx_x5/0_ckpt_name=hf_qwenpi_v3,action_type=joint/2026-09-02_18-47-56/_stream/env0_cam_left_wrist.tmp.mp4	649467	third_party/robodojo_official/eval_result
third_party/robodojo_official/eval_result/RoboDojo/build_tower/starVLA/arx_x5/0_ckpt_name=hf_qwenpi_v3,action_type=joint/2026-09-02_18-47-56/_stream/env0_cam_right_wrist.tmp.mp4	529581	third_party/robodojo_official/eval_result
third_party/robodojo_official/eval_result/RoboDojo/build_tower/starVLA/arx_x5/0_ckpt_name=hf_qwenpi_v3,action_type=joint/2026-09-02_18-51-38/episode_0000000_cam_head_fail.mp4	1728591	third_party/robodojo_official/eval_result
third_party/robodojo_official/eval_result/RoboDojo/build_tower/starVLA/arx_x5/0_ckpt_name=hf_qwenpi_v3,action_type=joint/2026-09-02_18-51-38/episode_0000000_cam_left_wrist_fail.mp4	2904790	third_party/robodojo_official/eval_result
third_party/robodojo_official/eval_result/RoboDojo/build_tower/starVLA/arx_x5/0_ckpt_name=hf_qwenpi_v3,action_type=joint/2026-09-02_18-51-38/episode_0000000_cam_right_wrist_fail.mp4	2980899	third_party/robodojo_official/eval_result
third_party/robodojo_official/eval_result/RoboDojo/build_tower/starVLA/arx_x5/0_ckpt_name=hf_qwenpi_v3,action_type=joint/2026-09-02_19-00-37/_stream/env0_cam_head.tmp.mp4	14272	third_party/robodojo_official/eval_result
third_party/robodojo_official/eval_result/RoboDojo/build_tower/starVLA/arx_x5/0_ckpt_name=hf_qwenpi_v3,action_type=joint/2026-09-02_19-00-37/_stream/env0_cam_left_wrist.tmp.mp4	11885	third_party/robodojo_official/eval_result
third_party/robodojo_official/eval_result/RoboDojo/build_tower/starVLA/arx_x5/0_ckpt_name=hf_qwenpi_v3,action_type=joint/2026-09-02_19-00-37/_stream/env0_cam_right_wrist.tmp.mp4	12161	third_party/robodojo_official/eval_result
third_party/robodojo_official/eval_result/RoboDojo/build_tower/starVLA/arx_x5/0_ckpt_name=hf_qwenpi_v3,action_type=joint/2026-09-02_19-09-03/episode_0000000_cam_head_success.mp4	1694303	third_party/robodojo_official/eval_result
third_party/robodojo_official/eval_result/RoboDojo/build_tower/starVLA/arx_x5/0_ckpt_name=hf_qwenpi_v3,action_type=joint/2026-09-02_19-09-03/episode_0000000_cam_left_wrist_success.mp4	3081320	third_party/robodojo_official/eval_result
third_party/robodojo_official/eval_result/RoboDojo/build_tower/starVLA/arx_x5/0_ckpt_name=hf_qwenpi_v3,action_type=joint/2026-09-02_19-09-03/episode_0000000_cam_right_wrist_success.mp4	2966991	third_party/robodojo_official/eval_result
third_party/robodojo_official/eval_result/RoboDojo/build_tower/starVLA/arx_x5/0_ckpt_name=hf_qwenpi_v3,action_type=joint/2026-09-09_11-43-13/episode_0000000_cam_head_success.mp4	1648356	third_party/robodojo_official/eval_result
third_party/robodojo_official/eval_result/RoboDojo/build_tower/starVLA/arx_x5/0_ckpt_name=hf_qwenpi_v3,action_type=joint/2026-09-09_11-43-13/episode_0000000_cam_left_wrist_success.mp4	3025366	third_party/robodojo_official/eval_result
third_party/robodojo_official/eval_result/RoboDojo/build_tower/starVLA/arx_x5/0_ckpt_name=hf_qwenpi_v3,action_type=joint/2026-09-09_11-43-13/episode_0000000_cam_right_wrist_success.mp4	2938802	third_party/robodojo_official/eval_result
third_party/robodojo_official/eval_result/RoboDojo/build_tower/starVLA/arx_x5/0_ckpt_name=hf_qwenpi_v3,action_type=joint/2026-09-09_12-06-30/episode_0000000_cam_head_success.mp4	1652930	third_party/robodojo_official/eval_result
third_party/robodojo_official/eval_result/RoboDojo/build_tower/starVLA/arx_x5/0_ckpt_name=hf_qwenpi_v3,action_type=joint/2026-09-09_12-06-30/episode_0000000_cam_left_wrist_success.mp4	3058710	third_party/robodojo_official/eval_result
third_party/robodojo_official/eval_result/RoboDojo/build_tower/starVLA/arx_x5/0_ckpt_name=hf_qwenpi_v3,action_type=joint/2026-09-09_12-06-30/episode_0000000_cam_right_wrist_success.mp4	2970076	third_party/robodojo_official/eval_result
third_party/robodojo_official/eval_result/RoboDojo/build_tower/starVLA/arx_x5/0_ckpt_name=hf_qwenpi_v3,action_type=joint/2026-09-09_12-13-02/episode_0000000_cam_head_success.mp4	1640699	third_party/robodojo_official/eval_result
third_party/robodojo_official/eval_result/RoboDojo/build_tower/starVLA/arx_x5/0_ckpt_name=hf_qwenpi_v3,action_type=joint/2026-09-09_12-13-02/episode_0000000_cam_left_wrist_success.mp4	3021164	third_party/robodojo_official/eval_result
third_party/robodojo_official/eval_result/RoboDojo/build_tower/starVLA/arx_x5/0_ckpt_name=hf_qwenpi_v3,action_type=joint/2026-09-09_12-13-02/episode_0000000_cam_right_wrist_success.mp4	2928705	third_party/robodojo_official/eval_result
third_party/robodojo_official/eval_result/RoboDojo/build_tower/starVLA/arx_x5/0_ckpt_name=hf_qwenpi_v3,action_type=joint/2026-09-10_12-03-58/episode_0000000_cam_head_success.mp4	1645955	third_party/robodojo_official/eval_result
third_party/robodojo_official/eval_result/RoboDojo/build_tower/starVLA/arx_x5/0_ckpt_name=hf_qwenpi_v3,action_type=joint/2026-09-10_12-03-58/episode_0000000_cam_left_wrist_success.mp4	3009697	third_party/robodojo_official/eval_result
third_party/robodojo_official/eval_result/RoboDojo/build_tower/starVLA/arx_x5/0_ckpt_name=hf_qwenpi_v3,action_type=joint/2026-09-10_12-03-58/episode_0000000_cam_right_wrist_success.mp4	2966639	third_party/robodojo_official/eval_result
third_party/robodojo_official/eval_result/RoboDojo/build_tower/starVLA/arx_x5/0_ckpt_name=hf_qwenpi_v3,action_type=joint/2026-09-10_12-40-20/episode_0000000_cam_head_success.mp4	1633035	third_party/robodojo_official/eval_result
third_party/robodojo_official/eval_result/RoboDojo/build_tower/starVLA/arx_x5/0_ckpt_name=hf_qwenpi_v3,action_type=joint/2026-09-10_12-40-20/episode_0000000_cam_left_wrist_success.mp4	3040251	third_party/robodojo_official/eval_result
third_party/robodojo_official/eval_result/RoboDojo/build_tower/starVLA/arx_x5/0_ckpt_name=hf_qwenpi_v3,action_type=joint/2026-09-10_12-40-20/episode_0000000_cam_right_wrist_success.mp4	2961747	third_party/robodojo_official/eval_result
third_party/robodojo_official/eval_result/RoboDojo/build_tower/starVLA/arx_x5/0_ckpt_name=hf_qwenpi_v3,action_type=joint/2026-09-10_12-40-20/episode_0000001_cam_head_success.mp4	1703906	third_party/robodojo_official/eval_result
third_party/robodojo_official/eval_result/RoboDojo/build_tower/starVLA/arx_x5/0_ckpt_name=hf_qwenpi_v3,action_type=joint/2026-09-10_12-40-20/episode_0000001_cam_left_wrist_success.mp4	3012833	third_party/robodojo_official/eval_result
third_party/robodojo_official/eval_result/RoboDojo/build_tower/starVLA/arx_x5/0_ckpt_name=hf_qwenpi_v3,action_type=joint/2026-09-10_12-40-20/episode_0000001_cam_right_wrist_success.mp4	3101399	third_party/robodojo_official/eval_result
third_party/robodojo_official/eval_result/RoboDojo/build_tower/starVLA/arx_x5/0_ckpt_name=hf_qwenpi_v3,action_type=joint/2026-09-14_16-39-25/episode_0000000_cam_head_fail.mp4	2282021	third_party/robodojo_official/eval_result
third_party/robodojo_official/eval_result/RoboDojo/build_tower/starVLA/arx_x5/0_ckpt_name=hf_qwenpi_v3,action_type=joint/2026-09-14_16-39-25/episode_0000000_cam_left_wrist_fail.mp4	4399142	third_party/robodojo_official/eval_result
third_party/robodojo_official/eval_result/RoboDojo/build_tower/starVLA/arx_x5/0_ckpt_name=hf_qwenpi_v3,action_type=joint/2026-09-14_16-39-25/episode_0000000_cam_right_wrist_fail.mp4	4380823	third_party/robodojo_official/eval_result
third_party/robodojo_official/eval_result/RoboDojo/build_tower/starVLA/arx_x5/0_ckpt_name=hf_qwenpi_v3,action_type=joint/2026-09-14_16-39-25/episode_0000001_cam_head_success.mp4	1703498	third_party/robodojo_official/eval_result
third_party/robodojo_official/eval_result/RoboDojo/build_tower/starVLA/arx_x5/0_ckpt_name=hf_qwenpi_v3,action_type=joint/2026-09-14_16-39-25/episode_0000001_cam_left_wrist_success.mp4	3053018	third_party/robodojo_official/eval_result
third_party/robodojo_official/eval_result/RoboDojo/build_tower/starVLA/arx_x5/0_ckpt_name=hf_qwenpi_v3,action_type=joint/2026-09-14_16-39-25/episode_0000001_cam_right_wrist_success.mp4	3111480	third_party/robodojo_official/eval_result
third_party/robodojo_official/eval_result/RoboDojo/build_tower/starVLA/arx_x5/0_ckpt_name=hf_qwenpi_v3,action_type=joint/2026-09-14_16-39-25/episode_0000002_cam_head_fail.mp4	2150612	third_party/robodojo_official/eval_result
third_party/robodojo_official/eval_result/RoboDojo/build_tower/starVLA/arx_x5/0_ckpt_name=hf_qwenpi_v3,action_type=joint/2026-09-14_16-39-25/episode_0000002_cam_left_wrist_fail.mp4	4447038	third_party/robodojo_official/eval_result
third_party/robodojo_official/eval_result/RoboDojo/build_tower/starVLA/arx_x5/0_ckpt_name=hf_qwenpi_v3,action_type=joint/2026-09-14_16-39-25/episode_0000002_cam_right_wrist_fail.mp4	4010295	third_party/robodojo_official/eval_result
third_party/robodojo_official/eval_result/RoboDojo/build_tower/starVLA/arx_x5/0_ckpt_name=hf_qwenpi_v3,action_type=joint/2026-09-14_16-58-18/episode_0000000_cam_head_success.mp4	1660622	third_party/robodojo_official/eval_result
third_party/robodojo_official/eval_result/RoboDojo/build_tower/starVLA/arx_x5/0_ckpt_name=hf_qwenpi_v3,action_type=joint/2026-09-14_16-58-18/episode_0000000_cam_left_wrist_success.mp4	3061791	third_party/robodojo_official/eval_result
third_party/robodojo_official/eval_result/RoboDojo/build_tower/starVLA/arx_x5/0_ckpt_name=hf_qwenpi_v3,action_type=joint/2026-09-14_16-58-18/episode_0000000_cam_right_wrist_success.mp4	2947237	third_party/robodojo_official/eval_result
third_party/robodojo_official/eval_result/RoboDojo/build_tower/starVLA/arx_x5/0_ckpt_name=hf_qwenpi_v3,action_type=joint/2026-09-14_16-58-18/episode_0000001_cam_head_success.mp4	1702246	third_party/robodojo_official/eval_result
third_party/robodojo_official/eval_result/RoboDojo/build_tower/starVLA/arx_x5/0_ckpt_name=hf_qwenpi_v3,action_type=joint/2026-09-14_16-58-18/episode_0000001_cam_left_wrist_success.mp4	3039010	third_party/robodojo_official/eval_result
third_party/robodojo_official/eval_result/RoboDojo/build_tower/starVLA/arx_x5/0_ckpt_name=hf_qwenpi_v3,action_type=joint/2026-09-14_16-58-18/episode_0000001_cam_right_wrist_success.mp4	3100821	third_party/robodojo_official/eval_result
third_party/robodojo_official/eval_result/RoboDojo/build_tower/starVLA/arx_x5/0_ckpt_name=hf_qwenpi_v3,action_type=joint/2026-09-14_16-58-18/episode_0000002_cam_head_success.mp4	1685742	third_party/robodojo_official/eval_result
third_party/robodojo_official/eval_result/RoboDojo/build_tower/starVLA/arx_x5/0_ckpt_name=hf_qwenpi_v3,action_type=joint/2026-09-14_16-58-18/episode_0000002_cam_left_wrist_success.mp4	3015350	third_party/robodojo_official/eval_result
third_party/robodojo_official/eval_result/RoboDojo/build_tower/starVLA/arx_x5/0_ckpt_name=hf_qwenpi_v3,action_type=joint/2026-09-14_16-58-18/episode_0000002_cam_right_wrist_success.mp4	3078085	third_party/robodojo_official/eval_result
third_party/robodojo_official/eval_result/RoboDojo/build_tower/starVLA/arx_x5/1_ckpt_name=hf_qwenpi_v3,action_type=joint/2026-09-01_14-38-58/episode_0000000_cam_head_success.mp4	1673347	third_party/robodojo_official/eval_result
third_party/robodojo_official/eval_result/RoboDojo/build_tower/starVLA/arx_x5/1_ckpt_name=hf_qwenpi_v3,action_type=joint/2026-09-01_14-38-58/episode_0000000_cam_left_wrist_success.mp4	3035458	third_party/robodojo_official/eval_result
third_party/robodojo_official/eval_result/RoboDojo/build_tower/starVLA/arx_x5/1_ckpt_name=hf_qwenpi_v3,action_type=joint/2026-09-01_14-38-58/episode_0000000_cam_right_wrist_success.mp4	3035340	third_party/robodojo_official/eval_result
third_party/robodojo_official/eval_result/RoboDojo/build_tower/starVLA/arx_x5/1_ckpt_name=hf_qwenpi_v3,action_type=joint/2026-09-01_15-50-28/episode_0000000_cam_head_success.mp4	1741081	third_party/robodojo_official/eval_result
third_party/robodojo_official/eval_result/RoboDojo/build_tower/starVLA/arx_x5/1_ckpt_name=hf_qwenpi_v3,action_type=joint/2026-09-01_15-50-28/episode_0000000_cam_left_wrist_success.mp4	3014778	third_party/robodojo_official/eval_result
third_party/robodojo_official/eval_result/RoboDojo/build_tower/starVLA/arx_x5/1_ckpt_name=hf_qwenpi_v3,action_type=joint/2026-09-01_15-50-28/episode_0000000_cam_right_wrist_success.mp4	3097994	third_party/robodojo_official/eval_result
third_party/robodojo_official/eval_result/RoboDojo/build_tower/starVLA/arx_x5/1_ckpt_name=hf_qwenpi_v3,action_type=joint/2026-09-01_15-57-41/episode_0000000_cam_head_success.mp4	1743266	third_party/robodojo_official/eval_result
third_party/robodojo_official/eval_result/RoboDojo/build_tower/starVLA/arx_x5/1_ckpt_name=hf_qwenpi_v3,action_type=joint/2026-09-01_15-57-41/episode_0000000_cam_left_wrist_success.mp4	3030565	third_party/robodojo_official/eval_result
third_party/robodojo_official/eval_result/RoboDojo/build_tower/starVLA/arx_x5/1_ckpt_name=hf_qwenpi_v3,action_type=joint/2026-09-01_15-57-41/episode_0000000_cam_right_wrist_success.mp4	3108775	third_party/robodojo_official/eval_result
third_party/robodojo_official/eval_result/RoboDojo/build_tower/starVLA/arx_x5/1_ckpt_name=hf_qwenpi_v3,action_type=joint/2026-09-01_16-25-25/episode_0000000_cam_head_fail.mp4	1750048	third_party/robodojo_official/eval_result
third_party/robodojo_official/eval_result/RoboDojo/build_tower/starVLA/arx_x5/1_ckpt_name=hf_qwenpi_v3,action_type=joint/2026-09-01_16-25-25/episode_0000000_cam_left_wrist_fail.mp4	2976491	third_party/robodojo_official/eval_result
third_party/robodojo_official/eval_result/RoboDojo/build_tower/starVLA/arx_x5/1_ckpt_name=hf_qwenpi_v3,action_type=joint/2026-09-01_16-25-25/episode_0000000_cam_right_wrist_fail.mp4	2860686	third_party/robodojo_official/eval_result
third_party/robodojo_official/eval_result/RoboDojo/build_tower/starVLA/arx_x5/1_ckpt_name=hf_qwenpi_v3,action_type=joint/2026-09-02_16-47-09/episode_0000000_cam_head_success.mp4	1701260	third_party/robodojo_official/eval_result
third_party/robodojo_official/eval_result/RoboDojo/build_tower/starVLA/arx_x5/1_ckpt_name=hf_qwenpi_v3,action_type=joint/2026-09-02_16-47-09/episode_0000000_cam_left_wrist_success.mp4	3069844	third_party/robodojo_official/eval_result
third_party/robodojo_official/eval_result/RoboDojo/build_tower/starVLA/arx_x5/1_ckpt_name=hf_qwenpi_v3,action_type=joint/2026-09-02_16-47-09/episode_0000000_cam_right_wrist_success.mp4	3067434	third_party/robodojo_official/eval_result
third_party/robodojo_official/eval_result/RoboDojo/build_tower/starVLA/arx_x5/1_ckpt_name=hf_qwenpi_v3,action_type=joint/2026-09-02_16-54-13/episode_0000000_cam_head_success.mp4	1697915	third_party/robodojo_official/eval_result
third_party/robodojo_official/eval_result/RoboDojo/build_tower/starVLA/arx_x5/1_ckpt_name=hf_qwenpi_v3,action_type=joint/2026-09-02_16-54-13/episode_0000000_cam_left_wrist_success.mp4	3030455	third_party/robodojo_official/eval_result
third_party/robodojo_official/eval_result/RoboDojo/build_tower/starVLA/arx_x5/1_ckpt_name=hf_qwenpi_v3,action_type=joint/2026-09-02_16-54-13/episode_0000000_cam_right_wrist_success.mp4	3031475	third_party/robodojo_official/eval_result
third_party/robodojo_official/eval_result/RoboDojo/build_tower/starVLA/arx_x5/1_ckpt_name=hf_qwenpi_v3,action_type=joint/2026-09-02_19-16-42/episode_0000000_cam_head_fail.mp4	1720101	third_party/robodojo_official/eval_result
third_party/robodojo_official/eval_result/RoboDojo/build_tower/starVLA/arx_x5/1_ckpt_name=hf_qwenpi_v3,action_type=joint/2026-09-02_19-16-42/episode_0000000_cam_left_wrist_fail.mp4	3043752	third_party/robodojo_official/eval_result
third_party/robodojo_official/eval_result/RoboDojo/build_tower/starVLA/arx_x5/1_ckpt_name=hf_qwenpi_v3,action_type=joint/2026-09-02_19-16-42/episode_0000000_cam_right_wrist_fail.mp4	2690082	third_party/robodojo_official/eval_result
third_party/robodojo_official/eval_result/RoboDojo/build_tower/starVLA/arx_x5/1_ckpt_name=hf_qwenpi_v3,action_type=joint/2026-09-02_19-24-35/episode_0000000_cam_head_success.mp4	1759690	third_party/robodojo_official/eval_result
third_party/robodojo_official/eval_result/RoboDojo/build_tower/starVLA/arx_x5/1_ckpt_name=hf_qwenpi_v3,action_type=joint/2026-09-02_19-24-35/episode_0000000_cam_left_wrist_success.mp4	3054983	third_party/robodojo_official/eval_result
third_party/robodojo_official/eval_result/RoboDojo/build_tower/starVLA/arx_x5/1_ckpt_name=hf_qwenpi_v3,action_type=joint/2026-09-02_19-24-35/episode_0000000_cam_right_wrist_success.mp4	3079067	third_party/robodojo_official/eval_result
third_party/robodojo_official/eval_result/RoboDojo/build_tower/starVLA/arx_x5/2_ckpt_name=hf_qwenpi_v3,action_type=joint/2026-09-01_16-04-56/episode_0000000_cam_head_fail.mp4	2017487	third_party/robodojo_official/eval_result
third_party/robodojo_official/eval_result/RoboDojo/build_tower/starVLA/arx_x5/2_ckpt_name=hf_qwenpi_v3,action_type=joint/2026-09-01_16-04-56/episode_0000000_cam_left_wrist_fail.mp4	3116252	third_party/robodojo_official/eval_result
third_party/robodojo_official/eval_result/RoboDojo/build_tower/starVLA/arx_x5/2_ckpt_name=hf_qwenpi_v3,action_type=joint/2026-09-01_16-04-56/episode_0000000_cam_right_wrist_fail.mp4	3820027	third_party/robodojo_official/eval_result
third_party/robodojo_official/eval_result/RoboDojo/build_tower/starVLA/arx_x5/2_ckpt_name=hf_qwenpi_v3,action_type=joint/2026-09-01_16-14-18/episode_0000000_cam_head_success.mp4	1721978	third_party/robodojo_official/eval_result
third_party/robodojo_official/eval_result/RoboDojo/build_tower/starVLA/arx_x5/2_ckpt_name=hf_qwenpi_v3,action_type=joint/2026-09-01_16-14-18/episode_0000000_cam_left_wrist_success.mp4	2678615	third_party/robodojo_official/eval_result
third_party/robodojo_official/eval_result/RoboDojo/build_tower/starVLA/arx_x5/2_ckpt_name=hf_qwenpi_v3,action_type=joint/2026-09-01_16-14-18/episode_0000000_cam_right_wrist_success.mp4	3365842	third_party/robodojo_official/eval_result
third_party/robodojo_official/eval_result/RoboDojo/build_tower/starVLA/arx_x5/2_ckpt_name=hf_qwenpi_v3,action_type=joint/2026-09-01_16-34-25/_stream/env0_cam_head.tmp.mp4	398924	third_party/robodojo_official/eval_result
third_party/robodojo_official/eval_result/RoboDojo/build_tower/starVLA/arx_x5/2_ckpt_name=hf_qwenpi_v3,action_type=joint/2026-09-01_16-34-25/_stream/env0_cam_left_wrist.tmp.mp4	799142	third_party/robodojo_official/eval_result
third_party/robodojo_official/eval_result/RoboDojo/build_tower/starVLA/arx_x5/2_ckpt_name=hf_qwenpi_v3,action_type=joint/2026-09-01_16-34-25/_stream/env0_cam_right_wrist.tmp.mp4	698717	third_party/robodojo_official/eval_result
third_party/robodojo_official/eval_result/RoboDojo/build_tower/starVLA/arx_x5/2_ckpt_name=hf_qwenpi_v3,action_type=joint/2026-09-01_16-38-32/episode_0000000_cam_head_fail.mp4	1706214	third_party/robodojo_official/eval_result
third_party/robodojo_official/eval_result/RoboDojo/build_tower/starVLA/arx_x5/2_ckpt_name=hf_qwenpi_v3,action_type=joint/2026-09-01_16-38-32/episode_0000000_cam_left_wrist_fail.mp4	2667384	third_party/robodojo_official/eval_result
third_party/robodojo_official/eval_result/RoboDojo/build_tower/starVLA/arx_x5/2_ckpt_name=hf_qwenpi_v3,action_type=joint/2026-09-01_16-38-32/episode_0000000_cam_right_wrist_fail.mp4	3068790	third_party/robodojo_official/eval_result
third_party/robodojo_official/eval_result/RoboDojo/build_tower/starVLA/arx_x5/2_ckpt_name=hf_qwenpi_v3,action_type=joint/2026-09-01_17-22-07/episode_0000000_cam_head_fail.mp4	2004699	third_party/robodojo_official/eval_result
third_party/robodojo_official/eval_result/RoboDojo/build_tower/starVLA/arx_x5/2_ckpt_name=hf_qwenpi_v3,action_type=joint/2026-09-01_17-22-07/episode_0000000_cam_left_wrist_fail.mp4	3168123	third_party/robodojo_official/eval_result
third_party/robodojo_official/eval_result/RoboDojo/build_tower/starVLA/arx_x5/2_ckpt_name=hf_qwenpi_v3,action_type=joint/2026-09-01_17-22-07/episode_0000000_cam_right_wrist_fail.mp4	4759828	third_party/robodojo_official/eval_result
third_party/robodojo_official/eval_result/RoboDojo/build_tower/starVLA/arx_x5/2_ckpt_name=hf_qwenpi_v3,action_type=joint/2026-09-01_17-30-32/episode_0000000_cam_head_fail.mp4	1964348	third_party/robodojo_official/eval_result
third_party/robodojo_official/eval_result/RoboDojo/build_tower/starVLA/arx_x5/2_ckpt_name=hf_qwenpi_v3,action_type=joint/2026-09-01_17-30-32/episode_0000000_cam_left_wrist_fail.mp4	3171104	third_party/robodojo_official/eval_result
third_party/robodojo_official/eval_result/RoboDojo/build_tower/starVLA/arx_x5/2_ckpt_name=hf_qwenpi_v3,action_type=joint/2026-09-01_17-30-32/episode_0000000_cam_right_wrist_fail.mp4	4730412	third_party/robodojo_official/eval_result
third_party/robodojo_official/eval_result/RoboDojo/build_tower/starVLA/arx_x5/2_ckpt_name=hf_qwenpi_v3,action_type=joint/2026-09-01_18-40-35/episode_0000000_cam_head_success.mp4	1718570	third_party/robodojo_official/eval_result
third_party/robodojo_official/eval_result/RoboDojo/build_tower/starVLA/arx_x5/2_ckpt_name=hf_qwenpi_v3,action_type=joint/2026-09-01_18-40-35/episode_0000000_cam_left_wrist_success.mp4	2685108	third_party/robodojo_official/eval_result
third_party/robodojo_official/eval_result/RoboDojo/build_tower/starVLA/arx_x5/2_ckpt_name=hf_qwenpi_v3,action_type=joint/2026-09-01_18-40-35/episode_0000000_cam_right_wrist_success.mp4	3407072	third_party/robodojo_official/eval_result
third_party/robodojo_official/eval_result/RoboDojo/build_tower/starVLA/arx_x5/2_ckpt_name=hf_qwenpi_v3,action_type=joint/2026-09-02_17-01-07/episode_0000000_cam_head_success.mp4	1652716	third_party/robodojo_official/eval_result
third_party/robodojo_official/eval_result/RoboDojo/build_tower/starVLA/arx_x5/2_ckpt_name=hf_qwenpi_v3,action_type=joint/2026-09-02_17-01-07/episode_0000000_cam_left_wrist_success.mp4	2667436	third_party/robodojo_official/eval_result
third_party/robodojo_official/eval_result/RoboDojo/build_tower/starVLA/arx_x5/2_ckpt_name=hf_qwenpi_v3,action_type=joint/2026-09-02_17-01-07/episode_0000000_cam_right_wrist_success.mp4	3327612	third_party/robodojo_official/eval_result
third_party/robodojo_official/eval_result/RoboDojo/build_tower/starVLA/arx_x5/2_ckpt_name=hf_qwenpi_v3,action_type=joint/2026-09-02_17-07-28/episode_0000000_cam_head_success.mp4	1636943	third_party/robodojo_official/eval_result
third_party/robodojo_official/eval_result/RoboDojo/build_tower/starVLA/arx_x5/2_ckpt_name=hf_qwenpi_v3,action_type=joint/2026-09-02_17-07-28/episode_0000000_cam_left_wrist_success.mp4	2663082	third_party/robodojo_official/eval_result
third_party/robodojo_official/eval_result/RoboDojo/build_tower/starVLA/arx_x5/2_ckpt_name=hf_qwenpi_v3,action_type=joint/2026-09-02_17-07-28/episode_0000000_cam_right_wrist_success.mp4	3342362	third_party/robodojo_official/eval_result
third_party/robodojo_official/eval_result/RoboDojo/build_tower/starVLA/arx_x5/2_ckpt_name=hf_qwenpi_v3,action_type=joint/2026-09-02_19-31-14/episode_0000000_cam_head_fail.mp4	1691605	third_party/robodojo_official/eval_result
third_party/robodojo_official/eval_result/RoboDojo/build_tower/starVLA/arx_x5/2_ckpt_name=hf_qwenpi_v3,action_type=joint/2026-09-02_19-31-14/episode_0000000_cam_left_wrist_fail.mp4	2664137	third_party/robodojo_official/eval_result
third_party/robodojo_official/eval_result/RoboDojo/build_tower/starVLA/arx_x5/2_ckpt_name=hf_qwenpi_v3,action_type=joint/2026-09-02_19-31-14/episode_0000000_cam_right_wrist_fail.mp4	3040628	third_party/robodojo_official/eval_result
third_party/robodojo_official/eval_result/RoboDojo/build_tower/starVLA/arx_x5/2_ckpt_name=hf_qwenpi_v3,action_type=joint/2026-09-02_19-39-13/episode_0000000_cam_head_success.mp4	1707311	third_party/robodojo_official/eval_result
third_party/robodojo_official/eval_result/RoboDojo/build_tower/starVLA/arx_x5/2_ckpt_name=hf_qwenpi_v3,action_type=joint/2026-09-02_19-39-13/episode_0000000_cam_left_wrist_success.mp4	2668108	third_party/robodojo_official/eval_result
third_party/robodojo_official/eval_result/RoboDojo/build_tower/starVLA/arx_x5/2_ckpt_name=hf_qwenpi_v3,action_type=joint/2026-09-02_19-39-13/episode_0000000_cam_right_wrist_success.mp4	3413801	third_party/robodojo_official/eval_result
third_party/robodojo_official/eval_result/RoboDojo/classify_objects_by_language/Pi_05/arx_x5/0_official_pi05_59999_native_instruction_probe/2026-09-15_11-25-51_pi05_native/episode_0000000_cam_head_fail.mp4	2330790	third_party/robodojo_official/eval_result
third_party/robodojo_official/eval_result/RoboDojo/classify_objects_by_language/Pi_05/arx_x5/0_official_pi05_59999_native_instruction_probe/2026-09-15_11-25-51_pi05_native/episode_0000000_cam_left_wrist_fail.mp4	5716851	third_party/robodojo_official/eval_result
third_party/robodojo_official/eval_result/RoboDojo/classify_objects_by_language/Pi_05/arx_x5/0_official_pi05_59999_native_instruction_probe/2026-09-15_11-25-51_pi05_native/episode_0000000_cam_right_wrist_fail.mp4	3441403	third_party/robodojo_official/eval_result
third_party/robodojo_official/eval_result/RoboDojo/classify_objects_by_language/Pi_05/arx_x5/0_official_pi05_59999_native/2026-09-15_10-38-05_pi05_native/episode_0000000_cam_head_fail.mp4	2156758	third_party/robodojo_official/eval_result
third_party/robodojo_official/eval_result/RoboDojo/classify_objects_by_language/Pi_05/arx_x5/0_official_pi05_59999_native/2026-09-15_10-38-05_pi05_native/episode_0000000_cam_left_wrist_fail.mp4	8095016	third_party/robodojo_official/eval_result
third_party/robodojo_official/eval_result/RoboDojo/classify_objects_by_language/Pi_05/arx_x5/0_official_pi05_59999_native/2026-09-15_10-38-05_pi05_native/episode_0000000_cam_right_wrist_fail.mp4	1978437	third_party/robodojo_official/eval_result
third_party/robodojo_official/eval_result/RoboDojo/match_and_pick_from_conveyor/starVLA/arx_x5/0_ckpt_name=hf_qwenpi_v3,action_type=joint/2026-09-09_10-15-09/_stream/env0_cam_head.tmp.mp4	145868	third_party/robodojo_official/eval_result
third_party/robodojo_official/eval_result/RoboDojo/match_and_pick_from_conveyor/starVLA/arx_x5/0_ckpt_name=hf_qwenpi_v3,action_type=joint/2026-09-09_10-15-09/_stream/env0_cam_left_wrist.tmp.mp4	179464	third_party/robodojo_official/eval_result
third_party/robodojo_official/eval_result/RoboDojo/match_and_pick_from_conveyor/starVLA/arx_x5/0_ckpt_name=hf_qwenpi_v3,action_type=joint/2026-09-09_10-15-09/_stream/env0_cam_right_wrist.tmp.mp4	193196	third_party/robodojo_official/eval_result
third_party/robodojo_official/eval_result/RoboDojo/organize_table/AgenticPi05/arx_x5/0_official_pi05_conservative/2026-09-18_09-52-24_conservative_agent/episode_0000000_cam_head_success.mp4	229764	third_party/robodojo_official/eval_result
third_party/robodojo_official/eval_result/RoboDojo/organize_table/AgenticPi05/arx_x5/0_official_pi05_conservative/2026-09-18_09-52-24_conservative_agent/episode_0000000_cam_left_wrist_success.mp4	499767	third_party/robodojo_official/eval_result
third_party/robodojo_official/eval_result/RoboDojo/organize_table/AgenticPi05/arx_x5/0_official_pi05_conservative/2026-09-18_09-52-24_conservative_agent/episode_0000000_cam_right_wrist_success.mp4	170168	third_party/robodojo_official/eval_result
third_party/robodojo_official/eval_result/RoboDojo/organize_table/AgenticPi05/arx_x5/0_official_pi05_conservative/2026-09-18_10-05-14_conservative_agent/episode_0000000_cam_head_fail.mp4	2121458	third_party/robodojo_official/eval_result
third_party/robodojo_official/eval_result/RoboDojo/organize_table/AgenticPi05/arx_x5/0_official_pi05_conservative/2026-09-18_10-05-14_conservative_agent/episode_0000000_cam_left_wrist_fail.mp4	5761281	third_party/robodojo_official/eval_result
third_party/robodojo_official/eval_result/RoboDojo/organize_table/AgenticPi05/arx_x5/0_official_pi05_conservative/2026-09-18_10-05-14_conservative_agent/episode_0000000_cam_right_wrist_fail.mp4	5008189	third_party/robodojo_official/eval_result
third_party/robodojo_official/eval_result/RoboDojo/organize_table/AgenticPi05/arx_x5/0_official_pi05_conservative/2026-09-18_10-31-34_agent_off/episode_0000000_cam_head_fail.mp4	1514207	third_party/robodojo_official/eval_result
third_party/robodojo_official/eval_result/RoboDojo/organize_table/AgenticPi05/arx_x5/0_official_pi05_conservative/2026-09-18_10-31-34_agent_off/episode_0000000_cam_left_wrist_fail.mp4	3329827	third_party/robodojo_official/eval_result
third_party/robodojo_official/eval_result/RoboDojo/organize_table/AgenticPi05/arx_x5/0_official_pi05_conservative/2026-09-18_10-31-34_agent_off/episode_0000000_cam_right_wrist_fail.mp4	2779772	third_party/robodojo_official/eval_result
third_party/robodojo_official/eval_result/RoboDojo/organize_table/AgenticPi05/arx_x5/0_official_pi05_conservative/2026-09-18_10-40-33_agent_on/episode_0000000_cam_head_fail.mp4	1790410	third_party/robodojo_official/eval_result
third_party/robodojo_official/eval_result/RoboDojo/organize_table/AgenticPi05/arx_x5/0_official_pi05_conservative/2026-09-18_10-40-33_agent_on/episode_0000000_cam_left_wrist_fail.mp4	5178529	third_party/robodojo_official/eval_result
third_party/robodojo_official/eval_result/RoboDojo/organize_table/AgenticPi05/arx_x5/0_official_pi05_conservative/2026-09-18_10-40-33_agent_on/episode_0000000_cam_right_wrist_fail.mp4	1550286	third_party/robodojo_official/eval_result
third_party/robodojo_official/eval_result/RoboDojo/organize_table/AgenticPi05/arx_x5/0_official_pi05_conservative/2026-09-18_14-49-05_agent_on/episode_0000000_cam_head_fail.mp4	1733479	third_party/robodojo_official/eval_result
third_party/robodojo_official/eval_result/RoboDojo/organize_table/AgenticPi05/arx_x5/0_official_pi05_conservative/2026-09-18_14-49-05_agent_on/episode_0000000_cam_left_wrist_fail.mp4	3739023	third_party/robodojo_official/eval_result
third_party/robodojo_official/eval_result/RoboDojo/organize_table/AgenticPi05/arx_x5/0_official_pi05_conservative/2026-09-18_14-49-05_agent_on/episode_0000000_cam_right_wrist_fail.mp4	3682533	third_party/robodojo_official/eval_result
third_party/robodojo_official/eval_result/RoboDojo/organize_table/AgenticPi05/arx_x5/0_official_pi05_conservative/2026-09-21_10-56-20_agent_on_controlled_tool_smoke/episode_0000000_cam_head_fail.mp4	168367	third_party/robodojo_official/eval_result
third_party/robodojo_official/eval_result/RoboDojo/organize_table/AgenticPi05/arx_x5/0_official_pi05_conservative/2026-09-21_10-56-20_agent_on_controlled_tool_smoke/episode_0000000_cam_left_wrist_fail.mp4	367444	third_party/robodojo_official/eval_result
third_party/robodojo_official/eval_result/RoboDojo/organize_table/AgenticPi05/arx_x5/0_official_pi05_conservative/2026-09-21_10-56-20_agent_on_controlled_tool_smoke/episode_0000000_cam_right_wrist_fail.mp4	103734	third_party/robodojo_official/eval_result
third_party/robodojo_official/eval_result/RoboDojo/organize_table/AgenticPi05/arx_x5/0_official_pi05_conservative/2026-09-21_12-29-46_agent_off_kinematics_smoke/episode_0000000_cam_head_fail.mp4	127219	third_party/robodojo_official/eval_result
third_party/robodojo_official/eval_result/RoboDojo/organize_table/AgenticPi05/arx_x5/0_official_pi05_conservative/2026-09-21_12-29-46_agent_off_kinematics_smoke/episode_0000000_cam_left_wrist_fail.mp4	275340	third_party/robodojo_official/eval_result
third_party/robodojo_official/eval_result/RoboDojo/organize_table/AgenticPi05/arx_x5/0_official_pi05_conservative/2026-09-21_12-29-46_agent_off_kinematics_smoke/episode_0000000_cam_right_wrist_fail.mp4	88500	third_party/robodojo_official/eval_result
third_party/robodojo_official/eval_result/RoboDojo/organize_table/AgenticPi05/arx_x5/0_official_pi05_conservative/2026-09-21_12-39-52_agent_off_motion_probe_smoke/episode_0000000_cam_head_fail.mp4	142287	third_party/robodojo_official/eval_result
third_party/robodojo_official/eval_result/RoboDojo/organize_table/AgenticPi05/arx_x5/0_official_pi05_conservative/2026-09-21_12-39-52_agent_off_motion_probe_smoke/episode_0000000_cam_left_wrist_fail.mp4	302561	third_party/robodojo_official/eval_result
third_party/robodojo_official/eval_result/RoboDojo/organize_table/AgenticPi05/arx_x5/0_official_pi05_conservative/2026-09-21_12-39-52_agent_off_motion_probe_smoke/episode_0000000_cam_right_wrist_fail.mp4	109861	third_party/robodojo_official/eval_result
third_party/robodojo_official/eval_result/RoboDojo/organize_table/AgenticPi05/arx_x5/0_official_pi05_conservative/2026-09-21_13-40-43_agent_on_proposal_review_smoke/episode_0000000_cam_head_fail.mp4	228791	third_party/robodojo_official/eval_result
third_party/robodojo_official/eval_result/RoboDojo/organize_table/AgenticPi05/arx_x5/0_official_pi05_conservative/2026-09-21_13-40-43_agent_on_proposal_review_smoke/episode_0000000_cam_left_wrist_fail.mp4	566807	third_party/robodojo_official/eval_result
third_party/robodojo_official/eval_result/RoboDojo/organize_table/AgenticPi05/arx_x5/0_official_pi05_conservative/2026-09-21_13-40-43_agent_on_proposal_review_smoke/episode_0000000_cam_right_wrist_fail.mp4	165372	third_party/robodojo_official/eval_result
third_party/robodojo_official/eval_result/RoboDojo/organize_table/Pi_05/arx_x5/0_official_pi05_59999_native/2026-09-15_10-28-49_pi05_native/episode_0000000_cam_head_fail.mp4	1917385	third_party/robodojo_official/eval_result
third_party/robodojo_official/eval_result/RoboDojo/organize_table/Pi_05/arx_x5/0_official_pi05_59999_native/2026-09-15_10-28-49_pi05_native/episode_0000000_cam_left_wrist_fail.mp4	4204853	third_party/robodojo_official/eval_result
third_party/robodojo_official/eval_result/RoboDojo/organize_table/Pi_05/arx_x5/0_official_pi05_59999_native/2026-09-15_10-28-49_pi05_native/episode_0000000_cam_right_wrist_fail.mp4	4978665	third_party/robodojo_official/eval_result
third_party/robodojo_official/eval_result/RoboDojo/put_bottles_into_dustbin/starVLA/arx_x5/0_ckpt_name=hf_qwenpi_v3,action_type=joint/2026-09-02_17-17-02/episode_0000000_cam_head_success.mp4	1642825	third_party/robodojo_official/eval_result
third_party/robodojo_official/eval_result/RoboDojo/put_bottles_into_dustbin/starVLA/arx_x5/0_ckpt_name=hf_qwenpi_v3,action_type=joint/2026-09-02_17-17-02/episode_0000000_cam_left_wrist_success.mp4	2434339	third_party/robodojo_official/eval_result
third_party/robodojo_official/eval_result/RoboDojo/put_bottles_into_dustbin/starVLA/arx_x5/0_ckpt_name=hf_qwenpi_v3,action_type=joint/2026-09-02_17-17-02/episode_0000000_cam_right_wrist_success.mp4	2592498	third_party/robodojo_official/eval_result
third_party/robodojo_official/eval_result/RoboDojo/put_bottles_into_dustbin/starVLA/arx_x5/0_ckpt_name=hf_qwenpi_v3,action_type=joint/2026-09-02_17-22-40/episode_0000000_cam_head_success.mp4	1673780	third_party/robodojo_official/eval_result
third_party/robodojo_official/eval_result/RoboDojo/put_bottles_into_dustbin/starVLA/arx_x5/0_ckpt_name=hf_qwenpi_v3,action_type=joint/2026-09-02_17-22-40/episode_0000000_cam_left_wrist_success.mp4	2728468	third_party/robodojo_official/eval_result
third_party/robodojo_official/eval_result/RoboDojo/put_bottles_into_dustbin/starVLA/arx_x5/0_ckpt_name=hf_qwenpi_v3,action_type=joint/2026-09-02_17-22-40/episode_0000000_cam_right_wrist_success.mp4	2404650	third_party/robodojo_official/eval_result
third_party/robodojo_official/eval_result/RoboDojo/put_bottles_into_dustbin/starVLA/arx_x5/0_ckpt_name=hf_qwenpi_v3,action_type=joint/2026-09-14_16-15-06/episode_0000000_cam_head_success.mp4	1627830	third_party/robodojo_official/eval_result
third_party/robodojo_official/eval_result/RoboDojo/put_bottles_into_dustbin/starVLA/arx_x5/0_ckpt_name=hf_qwenpi_v3,action_type=joint/2026-09-14_16-15-06/episode_0000000_cam_left_wrist_success.mp4	2553460	third_party/robodojo_official/eval_result
third_party/robodojo_official/eval_result/RoboDojo/put_bottles_into_dustbin/starVLA/arx_x5/0_ckpt_name=hf_qwenpi_v3,action_type=joint/2026-09-14_16-15-06/episode_0000000_cam_right_wrist_success.mp4	2290700	third_party/robodojo_official/eval_result
third_party/robodojo_official/eval_result/RoboDojo/put_bottles_into_dustbin/starVLA/arx_x5/0_ckpt_name=hf_qwenpi_v3,action_type=joint/2026-09-14_16-15-06/episode_0000001_cam_head_fail.mp4	1479389	third_party/robodojo_official/eval_result
third_party/robodojo_official/eval_result/RoboDojo/put_bottles_into_dustbin/starVLA/arx_x5/0_ckpt_name=hf_qwenpi_v3,action_type=joint/2026-09-14_16-15-06/episode_0000001_cam_left_wrist_fail.mp4	3909856	third_party/robodojo_official/eval_result
third_party/robodojo_official/eval_result/RoboDojo/put_bottles_into_dustbin/starVLA/arx_x5/0_ckpt_name=hf_qwenpi_v3,action_type=joint/2026-09-14_16-15-06/episode_0000001_cam_right_wrist_fail.mp4	1219655	third_party/robodojo_official/eval_result
third_party/robodojo_official/eval_result/RoboDojo/put_bottles_into_dustbin/starVLA/arx_x5/0_ckpt_name=hf_qwenpi_v3,action_type=joint/2026-09-14_16-15-06/episode_0000002_cam_head_success.mp4	1200109	third_party/robodojo_official/eval_result
third_party/robodojo_official/eval_result/RoboDojo/put_bottles_into_dustbin/starVLA/arx_x5/0_ckpt_name=hf_qwenpi_v3,action_type=joint/2026-09-14_16-15-06/episode_0000002_cam_left_wrist_success.mp4	1681129	third_party/robodojo_official/eval_result
third_party/robodojo_official/eval_result/RoboDojo/put_bottles_into_dustbin/starVLA/arx_x5/0_ckpt_name=hf_qwenpi_v3,action_type=joint/2026-09-14_16-15-06/episode_0000002_cam_right_wrist_success.mp4	2088538	third_party/robodojo_official/eval_result
third_party/robodojo_official/eval_result/RoboDojo/put_bottles_into_dustbin/starVLA/arx_x5/0_ckpt_name=hf_qwenpi_v3,action_type=joint/2026-09-14_16-26-51/episode_0000000_cam_head_success.mp4	1793535	third_party/robodojo_official/eval_result
third_party/robodojo_official/eval_result/RoboDojo/put_bottles_into_dustbin/starVLA/arx_x5/0_ckpt_name=hf_qwenpi_v3,action_type=joint/2026-09-14_16-26-51/episode_0000000_cam_left_wrist_success.mp4	2353354	third_party/robodojo_official/eval_result
third_party/robodojo_official/eval_result/RoboDojo/put_bottles_into_dustbin/starVLA/arx_x5/0_ckpt_name=hf_qwenpi_v3,action_type=joint/2026-09-14_16-26-51/episode_0000000_cam_right_wrist_success.mp4	3033049	third_party/robodojo_official/eval_result
third_party/robodojo_official/eval_result/RoboDojo/put_bottles_into_dustbin/starVLA/arx_x5/0_ckpt_name=hf_qwenpi_v3,action_type=joint/2026-09-14_16-26-51/episode_0000001_cam_head_success.mp4	1147484	third_party/robodojo_official/eval_result
third_party/robodojo_official/eval_result/RoboDojo/put_bottles_into_dustbin/starVLA/arx_x5/0_ckpt_name=hf_qwenpi_v3,action_type=joint/2026-09-14_16-26-51/episode_0000001_cam_left_wrist_success.mp4	2251787	third_party/robodojo_official/eval_result
third_party/robodojo_official/eval_result/RoboDojo/put_bottles_into_dustbin/starVLA/arx_x5/0_ckpt_name=hf_qwenpi_v3,action_type=joint/2026-09-14_16-26-51/episode_0000001_cam_right_wrist_success.mp4	1453889	third_party/robodojo_official/eval_result
third_party/robodojo_official/eval_result/RoboDojo/put_bottles_into_dustbin/starVLA/arx_x5/0_ckpt_name=hf_qwenpi_v3,action_type=joint/2026-09-14_16-26-51/episode_0000002_cam_head_success.mp4	1323941	third_party/robodojo_official/eval_result
third_party/robodojo_official/eval_result/RoboDojo/put_bottles_into_dustbin/starVLA/arx_x5/0_ckpt_name=hf_qwenpi_v3,action_type=joint/2026-09-14_16-26-51/episode_0000002_cam_left_wrist_success.mp4	1861466	third_party/robodojo_official/eval_result
third_party/robodojo_official/eval_result/RoboDojo/put_bottles_into_dustbin/starVLA/arx_x5/0_ckpt_name=hf_qwenpi_v3,action_type=joint/2026-09-14_16-26-51/episode_0000002_cam_right_wrist_success.mp4	2629337	third_party/robodojo_official/eval_result
third_party/robodojo_official/eval_result/RoboDojo/put_bottles_into_dustbin/starVLA/arx_x5/1_ckpt_name=hf_qwenpi_v3,action_type=joint/2026-09-02_17-28-05/episode_0000000_cam_head_success.mp4	1157553	third_party/robodojo_official/eval_result
third_party/robodojo_official/eval_result/RoboDojo/put_bottles_into_dustbin/starVLA/arx_x5/1_ckpt_name=hf_qwenpi_v3,action_type=joint/2026-09-02_17-28-05/episode_0000000_cam_left_wrist_success.mp4	1792441	third_party/robodojo_official/eval_result
third_party/robodojo_official/eval_result/RoboDojo/put_bottles_into_dustbin/starVLA/arx_x5/1_ckpt_name=hf_qwenpi_v3,action_type=joint/2026-09-02_17-28-05/episode_0000000_cam_right_wrist_success.mp4	1460988	third_party/robodojo_official/eval_result
third_party/robodojo_official/eval_result/RoboDojo/put_bottles_into_dustbin/starVLA/arx_x5/1_ckpt_name=hf_qwenpi_v3,action_type=joint/2026-09-02_17-32-34/episode_0000000_cam_head_success.mp4	1458954	third_party/robodojo_official/eval_result
third_party/robodojo_official/eval_result/RoboDojo/put_bottles_into_dustbin/starVLA/arx_x5/1_ckpt_name=hf_qwenpi_v3,action_type=joint/2026-09-02_17-32-34/episode_0000000_cam_left_wrist_success.mp4	2305015	third_party/robodojo_official/eval_result
third_party/robodojo_official/eval_result/RoboDojo/put_bottles_into_dustbin/starVLA/arx_x5/1_ckpt_name=hf_qwenpi_v3,action_type=joint/2026-09-02_17-32-34/episode_0000000_cam_right_wrist_success.mp4	1682729	third_party/robodojo_official/eval_result
third_party/robodojo_official/eval_result/RoboDojo/put_bottles_into_dustbin/starVLA/arx_x5/2_ckpt_name=hf_qwenpi_v3,action_type=joint/2026-09-02_17-37-30/episode_0000000_cam_head_success.mp4	1304304	third_party/robodojo_official/eval_result
third_party/robodojo_official/eval_result/RoboDojo/put_bottles_into_dustbin/starVLA/arx_x5/2_ckpt_name=hf_qwenpi_v3,action_type=joint/2026-09-02_17-37-30/episode_0000000_cam_left_wrist_success.mp4	2454942	third_party/robodojo_official/eval_result
third_party/robodojo_official/eval_result/RoboDojo/put_bottles_into_dustbin/starVLA/arx_x5/2_ckpt_name=hf_qwenpi_v3,action_type=joint/2026-09-02_17-37-30/episode_0000000_cam_right_wrist_success.mp4	1760375	third_party/robodojo_official/eval_result
third_party/robodojo_official/eval_result/RoboDojo/put_bottles_into_dustbin/starVLA/arx_x5/2_ckpt_name=hf_qwenpi_v3,action_type=joint/2026-09-02_17-42-23/episode_0000000_cam_head_success.mp4	1304421	third_party/robodojo_official/eval_result
third_party/robodojo_official/eval_result/RoboDojo/put_bottles_into_dustbin/starVLA/arx_x5/2_ckpt_name=hf_qwenpi_v3,action_type=joint/2026-09-02_17-42-23/episode_0000000_cam_left_wrist_success.mp4	2415362	third_party/robodojo_official/eval_result
third_party/robodojo_official/eval_result/RoboDojo/put_bottles_into_dustbin/starVLA/arx_x5/2_ckpt_name=hf_qwenpi_v3,action_type=joint/2026-09-02_17-42-23/episode_0000000_cam_right_wrist_success.mp4	1711837	third_party/robodojo_official/eval_result
third_party/robodojo_official/eval_result/RoboDojo/stack_bowls/Pi_05/arx_x5/0_official_pi05_59999_native/2026-09-15_09-33-17_pi05_native/episode_0000000_cam_head_success.mp4	574996	third_party/robodojo_official/eval_result
third_party/robodojo_official/eval_result/RoboDojo/stack_bowls/Pi_05/arx_x5/0_official_pi05_59999_native/2026-09-15_09-33-17_pi05_native/episode_0000000_cam_left_wrist_success.mp4	873607	third_party/robodojo_official/eval_result
third_party/robodojo_official/eval_result/RoboDojo/stack_bowls/Pi_05/arx_x5/0_official_pi05_59999_native/2026-09-15_09-33-17_pi05_native/episode_0000000_cam_right_wrist_success.mp4	833782	third_party/robodojo_official/eval_result
third_party/robodojo_official/eval_result/RoboDojo/stack_bowls/starVLA/arx_x5/0_ckpt_name=hf_qwenpi_v3,action_type=joint/2026-09-01_22-15-02/episode_0000000_cam_head_fail.mp4	1126756	third_party/robodojo_official/eval_result
third_party/robodojo_official/eval_result/RoboDojo/stack_bowls/starVLA/arx_x5/0_ckpt_name=hf_qwenpi_v3,action_type=joint/2026-09-01_22-15-02/episode_0000000_cam_left_wrist_fail.mp4	1365785	third_party/robodojo_official/eval_result
third_party/robodojo_official/eval_result/RoboDojo/stack_bowls/starVLA/arx_x5/0_ckpt_name=hf_qwenpi_v3,action_type=joint/2026-09-01_22-15-02/episode_0000000_cam_right_wrist_fail.mp4	2529597	third_party/robodojo_official/eval_result
third_party/robodojo_official/eval_result/RoboDojo/stack_bowls/starVLA/arx_x5/0_ckpt_name=hf_qwenpi_v3,action_type=joint/2026-09-01_22-51-07/episode_0000000_cam_head_success.mp4	695642	third_party/robodojo_official/eval_result
third_party/robodojo_official/eval_result/RoboDojo/stack_bowls/starVLA/arx_x5/0_ckpt_name=hf_qwenpi_v3,action_type=joint/2026-09-01_22-51-07/episode_0000000_cam_left_wrist_success.mp4	1144288	third_party/robodojo_official/eval_result
third_party/robodojo_official/eval_result/RoboDojo/stack_bowls/starVLA/arx_x5/0_ckpt_name=hf_qwenpi_v3,action_type=joint/2026-09-01_22-51-07/episode_0000000_cam_right_wrist_success.mp4	1083133	third_party/robodojo_official/eval_result
third_party/robodojo_official/eval_result/RoboDojo/stack_bowls/starVLA/arx_x5/0_ckpt_name=hf_qwenpi_v3,action_type=joint/2026-09-01_22-57-02/episode_0000000_cam_head_fail.mp4	1080369	third_party/robodojo_official/eval_result
third_party/robodojo_official/eval_result/RoboDojo/stack_bowls/starVLA/arx_x5/0_ckpt_name=hf_qwenpi_v3,action_type=joint/2026-09-01_22-57-02/episode_0000000_cam_left_wrist_fail.mp4	1370608	third_party/robodojo_official/eval_result
third_party/robodojo_official/eval_result/RoboDojo/stack_bowls/starVLA/arx_x5/0_ckpt_name=hf_qwenpi_v3,action_type=joint/2026-09-01_22-57-02/episode_0000000_cam_right_wrist_fail.mp4	2274473	third_party/robodojo_official/eval_result
third_party/robodojo_official/eval_result/RoboDojo/stack_bowls/starVLA/arx_x5/0_ckpt_name=hf_qwenpi_v3,action_type=joint/2026-09-01_23-04-09/episode_0000000_cam_head_success.mp4	678371	third_party/robodojo_official/eval_result
third_party/robodojo_official/eval_result/RoboDojo/stack_bowls/starVLA/arx_x5/0_ckpt_name=hf_qwenpi_v3,action_type=joint/2026-09-01_23-04-09/episode_0000000_cam_left_wrist_success.mp4	1084942	third_party/robodojo_official/eval_result
third_party/robodojo_official/eval_result/RoboDojo/stack_bowls/starVLA/arx_x5/0_ckpt_name=hf_qwenpi_v3,action_type=joint/2026-09-01_23-04-09/episode_0000000_cam_right_wrist_success.mp4	1078407	third_party/robodojo_official/eval_result
third_party/robodojo_official/eval_result/RoboDojo/stack_bowls/starVLA/arx_x5/0_ckpt_name=hf_qwenpi_v3,action_type=joint/2026-09-01_23-11-11/episode_0000000_cam_head_fail.mp4	1171951	third_party/robodojo_official/eval_result
third_party/robodojo_official/eval_result/RoboDojo/stack_bowls/starVLA/arx_x5/0_ckpt_name=hf_qwenpi_v3,action_type=joint/2026-09-01_23-11-11/episode_0000000_cam_left_wrist_fail.mp4	1378617	third_party/robodojo_official/eval_result
third_party/robodojo_official/eval_result/RoboDojo/stack_bowls/starVLA/arx_x5/0_ckpt_name=hf_qwenpi_v3,action_type=joint/2026-09-01_23-11-11/episode_0000000_cam_right_wrist_fail.mp4	2592051	third_party/robodojo_official/eval_result
third_party/robodojo_official/eval_result/RoboDojo/stack_bowls/starVLA/arx_x5/0_ckpt_name=hf_qwenpi_v3,action_type=joint/2026-09-01_23-49-11/episode_0000000_cam_head_success.mp4	923652	third_party/robodojo_official/eval_result
third_party/robodojo_official/eval_result/RoboDojo/stack_bowls/starVLA/arx_x5/0_ckpt_name=hf_qwenpi_v3,action_type=joint/2026-09-01_23-49-11/episode_0000000_cam_left_wrist_success.mp4	1383103	third_party/robodojo_official/eval_result
third_party/robodojo_official/eval_result/RoboDojo/stack_bowls/starVLA/arx_x5/0_ckpt_name=hf_qwenpi_v3,action_type=joint/2026-09-01_23-49-11/episode_0000000_cam_right_wrist_success.mp4	1626158	third_party/robodojo_official/eval_result
third_party/robodojo_official/eval_result/RoboDojo/stack_bowls/starVLA/arx_x5/0_ckpt_name=hf_qwenpi_v3,action_type=joint/2026-09-02_00-16-32/episode_0000000_cam_head_success.mp4	1281302	third_party/robodojo_official/eval_result
third_party/robodojo_official/eval_result/RoboDojo/stack_bowls/starVLA/arx_x5/0_ckpt_name=hf_qwenpi_v3,action_type=joint/2026-09-02_00-16-32/episode_0000000_cam_left_wrist_success.mp4	1813800	third_party/robodojo_official/eval_result
third_party/robodojo_official/eval_result/RoboDojo/stack_bowls/starVLA/arx_x5/0_ckpt_name=hf_qwenpi_v3,action_type=joint/2026-09-02_00-16-32/episode_0000000_cam_right_wrist_success.mp4	2357993	third_party/robodojo_official/eval_result
third_party/robodojo_official/eval_result/RoboDojo/stack_bowls/starVLA/arx_x5/0_ckpt_name=hf_qwenpi_v3,action_type=joint/2026-09-02_15-38-17/episode_0000000_cam_head_fail.mp4	1293279	third_party/robodojo_official/eval_result
third_party/robodojo_official/eval_result/RoboDojo/stack_bowls/starVLA/arx_x5/0_ckpt_name=hf_qwenpi_v3,action_type=joint/2026-09-02_15-38-17/episode_0000000_cam_left_wrist_fail.mp4	1723855	third_party/robodojo_official/eval_result
third_party/robodojo_official/eval_result/RoboDojo/stack_bowls/starVLA/arx_x5/0_ckpt_name=hf_qwenpi_v3,action_type=joint/2026-09-02_15-38-17/episode_0000000_cam_right_wrist_fail.mp4	2540407	third_party/robodojo_official/eval_result
third_party/robodojo_official/eval_result/RoboDojo/stack_bowls/starVLA/arx_x5/0_ckpt_name=hf_qwenpi_v3,action_type=joint/2026-09-02_15-45-13/episode_0000000_cam_head_success.mp4	721585	third_party/robodojo_official/eval_result
third_party/robodojo_official/eval_result/RoboDojo/stack_bowls/starVLA/arx_x5/0_ckpt_name=hf_qwenpi_v3,action_type=joint/2026-09-02_15-45-13/episode_0000000_cam_left_wrist_success.mp4	1179666	third_party/robodojo_official/eval_result
third_party/robodojo_official/eval_result/RoboDojo/stack_bowls/starVLA/arx_x5/0_ckpt_name=hf_qwenpi_v3,action_type=joint/2026-09-02_15-45-13/episode_0000000_cam_right_wrist_success.mp4	1119973	third_party/robodojo_official/eval_result
third_party/robodojo_official/eval_result/RoboDojo/stack_bowls/starVLA/arx_x5/0_ckpt_name=hf_qwenpi_v3,action_type=joint/2026-09-07_16-24-43/episode_0000000_cam_head_success.mp4	706189	third_party/robodojo_official/eval_result
third_party/robodojo_official/eval_result/RoboDojo/stack_bowls/starVLA/arx_x5/0_ckpt_name=hf_qwenpi_v3,action_type=joint/2026-09-07_16-24-43/episode_0000000_cam_left_wrist_success.mp4	1121546	third_party/robodojo_official/eval_result
third_party/robodojo_official/eval_result/RoboDojo/stack_bowls/starVLA/arx_x5/0_ckpt_name=hf_qwenpi_v3,action_type=joint/2026-09-07_16-24-43/episode_0000000_cam_right_wrist_success.mp4	1113535	third_party/robodojo_official/eval_result
third_party/robodojo_official/eval_result/RoboDojo/stack_bowls/starVLA/arx_x5/0_ckpt_name=hf_qwenpi_v3,action_type=joint/2026-09-07_16-24-43/episode_0000001_cam_head_fail.mp4	1592859	third_party/robodojo_official/eval_result
third_party/robodojo_official/eval_result/RoboDojo/stack_bowls/starVLA/arx_x5/0_ckpt_name=hf_qwenpi_v3,action_type=joint/2026-09-07_16-24-43/episode_0000001_cam_left_wrist_fail.mp4	2361016	third_party/robodojo_official/eval_result
third_party/robodojo_official/eval_result/RoboDojo/stack_bowls/starVLA/arx_x5/0_ckpt_name=hf_qwenpi_v3,action_type=joint/2026-09-07_16-24-43/episode_0000001_cam_right_wrist_fail.mp4	2407567	third_party/robodojo_official/eval_result
third_party/robodojo_official/eval_result/RoboDojo/stack_bowls/starVLA/arx_x5/0_ckpt_name=hf_qwenpi_v3,action_type=joint/2026-09-07_16-24-43/episode_0000002_cam_head_fail.mp4	1139839	third_party/robodojo_official/eval_result
third_party/robodojo_official/eval_result/RoboDojo/stack_bowls/starVLA/arx_x5/0_ckpt_name=hf_qwenpi_v3,action_type=joint/2026-09-07_16-24-43/episode_0000002_cam_left_wrist_fail.mp4	1748008	third_party/robodojo_official/eval_result
third_party/robodojo_official/eval_result/RoboDojo/stack_bowls/starVLA/arx_x5/0_ckpt_name=hf_qwenpi_v3,action_type=joint/2026-09-07_16-24-43/episode_0000002_cam_right_wrist_fail.mp4	1780433	third_party/robodojo_official/eval_result
third_party/robodojo_official/eval_result/RoboDojo/stack_bowls/starVLA/arx_x5/0_ckpt_name=hf_qwenpi_v3,action_type=joint/2026-09-07_16-24-43/episode_0000003_cam_head_success.mp4	1414301	third_party/robodojo_official/eval_result
third_party/robodojo_official/eval_result/RoboDojo/stack_bowls/starVLA/arx_x5/0_ckpt_name=hf_qwenpi_v3,action_type=joint/2026-09-07_16-24-43/episode_0000003_cam_left_wrist_success.mp4	2945445	third_party/robodojo_official/eval_result
third_party/robodojo_official/eval_result/RoboDojo/stack_bowls/starVLA/arx_x5/0_ckpt_name=hf_qwenpi_v3,action_type=joint/2026-09-07_16-24-43/episode_0000003_cam_right_wrist_success.mp4	1760703	third_party/robodojo_official/eval_result
third_party/robodojo_official/eval_result/RoboDojo/stack_bowls/starVLA/arx_x5/0_ckpt_name=hf_qwenpi_v3,action_type=joint/2026-09-07_16-24-43/episode_0000004_cam_head_fail.mp4	1509519	third_party/robodojo_official/eval_result
third_party/robodojo_official/eval_result/RoboDojo/stack_bowls/starVLA/arx_x5/0_ckpt_name=hf_qwenpi_v3,action_type=joint/2026-09-07_16-24-43/episode_0000004_cam_left_wrist_fail.mp4	2244443	third_party/robodojo_official/eval_result
third_party/robodojo_official/eval_result/RoboDojo/stack_bowls/starVLA/arx_x5/0_ckpt_name=hf_qwenpi_v3,action_type=joint/2026-09-07_16-24-43/episode_0000004_cam_right_wrist_fail.mp4	2190543	third_party/robodojo_official/eval_result
third_party/robodojo_official/eval_result/RoboDojo/stack_bowls/starVLA/arx_x5/0_ckpt_name=hf_qwenpi_v3,action_type=joint/2026-09-07_16-24-43/episode_0000005_cam_head_success.mp4	651031	third_party/robodojo_official/eval_result
third_party/robodojo_official/eval_result/RoboDojo/stack_bowls/starVLA/arx_x5/0_ckpt_name=hf_qwenpi_v3,action_type=joint/2026-09-07_16-24-43/episode_0000005_cam_left_wrist_success.mp4	1455062	third_party/robodojo_official/eval_result
third_party/robodojo_official/eval_result/RoboDojo/stack_bowls/starVLA/arx_x5/0_ckpt_name=hf_qwenpi_v3,action_type=joint/2026-09-07_16-24-43/episode_0000005_cam_right_wrist_success.mp4	552127	third_party/robodojo_official/eval_result
third_party/robodojo_official/eval_result/RoboDojo/stack_bowls/starVLA/arx_x5/0_ckpt_name=hf_qwenpi_v3,action_type=joint/2026-09-07_16-24-43/episode_0000006_cam_head_fail.mp4	1301228	third_party/robodojo_official/eval_result
third_party/robodojo_official/eval_result/RoboDojo/stack_bowls/starVLA/arx_x5/0_ckpt_name=hf_qwenpi_v3,action_type=joint/2026-09-07_16-24-43/episode_0000006_cam_left_wrist_fail.mp4	3816492	third_party/robodojo_official/eval_result
third_party/robodojo_official/eval_result/RoboDojo/stack_bowls/starVLA/arx_x5/0_ckpt_name=hf_qwenpi_v3,action_type=joint/2026-09-07_16-24-43/episode_0000006_cam_right_wrist_fail.mp4	2717328	third_party/robodojo_official/eval_result
third_party/robodojo_official/eval_result/RoboDojo/stack_bowls/starVLA/arx_x5/0_ckpt_name=hf_qwenpi_v3,action_type=joint/2026-09-07_16-24-43/episode_0000007_cam_head_success.mp4	865208	third_party/robodojo_official/eval_result
third_party/robodojo_official/eval_result/RoboDojo/stack_bowls/starVLA/arx_x5/0_ckpt_name=hf_qwenpi_v3,action_type=joint/2026-09-07_16-24-43/episode_0000007_cam_left_wrist_success.mp4	1214498	third_party/robodojo_official/eval_result
third_party/robodojo_official/eval_result/RoboDojo/stack_bowls/starVLA/arx_x5/0_ckpt_name=hf_qwenpi_v3,action_type=joint/2026-09-07_16-24-43/episode_0000007_cam_right_wrist_success.mp4	1891566	third_party/robodojo_official/eval_result
third_party/robodojo_official/eval_result/RoboDojo/stack_bowls/starVLA/arx_x5/0_ckpt_name=hf_qwenpi_v3,action_type=joint/2026-09-07_16-24-43/episode_0000008_cam_head_success.mp4	856414	third_party/robodojo_official/eval_result
third_party/robodojo_official/eval_result/RoboDojo/stack_bowls/starVLA/arx_x5/0_ckpt_name=hf_qwenpi_v3,action_type=joint/2026-09-07_16-24-43/episode_0000008_cam_left_wrist_success.mp4	3163722	third_party/robodojo_official/eval_result
third_party/robodojo_official/eval_result/RoboDojo/stack_bowls/starVLA/arx_x5/0_ckpt_name=hf_qwenpi_v3,action_type=joint/2026-09-07_16-24-43/episode_0000008_cam_right_wrist_success.mp4	3557821	third_party/robodojo_official/eval_result
third_party/robodojo_official/eval_result/RoboDojo/stack_bowls/starVLA/arx_x5/0_ckpt_name=hf_qwenpi_v3,action_type=joint/2026-09-07_16-24-43/episode_0000009_cam_head_fail.mp4	1285384	third_party/robodojo_official/eval_result
third_party/robodojo_official/eval_result/RoboDojo/stack_bowls/starVLA/arx_x5/0_ckpt_name=hf_qwenpi_v3,action_type=joint/2026-09-07_16-24-43/episode_0000009_cam_left_wrist_fail.mp4	2827800	third_party/robodojo_official/eval_result
third_party/robodojo_official/eval_result/RoboDojo/stack_bowls/starVLA/arx_x5/0_ckpt_name=hf_qwenpi_v3,action_type=joint/2026-09-07_16-24-43/episode_0000009_cam_right_wrist_fail.mp4	1839087	third_party/robodojo_official/eval_result
third_party/robodojo_official/eval_result/RoboDojo/stack_bowls/starVLA/arx_x5/0_ckpt_name=hf_qwenpi_v3,action_type=joint/2026-09-07_16-24-43/episode_0000010_cam_head_success.mp4	909978	third_party/robodojo_official/eval_result
third_party/robodojo_official/eval_result/RoboDojo/stack_bowls/starVLA/arx_x5/0_ckpt_name=hf_qwenpi_v3,action_type=joint/2026-09-07_16-24-43/episode_0000010_cam_left_wrist_success.mp4	4818488	third_party/robodojo_official/eval_result
third_party/robodojo_official/eval_result/RoboDojo/stack_bowls/starVLA/arx_x5/0_ckpt_name=hf_qwenpi_v3,action_type=joint/2026-09-07_16-24-43/episode_0000010_cam_right_wrist_success.mp4	2350241	third_party/robodojo_official/eval_result
third_party/robodojo_official/eval_result/RoboDojo/stack_bowls/starVLA/arx_x5/0_ckpt_name=hf_qwenpi_v3,action_type=joint/2026-09-07_16-24-43/episode_0000011_cam_head_fail.mp4	1236952	third_party/robodojo_official/eval_result
third_party/robodojo_official/eval_result/RoboDojo/stack_bowls/starVLA/arx_x5/0_ckpt_name=hf_qwenpi_v3,action_type=joint/2026-09-07_16-24-43/episode_0000011_cam_left_wrist_fail.mp4	3287158	third_party/robodojo_official/eval_result
third_party/robodojo_official/eval_result/RoboDojo/stack_bowls/starVLA/arx_x5/0_ckpt_name=hf_qwenpi_v3,action_type=joint/2026-09-07_16-24-43/episode_0000011_cam_right_wrist_fail.mp4	3590136	third_party/robodojo_official/eval_result
third_party/robodojo_official/eval_result/RoboDojo/stack_bowls/starVLA/arx_x5/0_ckpt_name=hf_qwenpi_v3,action_type=joint/2026-09-07_16-24-43/episode_0000012_cam_head_success.mp4	692854	third_party/robodojo_official/eval_result
third_party/robodojo_official/eval_result/RoboDojo/stack_bowls/starVLA/arx_x5/0_ckpt_name=hf_qwenpi_v3,action_type=joint/2026-09-07_16-24-43/episode_0000012_cam_left_wrist_success.mp4	2461912	third_party/robodojo_official/eval_result
third_party/robodojo_official/eval_result/RoboDojo/stack_bowls/starVLA/arx_x5/0_ckpt_name=hf_qwenpi_v3,action_type=joint/2026-09-07_16-24-43/episode_0000012_cam_right_wrist_success.mp4	2463860	third_party/robodojo_official/eval_result
third_party/robodojo_official/eval_result/RoboDojo/stack_bowls/starVLA/arx_x5/0_ckpt_name=hf_qwenpi_v3,action_type=joint/2026-09-07_16-24-43/episode_0000013_cam_head_fail.mp4	1462844	third_party/robodojo_official/eval_result
third_party/robodojo_official/eval_result/RoboDojo/stack_bowls/starVLA/arx_x5/0_ckpt_name=hf_qwenpi_v3,action_type=joint/2026-09-07_16-24-43/episode_0000013_cam_left_wrist_fail.mp4	2360206	third_party/robodojo_official/eval_result
third_party/robodojo_official/eval_result/RoboDojo/stack_bowls/starVLA/arx_x5/0_ckpt_name=hf_qwenpi_v3,action_type=joint/2026-09-07_16-24-43/episode_0000013_cam_right_wrist_fail.mp4	3580615	third_party/robodojo_official/eval_result
third_party/robodojo_official/eval_result/RoboDojo/stack_bowls/starVLA/arx_x5/0_ckpt_name=hf_qwenpi_v3,action_type=joint/2026-09-07_16-24-43/episode_0000014_cam_head_fail.mp4	1393823	third_party/robodojo_official/eval_result
third_party/robodojo_official/eval_result/RoboDojo/stack_bowls/starVLA/arx_x5/0_ckpt_name=hf_qwenpi_v3,action_type=joint/2026-09-07_16-24-43/episode_0000014_cam_left_wrist_fail.mp4	2405865	third_party/robodojo_official/eval_result
third_party/robodojo_official/eval_result/RoboDojo/stack_bowls/starVLA/arx_x5/0_ckpt_name=hf_qwenpi_v3,action_type=joint/2026-09-07_16-24-43/episode_0000014_cam_right_wrist_fail.mp4	2243885	third_party/robodojo_official/eval_result
third_party/robodojo_official/eval_result/RoboDojo/stack_bowls/starVLA/arx_x5/0_ckpt_name=hf_qwenpi_v3,action_type=joint/2026-09-07_16-24-43/episode_0000015_cam_head_fail.mp4	1092277	third_party/robodojo_official/eval_result
third_party/robodojo_official/eval_result/RoboDojo/stack_bowls/starVLA/arx_x5/0_ckpt_name=hf_qwenpi_v3,action_type=joint/2026-09-07_16-24-43/episode_0000015_cam_left_wrist_fail.mp4	1366992	third_party/robodojo_official/eval_result
third_party/robodojo_official/eval_result/RoboDojo/stack_bowls/starVLA/arx_x5/0_ckpt_name=hf_qwenpi_v3,action_type=joint/2026-09-07_16-24-43/episode_0000015_cam_right_wrist_fail.mp4	2865536	third_party/robodojo_official/eval_result
third_party/robodojo_official/eval_result/RoboDojo/stack_bowls/starVLA/arx_x5/0_ckpt_name=hf_qwenpi_v3,action_type=joint/2026-09-07_16-24-43/episode_0000016_cam_head_success.mp4	491038	third_party/robodojo_official/eval_result
third_party/robodojo_official/eval_result/RoboDojo/stack_bowls/starVLA/arx_x5/0_ckpt_name=hf_qwenpi_v3,action_type=joint/2026-09-07_16-24-43/episode_0000016_cam_left_wrist_success.mp4	826660	third_party/robodojo_official/eval_result
third_party/robodojo_official/eval_result/RoboDojo/stack_bowls/starVLA/arx_x5/0_ckpt_name=hf_qwenpi_v3,action_type=joint/2026-09-07_16-24-43/episode_0000016_cam_right_wrist_success.mp4	821480	third_party/robodojo_official/eval_result
third_party/robodojo_official/eval_result/RoboDojo/stack_bowls/starVLA/arx_x5/0_ckpt_name=hf_qwenpi_v3,action_type=joint/2026-09-07_16-24-43/episode_0000017_cam_head_fail.mp4	855716	third_party/robodojo_official/eval_result
third_party/robodojo_official/eval_result/RoboDojo/stack_bowls/starVLA/arx_x5/0_ckpt_name=hf_qwenpi_v3,action_type=joint/2026-09-07_16-24-43/episode_0000017_cam_left_wrist_fail.mp4	1676882	third_party/robodojo_official/eval_result
third_party/robodojo_official/eval_result/RoboDojo/stack_bowls/starVLA/arx_x5/0_ckpt_name=hf_qwenpi_v3,action_type=joint/2026-09-07_16-24-43/episode_0000017_cam_right_wrist_fail.mp4	1533383	third_party/robodojo_official/eval_result
third_party/robodojo_official/eval_result/RoboDojo/stack_bowls/starVLA/arx_x5/0_ckpt_name=hf_qwenpi_v3,action_type=joint/2026-09-07_16-24-43/episode_0000018_cam_head_success.mp4	850405	third_party/robodojo_official/eval_result
third_party/robodojo_official/eval_result/RoboDojo/stack_bowls/starVLA/arx_x5/0_ckpt_name=hf_qwenpi_v3,action_type=joint/2026-09-07_16-24-43/episode_0000018_cam_left_wrist_success.mp4	1727768	third_party/robodojo_official/eval_result
third_party/robodojo_official/eval_result/RoboDojo/stack_bowls/starVLA/arx_x5/0_ckpt_name=hf_qwenpi_v3,action_type=joint/2026-09-07_16-24-43/episode_0000018_cam_right_wrist_success.mp4	1163181	third_party/robodojo_official/eval_result
third_party/robodojo_official/eval_result/RoboDojo/stack_bowls/starVLA/arx_x5/0_ckpt_name=hf_qwenpi_v3,action_type=joint/2026-09-07_16-24-43/episode_0000019_cam_head_fail.mp4	995024	third_party/robodojo_official/eval_result
third_party/robodojo_official/eval_result/RoboDojo/stack_bowls/starVLA/arx_x5/0_ckpt_name=hf_qwenpi_v3,action_type=joint/2026-09-07_16-24-43/episode_0000019_cam_left_wrist_fail.mp4	1619683	third_party/robodojo_official/eval_result
third_party/robodojo_official/eval_result/RoboDojo/stack_bowls/starVLA/arx_x5/0_ckpt_name=hf_qwenpi_v3,action_type=joint/2026-09-07_16-24-43/episode_0000019_cam_right_wrist_fail.mp4	5862473	third_party/robodojo_official/eval_result
third_party/robodojo_official/eval_result/RoboDojo/stack_bowls/starVLA/arx_x5/0_ckpt_name=hf_qwenpi_v3,action_type=joint/2026-09-07_16-24-43/episode_0000020_cam_head_fail.mp4	1542749	third_party/robodojo_official/eval_result
third_party/robodojo_official/eval_result/RoboDojo/stack_bowls/starVLA/arx_x5/0_ckpt_name=hf_qwenpi_v3,action_type=joint/2026-09-07_16-24-43/episode_0000020_cam_left_wrist_fail.mp4	2241305	third_party/robodojo_official/eval_result
third_party/robodojo_official/eval_result/RoboDojo/stack_bowls/starVLA/arx_x5/0_ckpt_name=hf_qwenpi_v3,action_type=joint/2026-09-07_16-24-43/episode_0000020_cam_right_wrist_fail.mp4	2157178	third_party/robodojo_official/eval_result
third_party/robodojo_official/eval_result/RoboDojo/stack_bowls/starVLA/arx_x5/0_ckpt_name=hf_qwenpi_v3,action_type=joint/2026-09-07_16-24-43/episode_0000021_cam_head_fail.mp4	1276439	third_party/robodojo_official/eval_result
third_party/robodojo_official/eval_result/RoboDojo/stack_bowls/starVLA/arx_x5/0_ckpt_name=hf_qwenpi_v3,action_type=joint/2026-09-07_16-24-43/episode_0000021_cam_left_wrist_fail.mp4	1556598	third_party/robodojo_official/eval_result
third_party/robodojo_official/eval_result/RoboDojo/stack_bowls/starVLA/arx_x5/0_ckpt_name=hf_qwenpi_v3,action_type=joint/2026-09-07_16-24-43/episode_0000021_cam_right_wrist_fail.mp4	2412208	third_party/robodojo_official/eval_result
third_party/robodojo_official/eval_result/RoboDojo/stack_bowls/starVLA/arx_x5/0_ckpt_name=hf_qwenpi_v3,action_type=joint/2026-09-07_16-24-43/episode_0000022_cam_head_success.mp4	717647	third_party/robodojo_official/eval_result
third_party/robodojo_official/eval_result/RoboDojo/stack_bowls/starVLA/arx_x5/0_ckpt_name=hf_qwenpi_v3,action_type=joint/2026-09-07_16-24-43/episode_0000022_cam_left_wrist_success.mp4	2210178	third_party/robodojo_official/eval_result
third_party/robodojo_official/eval_result/RoboDojo/stack_bowls/starVLA/arx_x5/0_ckpt_name=hf_qwenpi_v3,action_type=joint/2026-09-07_16-24-43/episode_0000022_cam_right_wrist_success.mp4	2224473	third_party/robodojo_official/eval_result
third_party/robodojo_official/eval_result/RoboDojo/stack_bowls/starVLA/arx_x5/0_ckpt_name=hf_qwenpi_v3,action_type=joint/2026-09-07_16-24-43/episode_0000023_cam_head_fail.mp4	1416677	third_party/robodojo_official/eval_result
third_party/robodojo_official/eval_result/RoboDojo/stack_bowls/starVLA/arx_x5/0_ckpt_name=hf_qwenpi_v3,action_type=joint/2026-09-07_16-24-43/episode_0000023_cam_left_wrist_fail.mp4	2098287	third_party/robodojo_official/eval_result
third_party/robodojo_official/eval_result/RoboDojo/stack_bowls/starVLA/arx_x5/0_ckpt_name=hf_qwenpi_v3,action_type=joint/2026-09-07_16-24-43/episode_0000023_cam_right_wrist_fail.mp4	2379687	third_party/robodojo_official/eval_result
third_party/robodojo_official/eval_result/RoboDojo/stack_bowls/starVLA/arx_x5/0_ckpt_name=hf_qwenpi_v3,action_type=joint/2026-09-07_16-24-43/episode_0000024_cam_head_success.mp4	827677	third_party/robodojo_official/eval_result
third_party/robodojo_official/eval_result/RoboDojo/stack_bowls/starVLA/arx_x5/0_ckpt_name=hf_qwenpi_v3,action_type=joint/2026-09-07_16-24-43/episode_0000024_cam_left_wrist_success.mp4	2073120	third_party/robodojo_official/eval_result
third_party/robodojo_official/eval_result/RoboDojo/stack_bowls/starVLA/arx_x5/0_ckpt_name=hf_qwenpi_v3,action_type=joint/2026-09-07_16-24-43/episode_0000024_cam_right_wrist_success.mp4	3276403	third_party/robodojo_official/eval_result
third_party/robodojo_official/eval_result/RoboDojo/stack_bowls/starVLA/arx_x5/0_ckpt_name=hf_qwenpi_v3,action_type=joint/2026-09-07_18-01-39/episode_0000000_cam_head_success.mp4	715042	third_party/robodojo_official/eval_result
third_party/robodojo_official/eval_result/RoboDojo/stack_bowls/starVLA/arx_x5/0_ckpt_name=hf_qwenpi_v3,action_type=joint/2026-09-07_18-01-39/episode_0000000_cam_left_wrist_success.mp4	1129465	third_party/robodojo_official/eval_result
third_party/robodojo_official/eval_result/RoboDojo/stack_bowls/starVLA/arx_x5/0_ckpt_name=hf_qwenpi_v3,action_type=joint/2026-09-07_18-01-39/episode_0000000_cam_right_wrist_success.mp4	1111503	third_party/robodojo_official/eval_result
third_party/robodojo_official/eval_result/RoboDojo/stack_bowls/starVLA/arx_x5/0_ckpt_name=hf_qwenpi_v3,action_type=joint/2026-09-07_18-01-39/episode_0000001_cam_head_fail.mp4	1543626	third_party/robodojo_official/eval_result
third_party/robodojo_official/eval_result/RoboDojo/stack_bowls/starVLA/arx_x5/0_ckpt_name=hf_qwenpi_v3,action_type=joint/2026-09-07_18-01-39/episode_0000001_cam_left_wrist_fail.mp4	2043612	third_party/robodojo_official/eval_result
third_party/robodojo_official/eval_result/RoboDojo/stack_bowls/starVLA/arx_x5/0_ckpt_name=hf_qwenpi_v3,action_type=joint/2026-09-07_18-01-39/episode_0000001_cam_right_wrist_fail.mp4	2582405	third_party/robodojo_official/eval_result
third_party/robodojo_official/eval_result/RoboDojo/stack_bowls/starVLA/arx_x5/0_ckpt_name=hf_qwenpi_v3,action_type=joint/2026-09-07_18-01-39/episode_0000002_cam_head_fail.mp4	1111141	third_party/robodojo_official/eval_result
third_party/robodojo_official/eval_result/RoboDojo/stack_bowls/starVLA/arx_x5/0_ckpt_name=hf_qwenpi_v3,action_type=joint/2026-09-07_18-01-39/episode_0000002_cam_left_wrist_fail.mp4	1697906	third_party/robodojo_official/eval_result
third_party/robodojo_official/eval_result/RoboDojo/stack_bowls/starVLA/arx_x5/0_ckpt_name=hf_qwenpi_v3,action_type=joint/2026-09-07_18-01-39/episode_0000002_cam_right_wrist_fail.mp4	1760532	third_party/robodojo_official/eval_result
third_party/robodojo_official/eval_result/RoboDojo/stack_bowls/starVLA/arx_x5/0_ckpt_name=hf_qwenpi_v3,action_type=joint/2026-09-07_18-01-39/episode_0000003_cam_head_fail.mp4	1515618	third_party/robodojo_official/eval_result
third_party/robodojo_official/eval_result/RoboDojo/stack_bowls/starVLA/arx_x5/0_ckpt_name=hf_qwenpi_v3,action_type=joint/2026-09-07_18-01-39/episode_0000003_cam_left_wrist_fail.mp4	2252126	third_party/robodojo_official/eval_result
third_party/robodojo_official/eval_result/RoboDojo/stack_bowls/starVLA/arx_x5/0_ckpt_name=hf_qwenpi_v3,action_type=joint/2026-09-07_18-01-39/episode_0000003_cam_right_wrist_fail.mp4	2533730	third_party/robodojo_official/eval_result
third_party/robodojo_official/eval_result/RoboDojo/stack_bowls/starVLA/arx_x5/0_ckpt_name=hf_qwenpi_v3,action_type=joint/2026-09-07_18-01-39/episode_0000004_cam_head_fail.mp4	1423380	third_party/robodojo_official/eval_result
third_party/robodojo_official/eval_result/RoboDojo/stack_bowls/starVLA/arx_x5/0_ckpt_name=hf_qwenpi_v3,action_type=joint/2026-09-07_18-01-39/episode_0000004_cam_left_wrist_fail.mp4	2572197	third_party/robodojo_official/eval_result
third_party/robodojo_official/eval_result/RoboDojo/stack_bowls/starVLA/arx_x5/0_ckpt_name=hf_qwenpi_v3,action_type=joint/2026-09-07_18-01-39/episode_0000004_cam_right_wrist_fail.mp4	1755366	third_party/robodojo_official/eval_result
third_party/robodojo_official/eval_result/RoboDojo/stack_bowls/starVLA/arx_x5/0_ckpt_name=hf_qwenpi_v3,action_type=joint/2026-09-07_18-01-39/episode_0000005_cam_head_fail.mp4	1342792	third_party/robodojo_official/eval_result
third_party/robodojo_official/eval_result/RoboDojo/stack_bowls/starVLA/arx_x5/0_ckpt_name=hf_qwenpi_v3,action_type=joint/2026-09-07_18-01-39/episode_0000005_cam_left_wrist_fail.mp4	3124665	third_party/robodojo_official/eval_result
third_party/robodojo_official/eval_result/RoboDojo/stack_bowls/starVLA/arx_x5/0_ckpt_name=hf_qwenpi_v3,action_type=joint/2026-09-07_18-01-39/episode_0000005_cam_right_wrist_fail.mp4	1310752	third_party/robodojo_official/eval_result
third_party/robodojo_official/eval_result/RoboDojo/stack_bowls/starVLA/arx_x5/0_ckpt_name=hf_qwenpi_v3,action_type=joint/2026-09-07_18-01-39/episode_0000006_cam_head_fail.mp4	1417633	third_party/robodojo_official/eval_result
third_party/robodojo_official/eval_result/RoboDojo/stack_bowls/starVLA/arx_x5/0_ckpt_name=hf_qwenpi_v3,action_type=joint/2026-09-07_18-01-39/episode_0000006_cam_left_wrist_fail.mp4	4447425	third_party/robodojo_official/eval_result
third_party/robodojo_official/eval_result/RoboDojo/stack_bowls/starVLA/arx_x5/0_ckpt_name=hf_qwenpi_v3,action_type=joint/2026-09-07_18-01-39/episode_0000006_cam_right_wrist_fail.mp4	3267256	third_party/robodojo_official/eval_result
third_party/robodojo_official/eval_result/RoboDojo/stack_bowls/starVLA/arx_x5/0_ckpt_name=hf_qwenpi_v3,action_type=joint/2026-09-07_18-01-39/episode_0000007_cam_head_fail.mp4	1198139	third_party/robodojo_official/eval_result
third_party/robodojo_official/eval_result/RoboDojo/stack_bowls/starVLA/arx_x5/0_ckpt_name=hf_qwenpi_v3,action_type=joint/2026-09-07_18-01-39/episode_0000007_cam_left_wrist_fail.mp4	1776436	third_party/robodojo_official/eval_result
third_party/robodojo_official/eval_result/RoboDojo/stack_bowls/starVLA/arx_x5/0_ckpt_name=hf_qwenpi_v3,action_type=joint/2026-09-07_18-01-39/episode_0000007_cam_right_wrist_fail.mp4	2448418	third_party/robodojo_official/eval_result
third_party/robodojo_official/eval_result/RoboDojo/stack_bowls/starVLA/arx_x5/0_ckpt_name=hf_qwenpi_v3,action_type=joint/2026-09-07_18-01-39/episode_0000008_cam_head_success.mp4	1176904	third_party/robodojo_official/eval_result
third_party/robodojo_official/eval_result/RoboDojo/stack_bowls/starVLA/arx_x5/0_ckpt_name=hf_qwenpi_v3,action_type=joint/2026-09-07_18-01-39/episode_0000008_cam_left_wrist_success.mp4	5084530	third_party/robodojo_official/eval_result
third_party/robodojo_official/eval_result/RoboDojo/stack_bowls/starVLA/arx_x5/0_ckpt_name=hf_qwenpi_v3,action_type=joint/2026-09-07_18-01-39/episode_0000008_cam_right_wrist_success.mp4	3895654	third_party/robodojo_official/eval_result
third_party/robodojo_official/eval_result/RoboDojo/stack_bowls/starVLA/arx_x5/0_ckpt_name=hf_qwenpi_v3,action_type=joint/2026-09-07_18-01-39/episode_0000009_cam_head_fail.mp4	1525016	third_party/robodojo_official/eval_result
third_party/robodojo_official/eval_result/RoboDojo/stack_bowls/starVLA/arx_x5/0_ckpt_name=hf_qwenpi_v3,action_type=joint/2026-09-07_18-01-39/episode_0000009_cam_left_wrist_fail.mp4	2436889	third_party/robodojo_official/eval_result
third_party/robodojo_official/eval_result/RoboDojo/stack_bowls/starVLA/arx_x5/0_ckpt_name=hf_qwenpi_v3,action_type=joint/2026-09-07_18-01-39/episode_0000009_cam_right_wrist_fail.mp4	2706919	third_party/robodojo_official/eval_result
third_party/robodojo_official/eval_result/RoboDojo/stack_bowls/starVLA/arx_x5/0_ckpt_name=hf_qwenpi_v3,action_type=joint/2026-09-07_18-01-39/episode_0000010_cam_head_success.mp4	882124	third_party/robodojo_official/eval_result
third_party/robodojo_official/eval_result/RoboDojo/stack_bowls/starVLA/arx_x5/0_ckpt_name=hf_qwenpi_v3,action_type=joint/2026-09-07_18-01-39/episode_0000010_cam_left_wrist_success.mp4	4722181	third_party/robodojo_official/eval_result
third_party/robodojo_official/eval_result/RoboDojo/stack_bowls/starVLA/arx_x5/0_ckpt_name=hf_qwenpi_v3,action_type=joint/2026-09-07_18-01-39/episode_0000010_cam_right_wrist_success.mp4	2291214	third_party/robodojo_official/eval_result
third_party/robodojo_official/eval_result/RoboDojo/stack_bowls/starVLA/arx_x5/0_ckpt_name=hf_qwenpi_v3,action_type=joint/2026-09-07_18-01-39/episode_0000011_cam_head_success.mp4	765535	third_party/robodojo_official/eval_result
third_party/robodojo_official/eval_result/RoboDojo/stack_bowls/starVLA/arx_x5/0_ckpt_name=hf_qwenpi_v3,action_type=joint/2026-09-07_18-01-39/episode_0000011_cam_left_wrist_success.mp4	2750223	third_party/robodojo_official/eval_result
third_party/robodojo_official/eval_result/RoboDojo/stack_bowls/starVLA/arx_x5/0_ckpt_name=hf_qwenpi_v3,action_type=joint/2026-09-07_18-01-39/episode_0000011_cam_right_wrist_success.mp4	2764404	third_party/robodojo_official/eval_result
third_party/robodojo_official/eval_result/RoboDojo/stack_bowls/starVLA/arx_x5/0_ckpt_name=hf_qwenpi_v3,action_type=joint/2026-09-07_18-01-39/episode_0000012_cam_head_success.mp4	692987	third_party/robodojo_official/eval_result
third_party/robodojo_official/eval_result/RoboDojo/stack_bowls/starVLA/arx_x5/0_ckpt_name=hf_qwenpi_v3,action_type=joint/2026-09-07_18-01-39/episode_0000012_cam_left_wrist_success.mp4	2461664	third_party/robodojo_official/eval_result
third_party/robodojo_official/eval_result/RoboDojo/stack_bowls/starVLA/arx_x5/0_ckpt_name=hf_qwenpi_v3,action_type=joint/2026-09-07_18-01-39/episode_0000012_cam_right_wrist_success.mp4	2539646	third_party/robodojo_official/eval_result
third_party/robodojo_official/eval_result/RoboDojo/stack_bowls/starVLA/arx_x5/0_ckpt_name=hf_qwenpi_v3,action_type=joint/2026-09-07_18-01-39/episode_0000013_cam_head_fail.mp4	1188069	third_party/robodojo_official/eval_result
third_party/robodojo_official/eval_result/RoboDojo/stack_bowls/starVLA/arx_x5/0_ckpt_name=hf_qwenpi_v3,action_type=joint/2026-09-07_18-01-39/episode_0000013_cam_left_wrist_fail.mp4	1521341	third_party/robodojo_official/eval_result
third_party/robodojo_official/eval_result/RoboDojo/stack_bowls/starVLA/arx_x5/0_ckpt_name=hf_qwenpi_v3,action_type=joint/2026-09-07_18-01-39/episode_0000013_cam_right_wrist_fail.mp4	3721562	third_party/robodojo_official/eval_result
third_party/robodojo_official/eval_result/RoboDojo/stack_bowls/starVLA/arx_x5/0_ckpt_name=hf_qwenpi_v3,action_type=joint/2026-09-07_18-01-39/episode_0000014_cam_head_fail.mp4	1647396	third_party/robodojo_official/eval_result
third_party/robodojo_official/eval_result/RoboDojo/stack_bowls/starVLA/arx_x5/0_ckpt_name=hf_qwenpi_v3,action_type=joint/2026-09-07_18-01-39/episode_0000014_cam_left_wrist_fail.mp4	2870871	third_party/robodojo_official/eval_result
third_party/robodojo_official/eval_result/RoboDojo/stack_bowls/starVLA/arx_x5/0_ckpt_name=hf_qwenpi_v3,action_type=joint/2026-09-07_18-01-39/episode_0000014_cam_right_wrist_fail.mp4	2404334	third_party/robodojo_official/eval_result
third_party/robodojo_official/eval_result/RoboDojo/stack_bowls/starVLA/arx_x5/0_ckpt_name=hf_qwenpi_v3,action_type=joint/2026-09-07_18-01-39/episode_0000015_cam_head_fail.mp4	891613	third_party/robodojo_official/eval_result
third_party/robodojo_official/eval_result/RoboDojo/stack_bowls/starVLA/arx_x5/0_ckpt_name=hf_qwenpi_v3,action_type=joint/2026-09-07_18-01-39/episode_0000015_cam_left_wrist_fail.mp4	1368081	third_party/robodojo_official/eval_result
third_party/robodojo_official/eval_result/RoboDojo/stack_bowls/starVLA/arx_x5/0_ckpt_name=hf_qwenpi_v3,action_type=joint/2026-09-07_18-01-39/episode_0000015_cam_right_wrist_fail.mp4	2864096	third_party/robodojo_official/eval_result
third_party/robodojo_official/eval_result/RoboDojo/stack_bowls/starVLA/arx_x5/0_ckpt_name=hf_qwenpi_v3,action_type=joint/2026-09-07_18-01-39/episode_0000016_cam_head_fail.mp4	1144679	third_party/robodojo_official/eval_result
third_party/robodojo_official/eval_result/RoboDojo/stack_bowls/starVLA/arx_x5/0_ckpt_name=hf_qwenpi_v3,action_type=joint/2026-09-07_18-01-39/episode_0000016_cam_left_wrist_fail.mp4	1777627	third_party/robodojo_official/eval_result
third_party/robodojo_official/eval_result/RoboDojo/stack_bowls/starVLA/arx_x5/0_ckpt_name=hf_qwenpi_v3,action_type=joint/2026-09-07_18-01-39/episode_0000016_cam_right_wrist_fail.mp4	1700600	third_party/robodojo_official/eval_result
third_party/robodojo_official/eval_result/RoboDojo/stack_bowls/starVLA/arx_x5/0_ckpt_name=hf_qwenpi_v3,action_type=joint/2026-09-07_18-01-39/episode_0000017_cam_head_fail.mp4	828635	third_party/robodojo_official/eval_result
third_party/robodojo_official/eval_result/RoboDojo/stack_bowls/starVLA/arx_x5/0_ckpt_name=hf_qwenpi_v3,action_type=joint/2026-09-07_18-01-39/episode_0000017_cam_left_wrist_fail.mp4	1606329	third_party/robodojo_official/eval_result
third_party/robodojo_official/eval_result/RoboDojo/stack_bowls/starVLA/arx_x5/0_ckpt_name=hf_qwenpi_v3,action_type=joint/2026-09-07_18-01-39/episode_0000017_cam_right_wrist_fail.mp4	1497167	third_party/robodojo_official/eval_result
third_party/robodojo_official/eval_result/RoboDojo/stack_bowls/starVLA/arx_x5/0_ckpt_name=hf_qwenpi_v3,action_type=joint/2026-09-07_18-01-39/episode_0000018_cam_head_success.mp4	840097	third_party/robodojo_official/eval_result
third_party/robodojo_official/eval_result/RoboDojo/stack_bowls/starVLA/arx_x5/0_ckpt_name=hf_qwenpi_v3,action_type=joint/2026-09-07_18-01-39/episode_0000018_cam_left_wrist_success.mp4	1701604	third_party/robodojo_official/eval_result
third_party/robodojo_official/eval_result/RoboDojo/stack_bowls/starVLA/arx_x5/0_ckpt_name=hf_qwenpi_v3,action_type=joint/2026-09-07_18-01-39/episode_0000018_cam_right_wrist_success.mp4	1157318	third_party/robodojo_official/eval_result
third_party/robodojo_official/eval_result/RoboDojo/stack_bowls/starVLA/arx_x5/0_ckpt_name=hf_qwenpi_v3,action_type=joint/2026-09-07_18-01-39/episode_0000019_cam_head_fail.mp4	1075900	third_party/robodojo_official/eval_result
third_party/robodojo_official/eval_result/RoboDojo/stack_bowls/starVLA/arx_x5/0_ckpt_name=hf_qwenpi_v3,action_type=joint/2026-09-07_18-01-39/episode_0000019_cam_left_wrist_fail.mp4	1601315	third_party/robodojo_official/eval_result
third_party/robodojo_official/eval_result/RoboDojo/stack_bowls/starVLA/arx_x5/0_ckpt_name=hf_qwenpi_v3,action_type=joint/2026-09-07_18-01-39/episode_0000019_cam_right_wrist_fail.mp4	7779075	third_party/robodojo_official/eval_result
third_party/robodojo_official/eval_result/RoboDojo/stack_bowls/starVLA/arx_x5/0_ckpt_name=hf_qwenpi_v3,action_type=joint/2026-09-07_18-01-39/episode_0000020_cam_head_success.mp4	931110	third_party/robodojo_official/eval_result
third_party/robodojo_official/eval_result/RoboDojo/stack_bowls/starVLA/arx_x5/0_ckpt_name=hf_qwenpi_v3,action_type=joint/2026-09-07_18-01-39/episode_0000020_cam_left_wrist_success.mp4	1589580	third_party/robodojo_official/eval_result
third_party/robodojo_official/eval_result/RoboDojo/stack_bowls/starVLA/arx_x5/0_ckpt_name=hf_qwenpi_v3,action_type=joint/2026-09-07_18-01-39/episode_0000020_cam_right_wrist_success.mp4	1258445	third_party/robodojo_official/eval_result
third_party/robodojo_official/eval_result/RoboDojo/stack_bowls/starVLA/arx_x5/0_ckpt_name=hf_qwenpi_v3,action_type=joint/2026-09-07_18-01-39/episode_0000021_cam_head_success.mp4	748680	third_party/robodojo_official/eval_result
third_party/robodojo_official/eval_result/RoboDojo/stack_bowls/starVLA/arx_x5/0_ckpt_name=hf_qwenpi_v3,action_type=joint/2026-09-07_18-01-39/episode_0000021_cam_left_wrist_success.mp4	677766	third_party/robodojo_official/eval_result
third_party/robodojo_official/eval_result/RoboDojo/stack_bowls/starVLA/arx_x5/0_ckpt_name=hf_qwenpi_v3,action_type=joint/2026-09-07_18-01-39/episode_0000021_cam_right_wrist_success.mp4	1736138	third_party/robodojo_official/eval_result
third_party/robodojo_official/eval_result/RoboDojo/stack_bowls/starVLA/arx_x5/0_ckpt_name=hf_qwenpi_v3,action_type=joint/2026-09-07_18-01-39/episode_0000022_cam_head_success.mp4	709647	third_party/robodojo_official/eval_result
third_party/robodojo_official/eval_result/RoboDojo/stack_bowls/starVLA/arx_x5/0_ckpt_name=hf_qwenpi_v3,action_type=joint/2026-09-07_18-01-39/episode_0000022_cam_left_wrist_success.mp4	2043109	third_party/robodojo_official/eval_result
third_party/robodojo_official/eval_result/RoboDojo/stack_bowls/starVLA/arx_x5/0_ckpt_name=hf_qwenpi_v3,action_type=joint/2026-09-07_18-01-39/episode_0000022_cam_right_wrist_success.mp4	2223032	third_party/robodojo_official/eval_result
third_party/robodojo_official/eval_result/RoboDojo/stack_bowls/starVLA/arx_x5/0_ckpt_name=hf_qwenpi_v3,action_type=joint/2026-09-07_18-01-39/episode_0000023_cam_head_success.mp4	1107552	third_party/robodojo_official/eval_result
third_party/robodojo_official/eval_result/RoboDojo/stack_bowls/starVLA/arx_x5/0_ckpt_name=hf_qwenpi_v3,action_type=joint/2026-09-07_18-01-39/episode_0000023_cam_left_wrist_success.mp4	1707667	third_party/robodojo_official/eval_result
third_party/robodojo_official/eval_result/RoboDojo/stack_bowls/starVLA/arx_x5/0_ckpt_name=hf_qwenpi_v3,action_type=joint/2026-09-07_18-01-39/episode_0000023_cam_right_wrist_success.mp4	1811046	third_party/robodojo_official/eval_result
third_party/robodojo_official/eval_result/RoboDojo/stack_bowls/starVLA/arx_x5/0_ckpt_name=hf_qwenpi_v3,action_type=joint/2026-09-07_18-01-39/episode_0000024_cam_head_success.mp4	813511	third_party/robodojo_official/eval_result
third_party/robodojo_official/eval_result/RoboDojo/stack_bowls/starVLA/arx_x5/0_ckpt_name=hf_qwenpi_v3,action_type=joint/2026-09-07_18-01-39/episode_0000024_cam_left_wrist_success.mp4	2045167	third_party/robodojo_official/eval_result
third_party/robodojo_official/eval_result/RoboDojo/stack_bowls/starVLA/arx_x5/0_ckpt_name=hf_qwenpi_v3,action_type=joint/2026-09-07_18-01-39/episode_0000024_cam_right_wrist_success.mp4	3113232	third_party/robodojo_official/eval_result
third_party/robodojo_official/eval_result/RoboDojo/stack_bowls/starVLA/arx_x5/0_ckpt_name=hf_qwenpi_v3,action_type=joint/2026-09-07_19-37-09/episode_0000000_cam_head_success.mp4	721647	third_party/robodojo_official/eval_result
third_party/robodojo_official/eval_result/RoboDojo/stack_bowls/starVLA/arx_x5/0_ckpt_name=hf_qwenpi_v3,action_type=joint/2026-09-07_19-37-09/episode_0000000_cam_left_wrist_success.mp4	1170492	third_party/robodojo_official/eval_result
third_party/robodojo_official/eval_result/RoboDojo/stack_bowls/starVLA/arx_x5/0_ckpt_name=hf_qwenpi_v3,action_type=joint/2026-09-07_19-37-09/episode_0000000_cam_right_wrist_success.mp4	1135839	third_party/robodojo_official/eval_result
third_party/robodojo_official/eval_result/RoboDojo/stack_bowls/starVLA/arx_x5/0_ckpt_name=hf_qwenpi_v3,action_type=joint/2026-09-07_19-37-09/episode_0000001_cam_head_success.mp4	1231032	third_party/robodojo_official/eval_result
third_party/robodojo_official/eval_result/RoboDojo/stack_bowls/starVLA/arx_x5/0_ckpt_name=hf_qwenpi_v3,action_type=joint/2026-09-07_19-37-09/episode_0000001_cam_left_wrist_success.mp4	2076841	third_party/robodojo_official/eval_result
third_party/robodojo_official/eval_result/RoboDojo/stack_bowls/starVLA/arx_x5/0_ckpt_name=hf_qwenpi_v3,action_type=joint/2026-09-07_19-37-09/episode_0000001_cam_right_wrist_success.mp4	1751815	third_party/robodojo_official/eval_result
third_party/robodojo_official/eval_result/RoboDojo/stack_bowls/starVLA/arx_x5/0_ckpt_name=hf_qwenpi_v3,action_type=joint/2026-09-07_19-37-09/episode_0000002_cam_head_fail.mp4	1142482	third_party/robodojo_official/eval_result
third_party/robodojo_official/eval_result/RoboDojo/stack_bowls/starVLA/arx_x5/0_ckpt_name=hf_qwenpi_v3,action_type=joint/2026-09-07_19-37-09/episode_0000002_cam_left_wrist_fail.mp4	1750575	third_party/robodojo_official/eval_result
third_party/robodojo_official/eval_result/RoboDojo/stack_bowls/starVLA/arx_x5/0_ckpt_name=hf_qwenpi_v3,action_type=joint/2026-09-07_19-37-09/episode_0000002_cam_right_wrist_fail.mp4	1770857	third_party/robodojo_official/eval_result
third_party/robodojo_official/eval_result/RoboDojo/stack_bowls/starVLA/arx_x5/0_ckpt_name=hf_qwenpi_v3,action_type=joint/2026-09-07_19-37-09/episode_0000003_cam_head_fail.mp4	1318095	third_party/robodojo_official/eval_result
third_party/robodojo_official/eval_result/RoboDojo/stack_bowls/starVLA/arx_x5/0_ckpt_name=hf_qwenpi_v3,action_type=joint/2026-09-07_19-37-09/episode_0000003_cam_left_wrist_fail.mp4	2847695	third_party/robodojo_official/eval_result
third_party/robodojo_official/eval_result/RoboDojo/stack_bowls/starVLA/arx_x5/0_ckpt_name=hf_qwenpi_v3,action_type=joint/2026-09-07_19-37-09/episode_0000003_cam_right_wrist_fail.mp4	1790802	third_party/robodojo_official/eval_result
third_party/robodojo_official/eval_result/RoboDojo/stack_bowls/starVLA/arx_x5/0_ckpt_name=hf_qwenpi_v3,action_type=joint/2026-09-07_19-37-09/episode_0000004_cam_head_fail.mp4	1551066	third_party/robodojo_official/eval_result
third_party/robodojo_official/eval_result/RoboDojo/stack_bowls/starVLA/arx_x5/0_ckpt_name=hf_qwenpi_v3,action_type=joint/2026-09-07_19-37-09/episode_0000004_cam_left_wrist_fail.mp4	2336083	third_party/robodojo_official/eval_result
third_party/robodojo_official/eval_result/RoboDojo/stack_bowls/starVLA/arx_x5/0_ckpt_name=hf_qwenpi_v3,action_type=joint/2026-09-07_19-37-09/episode_0000004_cam_right_wrist_fail.mp4	2154850	third_party/robodojo_official/eval_result
third_party/robodojo_official/eval_result/RoboDojo/stack_bowls/starVLA/arx_x5/0_ckpt_name=hf_qwenpi_v3,action_type=joint/2026-09-07_19-37-09/episode_0000005_cam_head_fail.mp4	1380519	third_party/robodojo_official/eval_result
third_party/robodojo_official/eval_result/RoboDojo/stack_bowls/starVLA/arx_x5/0_ckpt_name=hf_qwenpi_v3,action_type=joint/2026-09-07_19-37-09/episode_0000005_cam_left_wrist_fail.mp4	3104773	third_party/robodojo_official/eval_result
third_party/robodojo_official/eval_result/RoboDojo/stack_bowls/starVLA/arx_x5/0_ckpt_name=hf_qwenpi_v3,action_type=joint/2026-09-07_19-37-09/episode_0000005_cam_right_wrist_fail.mp4	1349432	third_party/robodojo_official/eval_result
third_party/robodojo_official/eval_result/RoboDojo/stack_bowls/starVLA/arx_x5/0_ckpt_name=hf_qwenpi_v3,action_type=joint/2026-09-07_19-37-09/episode_0000006_cam_head_success.mp4	975949	third_party/robodojo_official/eval_result
third_party/robodojo_official/eval_result/RoboDojo/stack_bowls/starVLA/arx_x5/0_ckpt_name=hf_qwenpi_v3,action_type=joint/2026-09-07_19-37-09/episode_0000006_cam_left_wrist_success.mp4	3510185	third_party/robodojo_official/eval_result
third_party/robodojo_official/eval_result/RoboDojo/stack_bowls/starVLA/arx_x5/0_ckpt_name=hf_qwenpi_v3,action_type=joint/2026-09-07_19-37-09/episode_0000006_cam_right_wrist_success.mp4	2168343	third_party/robodojo_official/eval_result
third_party/robodojo_official/eval_result/RoboDojo/stack_bowls/starVLA/arx_x5/0_ckpt_name=hf_qwenpi_v3,action_type=joint/2026-09-07_19-37-09/episode_0000007_cam_head_fail.mp4	1075989	third_party/robodojo_official/eval_result
third_party/robodojo_official/eval_result/RoboDojo/stack_bowls/starVLA/arx_x5/0_ckpt_name=hf_qwenpi_v3,action_type=joint/2026-09-07_19-37-09/episode_0000007_cam_left_wrist_fail.mp4	1378227	third_party/robodojo_official/eval_result
third_party/robodojo_official/eval_result/RoboDojo/stack_bowls/starVLA/arx_x5/0_ckpt_name=hf_qwenpi_v3,action_type=joint/2026-09-07_19-37-09/episode_0000007_cam_right_wrist_fail.mp4	2748449	third_party/robodojo_official/eval_result
third_party/robodojo_official/eval_result/RoboDojo/stack_bowls/starVLA/arx_x5/0_ckpt_name=hf_qwenpi_v3,action_type=joint/2026-09-07_19-37-09/episode_0000008_cam_head_success.mp4	846616	third_party/robodojo_official/eval_result
third_party/robodojo_official/eval_result/RoboDojo/stack_bowls/starVLA/arx_x5/0_ckpt_name=hf_qwenpi_v3,action_type=joint/2026-09-07_19-37-09/episode_0000008_cam_left_wrist_success.mp4	2782305	third_party/robodojo_official/eval_result
third_party/robodojo_official/eval_result/RoboDojo/stack_bowls/starVLA/arx_x5/0_ckpt_name=hf_qwenpi_v3,action_type=joint/2026-09-07_19-37-09/episode_0000008_cam_right_wrist_success.mp4	3557194	third_party/robodojo_official/eval_result
third_party/robodojo_official/eval_result/RoboDojo/stack_bowls/starVLA/arx_x5/0_ckpt_name=hf_qwenpi_v3,action_type=joint/2026-09-07_19-37-09/episode_0000009_cam_head_fail.mp4	1341453	third_party/robodojo_official/eval_result
third_party/robodojo_official/eval_result/RoboDojo/stack_bowls/starVLA/arx_x5/0_ckpt_name=hf_qwenpi_v3,action_type=joint/2026-09-07_19-37-09/episode_0000009_cam_left_wrist_fail.mp4	2597210	third_party/robodojo_official/eval_result
third_party/robodojo_official/eval_result/RoboDojo/stack_bowls/starVLA/arx_x5/0_ckpt_name=hf_qwenpi_v3,action_type=joint/2026-09-07_19-37-09/episode_0000009_cam_right_wrist_fail.mp4	1847680	third_party/robodojo_official/eval_result
third_party/robodojo_official/eval_result/RoboDojo/stack_bowls/starVLA/arx_x5/0_ckpt_name=hf_qwenpi_v3,action_type=joint/2026-09-07_19-37-09/episode_0000010_cam_head_success.mp4	916326	third_party/robodojo_official/eval_result
third_party/robodojo_official/eval_result/RoboDojo/stack_bowls/starVLA/arx_x5/0_ckpt_name=hf_qwenpi_v3,action_type=joint/2026-09-07_19-37-09/episode_0000010_cam_left_wrist_success.mp4	5099960	third_party/robodojo_official/eval_result
third_party/robodojo_official/eval_result/RoboDojo/stack_bowls/starVLA/arx_x5/0_ckpt_name=hf_qwenpi_v3,action_type=joint/2026-09-07_19-37-09/episode_0000010_cam_right_wrist_success.mp4	2323762	third_party/robodojo_official/eval_result
third_party/robodojo_official/eval_result/RoboDojo/stack_bowls/starVLA/arx_x5/0_ckpt_name=hf_qwenpi_v3,action_type=joint/2026-09-07_19-37-09/episode_0000011_cam_head_fail.mp4	1248300	third_party/robodojo_official/eval_result
third_party/robodojo_official/eval_result/RoboDojo/stack_bowls/starVLA/arx_x5/0_ckpt_name=hf_qwenpi_v3,action_type=joint/2026-09-07_19-37-09/episode_0000011_cam_left_wrist_fail.mp4	3315845	third_party/robodojo_official/eval_result
third_party/robodojo_official/eval_result/RoboDojo/stack_bowls/starVLA/arx_x5/0_ckpt_name=hf_qwenpi_v3,action_type=joint/2026-09-07_19-37-09/episode_0000011_cam_right_wrist_fail.mp4	3515313	third_party/robodojo_official/eval_result
third_party/robodojo_official/eval_result/RoboDojo/stack_bowls/starVLA/arx_x5/0_ckpt_name=hf_qwenpi_v3,action_type=joint/2026-09-07_19-37-09/episode_0000012_cam_head_success.mp4	696980	third_party/robodojo_official/eval_result
third_party/robodojo_official/eval_result/RoboDojo/stack_bowls/starVLA/arx_x5/0_ckpt_name=hf_qwenpi_v3,action_type=joint/2026-09-07_19-37-09/episode_0000012_cam_left_wrist_success.mp4	2469308	third_party/robodojo_official/eval_result
third_party/robodojo_official/eval_result/RoboDojo/stack_bowls/starVLA/arx_x5/0_ckpt_name=hf_qwenpi_v3,action_type=joint/2026-09-07_19-37-09/episode_0000012_cam_right_wrist_success.mp4	2555261	third_party/robodojo_official/eval_result
third_party/robodojo_official/eval_result/RoboDojo/stack_bowls/starVLA/arx_x5/0_ckpt_name=hf_qwenpi_v3,action_type=joint/2026-09-07_19-37-09/episode_0000013_cam_head_fail.mp4	1080738	third_party/robodojo_official/eval_result
third_party/robodojo_official/eval_result/RoboDojo/stack_bowls/starVLA/arx_x5/0_ckpt_name=hf_qwenpi_v3,action_type=joint/2026-09-07_19-37-09/episode_0000013_cam_left_wrist_fail.mp4	1556168	third_party/robodojo_official/eval_result
third_party/robodojo_official/eval_result/RoboDojo/stack_bowls/starVLA/arx_x5/0_ckpt_name=hf_qwenpi_v3,action_type=joint/2026-09-07_19-37-09/episode_0000013_cam_right_wrist_fail.mp4	3139669	third_party/robodojo_official/eval_result
third_party/robodojo_official/eval_result/RoboDojo/stack_bowls/starVLA/arx_x5/0_ckpt_name=hf_qwenpi_v3,action_type=joint/2026-09-07_19-37-09/episode_0000014_cam_head_fail.mp4	1493791	third_party/robodojo_official/eval_result
third_party/robodojo_official/eval_result/RoboDojo/stack_bowls/starVLA/arx_x5/0_ckpt_name=hf_qwenpi_v3,action_type=joint/2026-09-07_19-37-09/episode_0000014_cam_left_wrist_fail.mp4	2404974	third_party/robodojo_official/eval_result
third_party/robodojo_official/eval_result/RoboDojo/stack_bowls/starVLA/arx_x5/0_ckpt_name=hf_qwenpi_v3,action_type=joint/2026-09-07_19-37-09/episode_0000014_cam_right_wrist_fail.mp4	2782796	third_party/robodojo_official/eval_result
third_party/robodojo_official/eval_result/RoboDojo/stack_bowls/starVLA/arx_x5/0_ckpt_name=hf_qwenpi_v3,action_type=joint/2026-09-07_19-37-09/episode_0000015_cam_head_fail.mp4	989417	third_party/robodojo_official/eval_result
third_party/robodojo_official/eval_result/RoboDojo/stack_bowls/starVLA/arx_x5/0_ckpt_name=hf_qwenpi_v3,action_type=joint/2026-09-07_19-37-09/episode_0000015_cam_left_wrist_fail.mp4	1379640	third_party/robodojo_official/eval_result
third_party/robodojo_official/eval_result/RoboDojo/stack_bowls/starVLA/arx_x5/0_ckpt_name=hf_qwenpi_v3,action_type=joint/2026-09-07_19-37-09/episode_0000015_cam_right_wrist_fail.mp4	2931961	third_party/robodojo_official/eval_result
third_party/robodojo_official/eval_result/RoboDojo/stack_bowls/starVLA/arx_x5/0_ckpt_name=hf_qwenpi_v3,action_type=joint/2026-09-07_19-37-09/episode_0000016_cam_head_fail.mp4	1410194	third_party/robodojo_official/eval_result
third_party/robodojo_official/eval_result/RoboDojo/stack_bowls/starVLA/arx_x5/0_ckpt_name=hf_qwenpi_v3,action_type=joint/2026-09-07_19-37-09/episode_0000016_cam_left_wrist_fail.mp4	2570897	third_party/robodojo_official/eval_result
third_party/robodojo_official/eval_result/RoboDojo/stack_bowls/starVLA/arx_x5/0_ckpt_name=hf_qwenpi_v3,action_type=joint/2026-09-07_19-37-09/episode_0000016_cam_right_wrist_fail.mp4	1793027	third_party/robodojo_official/eval_result
third_party/robodojo_official/eval_result/RoboDojo/stack_bowls/starVLA/arx_x5/0_ckpt_name=hf_qwenpi_v3,action_type=joint/2026-09-07_19-37-09/episode_0000017_cam_head_fail.mp4	850876	third_party/robodojo_official/eval_result
third_party/robodojo_official/eval_result/RoboDojo/stack_bowls/starVLA/arx_x5/0_ckpt_name=hf_qwenpi_v3,action_type=joint/2026-09-07_19-37-09/episode_0000017_cam_left_wrist_fail.mp4	1694351	third_party/robodojo_official/eval_result
third_party/robodojo_official/eval_result/RoboDojo/stack_bowls/starVLA/arx_x5/0_ckpt_name=hf_qwenpi_v3,action_type=joint/2026-09-07_19-37-09/episode_0000017_cam_right_wrist_fail.mp4	1520551	third_party/robodojo_official/eval_result
third_party/robodojo_official/eval_result/RoboDojo/stack_bowls/starVLA/arx_x5/0_ckpt_name=hf_qwenpi_v3,action_type=joint/2026-09-07_19-37-09/episode_0000018_cam_head_success.mp4	880348	third_party/robodojo_official/eval_result
third_party/robodojo_official/eval_result/RoboDojo/stack_bowls/starVLA/arx_x5/0_ckpt_name=hf_qwenpi_v3,action_type=joint/2026-09-07_19-37-09/episode_0000018_cam_left_wrist_success.mp4	1777908	third_party/robodojo_official/eval_result
third_party/robodojo_official/eval_result/RoboDojo/stack_bowls/starVLA/arx_x5/0_ckpt_name=hf_qwenpi_v3,action_type=joint/2026-09-07_19-37-09/episode_0000018_cam_right_wrist_success.mp4	1192753	third_party/robodojo_official/eval_result
third_party/robodojo_official/eval_result/RoboDojo/stack_bowls/starVLA/arx_x5/0_ckpt_name=hf_qwenpi_v3,action_type=joint/2026-09-07_19-37-09/episode_0000019_cam_head_fail.mp4	933103	third_party/robodojo_official/eval_result
third_party/robodojo_official/eval_result/RoboDojo/stack_bowls/starVLA/arx_x5/0_ckpt_name=hf_qwenpi_v3,action_type=joint/2026-09-07_19-37-09/episode_0000019_cam_left_wrist_fail.mp4	1609460	third_party/robodojo_official/eval_result
third_party/robodojo_official/eval_result/RoboDojo/stack_bowls/starVLA/arx_x5/0_ckpt_name=hf_qwenpi_v3,action_type=joint/2026-09-07_19-37-09/episode_0000019_cam_right_wrist_fail.mp4	5265644	third_party/robodojo_official/eval_result
third_party/robodojo_official/eval_result/RoboDojo/stack_bowls/starVLA/arx_x5/0_ckpt_name=hf_qwenpi_v3,action_type=joint/2026-09-07_19-37-09/episode_0000020_cam_head_fail.mp4	1524286	third_party/robodojo_official/eval_result
third_party/robodojo_official/eval_result/RoboDojo/stack_bowls/starVLA/arx_x5/0_ckpt_name=hf_qwenpi_v3,action_type=joint/2026-09-07_19-37-09/episode_0000020_cam_left_wrist_fail.mp4	2218821	third_party/robodojo_official/eval_result
third_party/robodojo_official/eval_result/RoboDojo/stack_bowls/starVLA/arx_x5/0_ckpt_name=hf_qwenpi_v3,action_type=joint/2026-09-07_19-37-09/episode_0000020_cam_right_wrist_fail.mp4	2449798	third_party/robodojo_official/eval_result
third_party/robodojo_official/eval_result/RoboDojo/stack_bowls/starVLA/arx_x5/0_ckpt_name=hf_qwenpi_v3,action_type=joint/2026-09-07_19-37-09/episode_0000021_cam_head_success.mp4	722185	third_party/robodojo_official/eval_result
third_party/robodojo_official/eval_result/RoboDojo/stack_bowls/starVLA/arx_x5/0_ckpt_name=hf_qwenpi_v3,action_type=joint/2026-09-07_19-37-09/episode_0000021_cam_left_wrist_success.mp4	671752	third_party/robodojo_official/eval_result
third_party/robodojo_official/eval_result/RoboDojo/stack_bowls/starVLA/arx_x5/0_ckpt_name=hf_qwenpi_v3,action_type=joint/2026-09-07_19-37-09/episode_0000021_cam_right_wrist_success.mp4	1646827	third_party/robodojo_official/eval_result
third_party/robodojo_official/eval_result/RoboDojo/stack_bowls/starVLA/arx_x5/0_ckpt_name=hf_qwenpi_v3,action_type=joint/2026-09-07_19-37-09/episode_0000022_cam_head_success.mp4	699509	third_party/robodojo_official/eval_result
third_party/robodojo_official/eval_result/RoboDojo/stack_bowls/starVLA/arx_x5/0_ckpt_name=hf_qwenpi_v3,action_type=joint/2026-09-07_19-37-09/episode_0000022_cam_left_wrist_success.mp4	2124695	third_party/robodojo_official/eval_result
third_party/robodojo_official/eval_result/RoboDojo/stack_bowls/starVLA/arx_x5/0_ckpt_name=hf_qwenpi_v3,action_type=joint/2026-09-07_19-37-09/episode_0000022_cam_right_wrist_success.mp4	2221662	third_party/robodojo_official/eval_result
third_party/robodojo_official/eval_result/RoboDojo/stack_bowls/starVLA/arx_x5/0_ckpt_name=hf_qwenpi_v3,action_type=joint/2026-09-07_19-37-09/episode_0000023_cam_head_fail.mp4	1465021	third_party/robodojo_official/eval_result
third_party/robodojo_official/eval_result/RoboDojo/stack_bowls/starVLA/arx_x5/0_ckpt_name=hf_qwenpi_v3,action_type=joint/2026-09-07_19-37-09/episode_0000023_cam_left_wrist_fail.mp4	2269999	third_party/robodojo_official/eval_result
third_party/robodojo_official/eval_result/RoboDojo/stack_bowls/starVLA/arx_x5/0_ckpt_name=hf_qwenpi_v3,action_type=joint/2026-09-07_19-37-09/episode_0000023_cam_right_wrist_fail.mp4	2192745	third_party/robodojo_official/eval_result
third_party/robodojo_official/eval_result/RoboDojo/stack_bowls/starVLA/arx_x5/0_ckpt_name=hf_qwenpi_v3,action_type=joint/2026-09-07_19-37-09/episode_0000024_cam_head_success.mp4	818514	third_party/robodojo_official/eval_result
third_party/robodojo_official/eval_result/RoboDojo/stack_bowls/starVLA/arx_x5/0_ckpt_name=hf_qwenpi_v3,action_type=joint/2026-09-07_19-37-09/episode_0000024_cam_left_wrist_success.mp4	2073273	third_party/robodojo_official/eval_result
third_party/robodojo_official/eval_result/RoboDojo/stack_bowls/starVLA/arx_x5/0_ckpt_name=hf_qwenpi_v3,action_type=joint/2026-09-07_19-37-09/episode_0000024_cam_right_wrist_success.mp4	3186166	third_party/robodojo_official/eval_result
third_party/robodojo_official/eval_result/RoboDojo/stack_bowls/starVLA/arx_x5/0_ckpt_name=hf_qwenpi_v3,action_type=joint/2026-09-07_21-13-23/episode_0000000_cam_head_success.mp4	708652	third_party/robodojo_official/eval_result
third_party/robodojo_official/eval_result/RoboDojo/stack_bowls/starVLA/arx_x5/0_ckpt_name=hf_qwenpi_v3,action_type=joint/2026-09-07_21-13-23/episode_0000000_cam_left_wrist_success.mp4	1131923	third_party/robodojo_official/eval_result
third_party/robodojo_official/eval_result/RoboDojo/stack_bowls/starVLA/arx_x5/0_ckpt_name=hf_qwenpi_v3,action_type=joint/2026-09-07_21-13-23/episode_0000000_cam_right_wrist_success.mp4	1106731	third_party/robodojo_official/eval_result
third_party/robodojo_official/eval_result/RoboDojo/stack_bowls/starVLA/arx_x5/0_ckpt_name=hf_qwenpi_v3,action_type=joint/2026-09-07_21-13-23/episode_0000001_cam_head_fail.mp4	1522541	third_party/robodojo_official/eval_result
third_party/robodojo_official/eval_result/RoboDojo/stack_bowls/starVLA/arx_x5/0_ckpt_name=hf_qwenpi_v3,action_type=joint/2026-09-07_21-13-23/episode_0000001_cam_left_wrist_fail.mp4	2046538	third_party/robodojo_official/eval_result
third_party/robodojo_official/eval_result/RoboDojo/stack_bowls/starVLA/arx_x5/0_ckpt_name=hf_qwenpi_v3,action_type=joint/2026-09-07_21-13-23/episode_0000001_cam_right_wrist_fail.mp4	2683364	third_party/robodojo_official/eval_result
third_party/robodojo_official/eval_result/RoboDojo/stack_bowls/starVLA/arx_x5/0_ckpt_name=hf_qwenpi_v3,action_type=joint/2026-09-07_21-13-23/episode_0000002_cam_head_fail.mp4	1121591	third_party/robodojo_official/eval_result
third_party/robodojo_official/eval_result/RoboDojo/stack_bowls/starVLA/arx_x5/0_ckpt_name=hf_qwenpi_v3,action_type=joint/2026-09-07_21-13-23/episode_0000002_cam_left_wrist_fail.mp4	1709508	third_party/robodojo_official/eval_result
third_party/robodojo_official/eval_result/RoboDojo/stack_bowls/starVLA/arx_x5/0_ckpt_name=hf_qwenpi_v3,action_type=joint/2026-09-07_21-13-23/episode_0000002_cam_right_wrist_fail.mp4	1744796	third_party/robodojo_official/eval_result
third_party/robodojo_official/eval_result/RoboDojo/stack_bowls/starVLA/arx_x5/0_ckpt_name=hf_qwenpi_v3,action_type=joint/2026-09-07_21-13-23/episode_0000003_cam_head_fail.mp4	1330454	third_party/robodojo_official/eval_result
third_party/robodojo_official/eval_result/RoboDojo/stack_bowls/starVLA/arx_x5/0_ckpt_name=hf_qwenpi_v3,action_type=joint/2026-09-07_21-13-23/episode_0000003_cam_left_wrist_fail.mp4	2609124	third_party/robodojo_official/eval_result
third_party/robodojo_official/eval_result/RoboDojo/stack_bowls/starVLA/arx_x5/0_ckpt_name=hf_qwenpi_v3,action_type=joint/2026-09-07_21-13-23/episode_0000003_cam_right_wrist_fail.mp4	1758491	third_party/robodojo_official/eval_result
third_party/robodojo_official/eval_result/RoboDojo/stack_bowls/starVLA/arx_x5/0_ckpt_name=hf_qwenpi_v3,action_type=joint/2026-09-07_21-13-23/episode_0000004_cam_head_fail.mp4	1144481	third_party/robodojo_official/eval_result
third_party/robodojo_official/eval_result/RoboDojo/stack_bowls/starVLA/arx_x5/0_ckpt_name=hf_qwenpi_v3,action_type=joint/2026-09-07_21-13-23/episode_0000004_cam_left_wrist_fail.mp4	2507269	third_party/robodojo_official/eval_result
third_party/robodojo_official/eval_result/RoboDojo/stack_bowls/starVLA/arx_x5/0_ckpt_name=hf_qwenpi_v3,action_type=joint/2026-09-07_21-13-23/episode_0000004_cam_right_wrist_fail.mp4	1756618	third_party/robodojo_official/eval_result
third_party/robodojo_official/eval_result/RoboDojo/stack_bowls/starVLA/arx_x5/0_ckpt_name=hf_qwenpi_v3,action_type=joint/2026-09-07_21-13-23/episode_0000005_cam_head_fail.mp4	1337334	third_party/robodojo_official/eval_result
third_party/robodojo_official/eval_result/RoboDojo/stack_bowls/starVLA/arx_x5/0_ckpt_name=hf_qwenpi_v3,action_type=joint/2026-09-07_21-13-23/episode_0000005_cam_left_wrist_fail.mp4	2978694	third_party/robodojo_official/eval_result
third_party/robodojo_official/eval_result/RoboDojo/stack_bowls/starVLA/arx_x5/0_ckpt_name=hf_qwenpi_v3,action_type=joint/2026-09-07_21-13-23/episode_0000005_cam_right_wrist_fail.mp4	1311756	third_party/robodojo_official/eval_result
third_party/robodojo_official/eval_result/RoboDojo/stack_bowls/starVLA/arx_x5/0_ckpt_name=hf_qwenpi_v3,action_type=joint/2026-09-07_21-13-23/episode_0000006_cam_head_success.mp4	986832	third_party/robodojo_official/eval_result
third_party/robodojo_official/eval_result/RoboDojo/stack_bowls/starVLA/arx_x5/0_ckpt_name=hf_qwenpi_v3,action_type=joint/2026-09-07_21-13-23/episode_0000006_cam_left_wrist_success.mp4	3433105	third_party/robodojo_official/eval_result
third_party/robodojo_official/eval_result/RoboDojo/stack_bowls/starVLA/arx_x5/0_ckpt_name=hf_qwenpi_v3,action_type=joint/2026-09-07_21-13-23/episode_0000006_cam_right_wrist_success.mp4	2211326	third_party/robodojo_official/eval_result
third_party/robodojo_official/eval_result/RoboDojo/stack_bowls/starVLA/arx_x5/0_ckpt_name=hf_qwenpi_v3,action_type=joint/2026-09-07_21-13-23/episode_0000007_cam_head_fail.mp4	1302037	third_party/robodojo_official/eval_result
third_party/robodojo_official/eval_result/RoboDojo/stack_bowls/starVLA/arx_x5/0_ckpt_name=hf_qwenpi_v3,action_type=joint/2026-09-07_21-13-23/episode_0000007_cam_left_wrist_fail.mp4	1796338	third_party/robodojo_official/eval_result
third_party/robodojo_official/eval_result/RoboDojo/stack_bowls/starVLA/arx_x5/0_ckpt_name=hf_qwenpi_v3,action_type=joint/2026-09-07_21-13-23/episode_0000007_cam_right_wrist_fail.mp4	2738488	third_party/robodojo_official/eval_result
third_party/robodojo_official/eval_result/RoboDojo/stack_bowls/starVLA/arx_x5/0_ckpt_name=hf_qwenpi_v3,action_type=joint/2026-09-07_21-13-23/episode_0000008_cam_head_success.mp4	864145	third_party/robodojo_official/eval_result
third_party/robodojo_official/eval_result/RoboDojo/stack_bowls/starVLA/arx_x5/0_ckpt_name=hf_qwenpi_v3,action_type=joint/2026-09-07_21-13-23/episode_0000008_cam_left_wrist_success.mp4	2828674	third_party/robodojo_official/eval_result
third_party/robodojo_official/eval_result/RoboDojo/stack_bowls/starVLA/arx_x5/0_ckpt_name=hf_qwenpi_v3,action_type=joint/2026-09-07_21-13-23/episode_0000008_cam_right_wrist_success.mp4	3572640	third_party/robodojo_official/eval_result
third_party/robodojo_official/eval_result/RoboDojo/stack_bowls/starVLA/arx_x5/0_ckpt_name=hf_qwenpi_v3,action_type=joint/2026-09-07_21-13-23/episode_0000009_cam_head_fail.mp4	1567227	third_party/robodojo_official/eval_result
third_party/robodojo_official/eval_result/RoboDojo/stack_bowls/starVLA/arx_x5/0_ckpt_name=hf_qwenpi_v3,action_type=joint/2026-09-07_21-13-23/episode_0000009_cam_left_wrist_fail.mp4	2430110	third_party/robodojo_official/eval_result
third_party/robodojo_official/eval_result/RoboDojo/stack_bowls/starVLA/arx_x5/0_ckpt_name=hf_qwenpi_v3,action_type=joint/2026-09-07_21-13-23/episode_0000009_cam_right_wrist_fail.mp4	2544706	third_party/robodojo_official/eval_result
third_party/robodojo_official/eval_result/RoboDojo/stack_bowls/starVLA/arx_x5/0_ckpt_name=hf_qwenpi_v3,action_type=joint/2026-09-07_21-13-23/episode_0000010_cam_head_success.mp4	890808	third_party/robodojo_official/eval_result
third_party/robodojo_official/eval_result/RoboDojo/stack_bowls/starVLA/arx_x5/0_ckpt_name=hf_qwenpi_v3,action_type=joint/2026-09-07_21-13-23/episode_0000010_cam_left_wrist_success.mp4	4750447	third_party/robodojo_official/eval_result
third_party/robodojo_official/eval_result/RoboDojo/stack_bowls/starVLA/arx_x5/0_ckpt_name=hf_qwenpi_v3,action_type=joint/2026-09-07_21-13-23/episode_0000010_cam_right_wrist_success.mp4	2385393	third_party/robodojo_official/eval_result
third_party/robodojo_official/eval_result/RoboDojo/stack_bowls/starVLA/arx_x5/0_ckpt_name=hf_qwenpi_v3,action_type=joint/2026-09-07_21-13-23/episode_0000011_cam_head_fail.mp4	1311711	third_party/robodojo_official/eval_result
third_party/robodojo_official/eval_result/RoboDojo/stack_bowls/starVLA/arx_x5/0_ckpt_name=hf_qwenpi_v3,action_type=joint/2026-09-07_21-13-23/episode_0000011_cam_left_wrist_fail.mp4	3712590	third_party/robodojo_official/eval_result
third_party/robodojo_official/eval_result/RoboDojo/stack_bowls/starVLA/arx_x5/0_ckpt_name=hf_qwenpi_v3,action_type=joint/2026-09-07_21-13-23/episode_0000011_cam_right_wrist_fail.mp4	3472133	third_party/robodojo_official/eval_result
third_party/robodojo_official/eval_result/RoboDojo/stack_bowls/starVLA/arx_x5/0_ckpt_name=hf_qwenpi_v3,action_type=joint/2026-09-07_21-13-23/episode_0000012_cam_head_success.mp4	688639	third_party/robodojo_official/eval_result
third_party/robodojo_official/eval_result/RoboDojo/stack_bowls/starVLA/arx_x5/0_ckpt_name=hf_qwenpi_v3,action_type=joint/2026-09-07_21-13-23/episode_0000012_cam_left_wrist_success.mp4	2433422	third_party/robodojo_official/eval_result
third_party/robodojo_official/eval_result/RoboDojo/stack_bowls/starVLA/arx_x5/0_ckpt_name=hf_qwenpi_v3,action_type=joint/2026-09-07_21-13-23/episode_0000012_cam_right_wrist_success.mp4	2454564	third_party/robodojo_official/eval_result
third_party/robodojo_official/eval_result/RoboDojo/stack_bowls/starVLA/arx_x5/0_ckpt_name=hf_qwenpi_v3,action_type=joint/2026-09-07_21-13-23/episode_0000013_cam_head_fail.mp4	1006964	third_party/robodojo_official/eval_result
third_party/robodojo_official/eval_result/RoboDojo/stack_bowls/starVLA/arx_x5/0_ckpt_name=hf_qwenpi_v3,action_type=joint/2026-09-07_21-13-23/episode_0000013_cam_left_wrist_fail.mp4	1527717	third_party/robodojo_official/eval_result
third_party/robodojo_official/eval_result/RoboDojo/stack_bowls/starVLA/arx_x5/0_ckpt_name=hf_qwenpi_v3,action_type=joint/2026-09-07_21-13-23/episode_0000013_cam_right_wrist_fail.mp4	2879624	third_party/robodojo_official/eval_result
third_party/robodojo_official/eval_result/RoboDojo/stack_bowls/starVLA/arx_x5/0_ckpt_name=hf_qwenpi_v3,action_type=joint/2026-09-07_21-13-23/episode_0000014_cam_head_fail.mp4	1642508	third_party/robodojo_official/eval_result
third_party/robodojo_official/eval_result/RoboDojo/stack_bowls/starVLA/arx_x5/0_ckpt_name=hf_qwenpi_v3,action_type=joint/2026-09-07_21-13-23/episode_0000014_cam_left_wrist_fail.mp4	2867291	third_party/robodojo_official/eval_result
third_party/robodojo_official/eval_result/RoboDojo/stack_bowls/starVLA/arx_x5/0_ckpt_name=hf_qwenpi_v3,action_type=joint/2026-09-07_21-13-23/episode_0000014_cam_right_wrist_fail.mp4	2468835	third_party/robodojo_official/eval_result
third_party/robodojo_official/eval_result/RoboDojo/stack_bowls/starVLA/arx_x5/0_ckpt_name=hf_qwenpi_v3,action_type=joint/2026-09-07_21-13-23/episode_0000015_cam_head_fail.mp4	1162677	third_party/robodojo_official/eval_result
third_party/robodojo_official/eval_result/RoboDojo/stack_bowls/starVLA/arx_x5/0_ckpt_name=hf_qwenpi_v3,action_type=joint/2026-09-07_21-13-23/episode_0000015_cam_left_wrist_fail.mp4	1339198	third_party/robodojo_official/eval_result
third_party/robodojo_official/eval_result/RoboDojo/stack_bowls/starVLA/arx_x5/0_ckpt_name=hf_qwenpi_v3,action_type=joint/2026-09-07_21-13-23/episode_0000015_cam_right_wrist_fail.mp4	2955684	third_party/robodojo_official/eval_result
third_party/robodojo_official/eval_result/RoboDojo/stack_bowls/starVLA/arx_x5/0_ckpt_name=hf_qwenpi_v3,action_type=joint/2026-09-07_21-13-23/episode_0000016_cam_head_fail.mp4	1549949	third_party/robodojo_official/eval_result
third_party/robodojo_official/eval_result/RoboDojo/stack_bowls/starVLA/arx_x5/0_ckpt_name=hf_qwenpi_v3,action_type=joint/2026-09-07_21-13-23/episode_0000016_cam_left_wrist_fail.mp4	2107190	third_party/robodojo_official/eval_result
third_party/robodojo_official/eval_result/RoboDojo/stack_bowls/starVLA/arx_x5/0_ckpt_name=hf_qwenpi_v3,action_type=joint/2026-09-07_21-13-23/episode_0000016_cam_right_wrist_fail.mp4	2650623	third_party/robodojo_official/eval_result
third_party/robodojo_official/eval_result/RoboDojo/stack_bowls/starVLA/arx_x5/0_ckpt_name=hf_qwenpi_v3,action_type=joint/2026-09-07_21-13-23/episode_0000017_cam_head_fail.mp4	831197	third_party/robodojo_official/eval_result
third_party/robodojo_official/eval_result/RoboDojo/stack_bowls/starVLA/arx_x5/0_ckpt_name=hf_qwenpi_v3,action_type=joint/2026-09-07_21-13-23/episode_0000017_cam_left_wrist_fail.mp4	1608696	third_party/robodojo_official/eval_result
third_party/robodojo_official/eval_result/RoboDojo/stack_bowls/starVLA/arx_x5/0_ckpt_name=hf_qwenpi_v3,action_type=joint/2026-09-07_21-13-23/episode_0000017_cam_right_wrist_fail.mp4	1514351	third_party/robodojo_official/eval_result
third_party/robodojo_official/eval_result/RoboDojo/stack_bowls/starVLA/arx_x5/0_ckpt_name=hf_qwenpi_v3,action_type=joint/2026-09-07_21-13-23/episode_0000018_cam_head_success.mp4	849447	third_party/robodojo_official/eval_result
third_party/robodojo_official/eval_result/RoboDojo/stack_bowls/starVLA/arx_x5/0_ckpt_name=hf_qwenpi_v3,action_type=joint/2026-09-07_21-13-23/episode_0000018_cam_left_wrist_success.mp4	1669538	third_party/robodojo_official/eval_result
third_party/robodojo_official/eval_result/RoboDojo/stack_bowls/starVLA/arx_x5/0_ckpt_name=hf_qwenpi_v3,action_type=joint/2026-09-07_21-13-23/episode_0000018_cam_right_wrist_success.mp4	1154290	third_party/robodojo_official/eval_result
third_party/robodojo_official/eval_result/RoboDojo/stack_bowls/starVLA/arx_x5/0_ckpt_name=hf_qwenpi_v3,action_type=joint/2026-09-07_21-13-23/episode_0000019_cam_head_fail.mp4	1079290	third_party/robodojo_official/eval_result
third_party/robodojo_official/eval_result/RoboDojo/stack_bowls/starVLA/arx_x5/0_ckpt_name=hf_qwenpi_v3,action_type=joint/2026-09-07_21-13-23/episode_0000019_cam_left_wrist_fail.mp4	1617502	third_party/robodojo_official/eval_result
third_party/robodojo_official/eval_result/RoboDojo/stack_bowls/starVLA/arx_x5/0_ckpt_name=hf_qwenpi_v3,action_type=joint/2026-09-07_21-13-23/episode_0000019_cam_right_wrist_fail.mp4	8222403	third_party/robodojo_official/eval_result
third_party/robodojo_official/eval_result/RoboDojo/stack_bowls/starVLA/arx_x5/0_ckpt_name=hf_qwenpi_v3,action_type=joint/2026-09-07_21-13-23/episode_0000020_cam_head_fail.mp4	1227907	third_party/robodojo_official/eval_result
third_party/robodojo_official/eval_result/RoboDojo/stack_bowls/starVLA/arx_x5/0_ckpt_name=hf_qwenpi_v3,action_type=joint/2026-09-07_21-13-23/episode_0000020_cam_left_wrist_fail.mp4	1898646	third_party/robodojo_official/eval_result
third_party/robodojo_official/eval_result/RoboDojo/stack_bowls/starVLA/arx_x5/0_ckpt_name=hf_qwenpi_v3,action_type=joint/2026-09-07_21-13-23/episode_0000020_cam_right_wrist_fail.mp4	1841106	third_party/robodojo_official/eval_result
third_party/robodojo_official/eval_result/RoboDojo/stack_bowls/starVLA/arx_x5/0_ckpt_name=hf_qwenpi_v3,action_type=joint/2026-09-07_21-13-23/episode_0000021_cam_head_success.mp4	718775	third_party/robodojo_official/eval_result
third_party/robodojo_official/eval_result/RoboDojo/stack_bowls/starVLA/arx_x5/0_ckpt_name=hf_qwenpi_v3,action_type=joint/2026-09-07_21-13-23/episode_0000021_cam_left_wrist_success.mp4	661082	third_party/robodojo_official/eval_result
third_party/robodojo_official/eval_result/RoboDojo/stack_bowls/starVLA/arx_x5/0_ckpt_name=hf_qwenpi_v3,action_type=joint/2026-09-07_21-13-23/episode_0000021_cam_right_wrist_success.mp4	1647458	third_party/robodojo_official/eval_result
third_party/robodojo_official/eval_result/RoboDojo/stack_bowls/starVLA/arx_x5/0_ckpt_name=hf_qwenpi_v3,action_type=joint/2026-09-07_21-13-23/episode_0000022_cam_head_success.mp4	705869	third_party/robodojo_official/eval_result
third_party/robodojo_official/eval_result/RoboDojo/stack_bowls/starVLA/arx_x5/0_ckpt_name=hf_qwenpi_v3,action_type=joint/2026-09-07_21-13-23/episode_0000022_cam_left_wrist_success.mp4	2121830	third_party/robodojo_official/eval_result
third_party/robodojo_official/eval_result/RoboDojo/stack_bowls/starVLA/arx_x5/0_ckpt_name=hf_qwenpi_v3,action_type=joint/2026-09-07_21-13-23/episode_0000022_cam_right_wrist_success.mp4	2249908	third_party/robodojo_official/eval_result
third_party/robodojo_official/eval_result/RoboDojo/stack_bowls/starVLA/arx_x5/0_ckpt_name=hf_qwenpi_v3,action_type=joint/2026-09-07_21-13-23/episode_0000023_cam_head_fail.mp4	1510546	third_party/robodojo_official/eval_result
third_party/robodojo_official/eval_result/RoboDojo/stack_bowls/starVLA/arx_x5/0_ckpt_name=hf_qwenpi_v3,action_type=joint/2026-09-07_21-13-23/episode_0000023_cam_left_wrist_fail.mp4	2501726	third_party/robodojo_official/eval_result
third_party/robodojo_official/eval_result/RoboDojo/stack_bowls/starVLA/arx_x5/0_ckpt_name=hf_qwenpi_v3,action_type=joint/2026-09-07_21-13-23/episode_0000023_cam_right_wrist_fail.mp4	2026695	third_party/robodojo_official/eval_result
third_party/robodojo_official/eval_result/RoboDojo/stack_bowls/starVLA/arx_x5/0_ckpt_name=hf_qwenpi_v3,action_type=joint/2026-09-07_21-13-23/episode_0000024_cam_head_success.mp4	825006	third_party/robodojo_official/eval_result
third_party/robodojo_official/eval_result/RoboDojo/stack_bowls/starVLA/arx_x5/0_ckpt_name=hf_qwenpi_v3,action_type=joint/2026-09-07_21-13-23/episode_0000024_cam_left_wrist_success.mp4	2028110	third_party/robodojo_official/eval_result
third_party/robodojo_official/eval_result/RoboDojo/stack_bowls/starVLA/arx_x5/0_ckpt_name=hf_qwenpi_v3,action_type=joint/2026-09-07_21-13-23/episode_0000024_cam_right_wrist_success.mp4	3086728	third_party/robodojo_official/eval_result
third_party/robodojo_official/eval_result/RoboDojo/stack_bowls/starVLA/arx_x5/0_ckpt_name=hf_qwenpi_v3,action_type=joint/2026-09-08_13-54-59/episode_0000000_cam_head_success.mp4	719112	third_party/robodojo_official/eval_result
third_party/robodojo_official/eval_result/RoboDojo/stack_bowls/starVLA/arx_x5/0_ckpt_name=hf_qwenpi_v3,action_type=joint/2026-09-08_13-54-59/episode_0000000_cam_left_wrist_success.mp4	1140462	third_party/robodojo_official/eval_result
third_party/robodojo_official/eval_result/RoboDojo/stack_bowls/starVLA/arx_x5/0_ckpt_name=hf_qwenpi_v3,action_type=joint/2026-09-08_13-54-59/episode_0000000_cam_right_wrist_success.mp4	1109155	third_party/robodojo_official/eval_result
third_party/robodojo_official/eval_result/RoboDojo/stack_bowls/starVLA/arx_x5/0_ckpt_name=hf_qwenpi_v3,action_type=joint/2026-09-08_13-54-59/episode_0000001_cam_head_fail.mp4	1547779	third_party/robodojo_official/eval_result
third_party/robodojo_official/eval_result/RoboDojo/stack_bowls/starVLA/arx_x5/0_ckpt_name=hf_qwenpi_v3,action_type=joint/2026-09-08_13-54-59/episode_0000001_cam_left_wrist_fail.mp4	2094942	third_party/robodojo_official/eval_result
third_party/robodojo_official/eval_result/RoboDojo/stack_bowls/starVLA/arx_x5/0_ckpt_name=hf_qwenpi_v3,action_type=joint/2026-09-08_13-54-59/episode_0000001_cam_right_wrist_fail.mp4	2501475	third_party/robodojo_official/eval_result
third_party/robodojo_official/eval_result/RoboDojo/stack_bowls/starVLA/arx_x5/0_ckpt_name=hf_qwenpi_v3,action_type=joint/2026-09-08_13-54-59/episode_0000002_cam_head_fail.mp4	1105281	third_party/robodojo_official/eval_result
third_party/robodojo_official/eval_result/RoboDojo/stack_bowls/starVLA/arx_x5/0_ckpt_name=hf_qwenpi_v3,action_type=joint/2026-09-08_13-54-59/episode_0000002_cam_left_wrist_fail.mp4	1695704	third_party/robodojo_official/eval_result
third_party/robodojo_official/eval_result/RoboDojo/stack_bowls/starVLA/arx_x5/0_ckpt_name=hf_qwenpi_v3,action_type=joint/2026-09-08_13-54-59/episode_0000002_cam_right_wrist_fail.mp4	1769245	third_party/robodojo_official/eval_result
third_party/robodojo_official/eval_result/RoboDojo/stack_bowls/starVLA/arx_x5/0_ckpt_name=hf_qwenpi_v3,action_type=joint/2026-09-09_09-56-05/episode_0000000_cam_head_success.mp4	705114	third_party/robodojo_official/eval_result
third_party/robodojo_official/eval_result/RoboDojo/stack_bowls/starVLA/arx_x5/0_ckpt_name=hf_qwenpi_v3,action_type=joint/2026-09-09_09-56-05/episode_0000000_cam_left_wrist_success.mp4	1134783	third_party/robodojo_official/eval_result
third_party/robodojo_official/eval_result/RoboDojo/stack_bowls/starVLA/arx_x5/0_ckpt_name=hf_qwenpi_v3,action_type=joint/2026-09-09_09-56-05/episode_0000000_cam_right_wrist_success.mp4	1094775	third_party/robodojo_official/eval_result
third_party/robodojo_official/eval_result/RoboDojo/stack_bowls/starVLA/arx_x5/0_ckpt_name=hf_qwenpi_v3,action_type=joint/2026-09-09_09-56-05/episode_0000001_cam_head_fail.mp4	1555309	third_party/robodojo_official/eval_result
third_party/robodojo_official/eval_result/RoboDojo/stack_bowls/starVLA/arx_x5/0_ckpt_name=hf_qwenpi_v3,action_type=joint/2026-09-09_09-56-05/episode_0000001_cam_left_wrist_fail.mp4	1828744	third_party/robodojo_official/eval_result
third_party/robodojo_official/eval_result/RoboDojo/stack_bowls/starVLA/arx_x5/0_ckpt_name=hf_qwenpi_v3,action_type=joint/2026-09-09_09-56-05/episode_0000001_cam_right_wrist_fail.mp4	2857885	third_party/robodojo_official/eval_result
third_party/robodojo_official/eval_result/RoboDojo/stack_bowls/starVLA/arx_x5/0_ckpt_name=hf_qwenpi_v3,action_type=joint/2026-09-09_09-56-05/episode_0000002_cam_head_fail.mp4	1126540	third_party/robodojo_official/eval_result
third_party/robodojo_official/eval_result/RoboDojo/stack_bowls/starVLA/arx_x5/0_ckpt_name=hf_qwenpi_v3,action_type=joint/2026-09-09_09-56-05/episode_0000002_cam_left_wrist_fail.mp4	1739019	third_party/robodojo_official/eval_result
third_party/robodojo_official/eval_result/RoboDojo/stack_bowls/starVLA/arx_x5/0_ckpt_name=hf_qwenpi_v3,action_type=joint/2026-09-09_09-56-05/episode_0000002_cam_right_wrist_fail.mp4	1759977	third_party/robodojo_official/eval_result
third_party/robodojo_official/eval_result/RoboDojo/stack_bowls/starVLA/arx_x5/0_ckpt_name=hf_qwenpi_v3,action_type=joint/2026-09-10_13-59-00/episode_0000000_cam_head_success.mp4	708007	third_party/robodojo_official/eval_result
third_party/robodojo_official/eval_result/RoboDojo/stack_bowls/starVLA/arx_x5/0_ckpt_name=hf_qwenpi_v3,action_type=joint/2026-09-10_13-59-00/episode_0000000_cam_left_wrist_success.mp4	1138987	third_party/robodojo_official/eval_result
third_party/robodojo_official/eval_result/RoboDojo/stack_bowls/starVLA/arx_x5/0_ckpt_name=hf_qwenpi_v3,action_type=joint/2026-09-10_13-59-00/episode_0000000_cam_right_wrist_success.mp4	1123270	third_party/robodojo_official/eval_result
third_party/robodojo_official/eval_result/RoboDojo/stack_bowls/starVLA/arx_x5/0_ckpt_name=hf_qwenpi_v3,action_type=joint/2026-09-10_13-59-00/episode_0000001_cam_head_success.mp4	998048	third_party/robodojo_official/eval_result
third_party/robodojo_official/eval_result/RoboDojo/stack_bowls/starVLA/arx_x5/0_ckpt_name=hf_qwenpi_v3,action_type=joint/2026-09-10_13-59-00/episode_0000001_cam_left_wrist_success.mp4	1519605	third_party/robodojo_official/eval_result
third_party/robodojo_official/eval_result/RoboDojo/stack_bowls/starVLA/arx_x5/0_ckpt_name=hf_qwenpi_v3,action_type=joint/2026-09-10_13-59-00/episode_0000001_cam_right_wrist_success.mp4	1520549	third_party/robodojo_official/eval_result
third_party/robodojo_official/eval_result/RoboDojo/stack_bowls/starVLA/arx_x5/0_ckpt_name=hf_qwenpi_v3,action_type=joint/2026-09-10_14-07-16/episode_0000000_cam_head_fail.mp4	1159761	third_party/robodojo_official/eval_result
third_party/robodojo_official/eval_result/RoboDojo/stack_bowls/starVLA/arx_x5/0_ckpt_name=hf_qwenpi_v3,action_type=joint/2026-09-10_14-07-16/episode_0000000_cam_left_wrist_fail.mp4	1353405	third_party/robodojo_official/eval_result
third_party/robodojo_official/eval_result/RoboDojo/stack_bowls/starVLA/arx_x5/0_ckpt_name=hf_qwenpi_v3,action_type=joint/2026-09-10_14-07-16/episode_0000000_cam_right_wrist_fail.mp4	2638044	third_party/robodojo_official/eval_result
third_party/robodojo_official/eval_result/RoboDojo/stack_bowls/starVLA/arx_x5/0_ckpt_name=hf_qwenpi_v3,action_type=joint/2026-09-10_14-07-16/episode_0000001_cam_head_fail.mp4	1494880	third_party/robodojo_official/eval_result
third_party/robodojo_official/eval_result/RoboDojo/stack_bowls/starVLA/arx_x5/0_ckpt_name=hf_qwenpi_v3,action_type=joint/2026-09-10_14-07-16/episode_0000001_cam_left_wrist_fail.mp4	1712850	third_party/robodojo_official/eval_result
third_party/robodojo_official/eval_result/RoboDojo/stack_bowls/starVLA/arx_x5/0_ckpt_name=hf_qwenpi_v3,action_type=joint/2026-09-10_14-07-16/episode_0000001_cam_right_wrist_fail.mp4	2601918	third_party/robodojo_official/eval_result
third_party/robodojo_official/eval_result/RoboDojo/stack_bowls/starVLA/arx_x5/0_ckpt_name=hf_qwenpi_v3,action_type=joint/2026-09-10_14-18-26/episode_0000000_cam_head_success.mp4	712049	third_party/robodojo_official/eval_result
third_party/robodojo_official/eval_result/RoboDojo/stack_bowls/starVLA/arx_x5/0_ckpt_name=hf_qwenpi_v3,action_type=joint/2026-09-10_14-18-26/episode_0000000_cam_left_wrist_success.mp4	1146882	third_party/robodojo_official/eval_result
third_party/robodojo_official/eval_result/RoboDojo/stack_bowls/starVLA/arx_x5/0_ckpt_name=hf_qwenpi_v3,action_type=joint/2026-09-10_14-18-26/episode_0000000_cam_right_wrist_success.mp4	1113486	third_party/robodojo_official/eval_result
third_party/robodojo_official/eval_result/RoboDojo/stack_bowls/starVLA/arx_x5/0_ckpt_name=hf_qwenpi_v3,action_type=joint/2026-09-10_14-18-26/episode_0000001_cam_head_fail.mp4	1377291	third_party/robodojo_official/eval_result
third_party/robodojo_official/eval_result/RoboDojo/stack_bowls/starVLA/arx_x5/0_ckpt_name=hf_qwenpi_v3,action_type=joint/2026-09-10_14-18-26/episode_0000001_cam_left_wrist_fail.mp4	2342611	third_party/robodojo_official/eval_result
third_party/robodojo_official/eval_result/RoboDojo/stack_bowls/starVLA/arx_x5/0_ckpt_name=hf_qwenpi_v3,action_type=joint/2026-09-10_14-18-26/episode_0000001_cam_right_wrist_fail.mp4	1988540	third_party/robodojo_official/eval_result
third_party/robodojo_official/eval_result/RoboDojo/stack_bowls/starVLA/arx_x5/0_ckpt_name=hf_qwenpi_v3,action_type=joint/2026-09-10_14-28-07/episode_0000000_cam_head_success.mp4	700859	third_party/robodojo_official/eval_result
third_party/robodojo_official/eval_result/RoboDojo/stack_bowls/starVLA/arx_x5/0_ckpt_name=hf_qwenpi_v3,action_type=joint/2026-09-10_14-28-07/episode_0000000_cam_left_wrist_success.mp4	1118154	third_party/robodojo_official/eval_result
third_party/robodojo_official/eval_result/RoboDojo/stack_bowls/starVLA/arx_x5/0_ckpt_name=hf_qwenpi_v3,action_type=joint/2026-09-10_14-28-07/episode_0000000_cam_right_wrist_success.mp4	1088530	third_party/robodojo_official/eval_result
third_party/robodojo_official/eval_result/RoboDojo/stack_bowls/starVLA/arx_x5/0_ckpt_name=hf_qwenpi_v3,action_type=joint/2026-09-10_14-28-07/episode_0000001_cam_head_fail.mp4	1451751	third_party/robodojo_official/eval_result
third_party/robodojo_official/eval_result/RoboDojo/stack_bowls/starVLA/arx_x5/0_ckpt_name=hf_qwenpi_v3,action_type=joint/2026-09-10_14-28-07/episode_0000001_cam_left_wrist_fail.mp4	1928620	third_party/robodojo_official/eval_result
third_party/robodojo_official/eval_result/RoboDojo/stack_bowls/starVLA/arx_x5/0_ckpt_name=hf_qwenpi_v3,action_type=joint/2026-09-10_14-28-07/episode_0000001_cam_right_wrist_fail.mp4	2372936	third_party/robodojo_official/eval_result
third_party/robodojo_official/eval_result/RoboDojo/stack_bowls/starVLA/arx_x5/0_ckpt_name=hf_qwenpi_v3,action_type=joint/2026-09-10_16-48-42/episode_0000000_cam_head_success.mp4	702853	third_party/robodojo_official/eval_result
third_party/robodojo_official/eval_result/RoboDojo/stack_bowls/starVLA/arx_x5/0_ckpt_name=hf_qwenpi_v3,action_type=joint/2026-09-10_16-48-42/episode_0000000_cam_left_wrist_success.mp4	1110778	third_party/robodojo_official/eval_result
third_party/robodojo_official/eval_result/RoboDojo/stack_bowls/starVLA/arx_x5/0_ckpt_name=hf_qwenpi_v3,action_type=joint/2026-09-10_16-48-42/episode_0000000_cam_right_wrist_success.mp4	1113438	third_party/robodojo_official/eval_result
third_party/robodojo_official/eval_result/RoboDojo/stack_bowls/starVLA/arx_x5/0_ckpt_name=hf_qwenpi_v3,action_type=joint/2026-09-10_16-58-05/episode_0000000_cam_head_success.mp4	698504	third_party/robodojo_official/eval_result
third_party/robodojo_official/eval_result/RoboDojo/stack_bowls/starVLA/arx_x5/0_ckpt_name=hf_qwenpi_v3,action_type=joint/2026-09-10_16-58-05/episode_0000000_cam_left_wrist_success.mp4	1108775	third_party/robodojo_official/eval_result
third_party/robodojo_official/eval_result/RoboDojo/stack_bowls/starVLA/arx_x5/0_ckpt_name=hf_qwenpi_v3,action_type=joint/2026-09-10_16-58-05/episode_0000000_cam_right_wrist_success.mp4	1116374	third_party/robodojo_official/eval_result
third_party/robodojo_official/eval_result/RoboDojo/stack_bowls/starVLA/arx_x5/0_ckpt_name=hf_qwenpi_v3,action_type=joint/2026-09-10_16-58-05/episode_0000001_cam_head_success.mp4	1029040	third_party/robodojo_official/eval_result
third_party/robodojo_official/eval_result/RoboDojo/stack_bowls/starVLA/arx_x5/0_ckpt_name=hf_qwenpi_v3,action_type=joint/2026-09-10_16-58-05/episode_0000001_cam_left_wrist_success.mp4	1582951	third_party/robodojo_official/eval_result
third_party/robodojo_official/eval_result/RoboDojo/stack_bowls/starVLA/arx_x5/0_ckpt_name=hf_qwenpi_v3,action_type=joint/2026-09-10_16-58-05/episode_0000001_cam_right_wrist_success.mp4	1539812	third_party/robodojo_official/eval_result
third_party/robodojo_official/eval_result/RoboDojo/stack_bowls/starVLA/arx_x5/0_ckpt_name=hf_qwenpi_v3,action_type=joint/2026-09-10_20-41-21/episode_0000000_cam_head_success.mp4	709916	third_party/robodojo_official/eval_result
third_party/robodojo_official/eval_result/RoboDojo/stack_bowls/starVLA/arx_x5/0_ckpt_name=hf_qwenpi_v3,action_type=joint/2026-09-10_20-41-21/episode_0000000_cam_left_wrist_success.mp4	1153909	third_party/robodojo_official/eval_result
third_party/robodojo_official/eval_result/RoboDojo/stack_bowls/starVLA/arx_x5/0_ckpt_name=hf_qwenpi_v3,action_type=joint/2026-09-10_20-41-21/episode_0000000_cam_right_wrist_success.mp4	1121997	third_party/robodojo_official/eval_result
third_party/robodojo_official/eval_result/RoboDojo/stack_bowls/starVLA/arx_x5/0_ckpt_name=hf_qwenpi_v3,action_type=joint/2026-09-10_23-42-57/episode_0000000_cam_head_success.mp4	708761	third_party/robodojo_official/eval_result
third_party/robodojo_official/eval_result/RoboDojo/stack_bowls/starVLA/arx_x5/0_ckpt_name=hf_qwenpi_v3,action_type=joint/2026-09-10_23-42-57/episode_0000000_cam_left_wrist_success.mp4	1119741	third_party/robodojo_official/eval_result
third_party/robodojo_official/eval_result/RoboDojo/stack_bowls/starVLA/arx_x5/0_ckpt_name=hf_qwenpi_v3,action_type=joint/2026-09-10_23-42-57/episode_0000000_cam_right_wrist_success.mp4	1117670	third_party/robodojo_official/eval_result
third_party/robodojo_official/eval_result/RoboDojo/stack_bowls/starVLA/arx_x5/0_ckpt_name=hf_qwenpi_v3,action_type=joint/2026-09-14_11-09-13/episode_0000000_cam_head_success.mp4	709653	third_party/robodojo_official/eval_result
third_party/robodojo_official/eval_result/RoboDojo/stack_bowls/starVLA/arx_x5/0_ckpt_name=hf_qwenpi_v3,action_type=joint/2026-09-14_11-09-13/episode_0000000_cam_left_wrist_success.mp4	1158139	third_party/robodojo_official/eval_result
third_party/robodojo_official/eval_result/RoboDojo/stack_bowls/starVLA/arx_x5/0_ckpt_name=hf_qwenpi_v3,action_type=joint/2026-09-14_11-09-13/episode_0000000_cam_right_wrist_success.mp4	1135855	third_party/robodojo_official/eval_result
third_party/robodojo_official/eval_result/RoboDojo/stack_bowls/starVLA/arx_x5/0_ckpt_name=hf_qwenpi_v3,action_type=joint/2026-09-14_11-09-13/episode_0000001_cam_head_fail.mp4	1475718	third_party/robodojo_official/eval_result
third_party/robodojo_official/eval_result/RoboDojo/stack_bowls/starVLA/arx_x5/0_ckpt_name=hf_qwenpi_v3,action_type=joint/2026-09-14_11-09-13/episode_0000001_cam_left_wrist_fail.mp4	2011206	third_party/robodojo_official/eval_result
third_party/robodojo_official/eval_result/RoboDojo/stack_bowls/starVLA/arx_x5/0_ckpt_name=hf_qwenpi_v3,action_type=joint/2026-09-14_11-09-13/episode_0000001_cam_right_wrist_fail.mp4	2427371	third_party/robodojo_official/eval_result
third_party/robodojo_official/eval_result/RoboDojo/stack_bowls/starVLA/arx_x5/1_ckpt_name=hf_qwenpi_v3,action_type=joint/2026-09-01_23-55-10/episode_0000000_cam_head_fail.mp4	1714695	third_party/robodojo_official/eval_result
third_party/robodojo_official/eval_result/RoboDojo/stack_bowls/starVLA/arx_x5/1_ckpt_name=hf_qwenpi_v3,action_type=joint/2026-09-01_23-55-10/episode_0000000_cam_left_wrist_fail.mp4	5945135	third_party/robodojo_official/eval_result
third_party/robodojo_official/eval_result/RoboDojo/stack_bowls/starVLA/arx_x5/1_ckpt_name=hf_qwenpi_v3,action_type=joint/2026-09-01_23-55-10/episode_0000000_cam_right_wrist_fail.mp4	6460371	third_party/robodojo_official/eval_result
third_party/robodojo_official/eval_result/RoboDojo/stack_bowls/starVLA/arx_x5/1_ckpt_name=hf_qwenpi_v3,action_type=joint/2026-09-02_00-02-01/_stream/env0_cam_head.tmp.mp4	794939	third_party/robodojo_official/eval_result
third_party/robodojo_official/eval_result/RoboDojo/stack_bowls/starVLA/arx_x5/1_ckpt_name=hf_qwenpi_v3,action_type=joint/2026-09-02_00-02-01/_stream/env0_cam_left_wrist.tmp.mp4	2261822	third_party/robodojo_official/eval_result
third_party/robodojo_official/eval_result/RoboDojo/stack_bowls/starVLA/arx_x5/1_ckpt_name=hf_qwenpi_v3,action_type=joint/2026-09-02_00-02-01/_stream/env0_cam_right_wrist.tmp.mp4	2388146	third_party/robodojo_official/eval_result
third_party/robodojo_official/eval_result/RoboDojo/stack_bowls/starVLA/arx_x5/1_ckpt_name=hf_qwenpi_v3,action_type=joint/2026-09-02_00-07-28/episode_0000000_cam_head_success.mp4	775924	third_party/robodojo_official/eval_result
third_party/robodojo_official/eval_result/RoboDojo/stack_bowls/starVLA/arx_x5/1_ckpt_name=hf_qwenpi_v3,action_type=joint/2026-09-02_00-07-28/episode_0000000_cam_left_wrist_success.mp4	2416943	third_party/robodojo_official/eval_result
third_party/robodojo_official/eval_result/RoboDojo/stack_bowls/starVLA/arx_x5/1_ckpt_name=hf_qwenpi_v3,action_type=joint/2026-09-02_00-07-28/episode_0000000_cam_right_wrist_success.mp4	2614268	third_party/robodojo_official/eval_result
third_party/robodojo_official/eval_result/RoboDojo/stack_bowls/starVLA/arx_x5/1_ckpt_name=hf_qwenpi_v3,action_type=joint/2026-09-02_14-29-50/episode_0000000_cam_head_fail.mp4	1248081	third_party/robodojo_official/eval_result
third_party/robodojo_official/eval_result/RoboDojo/stack_bowls/starVLA/arx_x5/1_ckpt_name=hf_qwenpi_v3,action_type=joint/2026-09-02_14-29-50/episode_0000000_cam_left_wrist_fail.mp4	3084691	third_party/robodojo_official/eval_result
third_party/robodojo_official/eval_result/RoboDojo/stack_bowls/starVLA/arx_x5/1_ckpt_name=hf_qwenpi_v3,action_type=joint/2026-09-02_14-29-50/episode_0000000_cam_right_wrist_fail.mp4	3065861	third_party/robodojo_official/eval_result
third_party/robodojo_official/eval_result/RoboDojo/stack_bowls/starVLA/arx_x5/1_ckpt_name=hf_qwenpi_v3,action_type=joint/2026-09-02_14-38-25/episode_0000000_cam_head_fail.mp4	1539400	third_party/robodojo_official/eval_result
third_party/robodojo_official/eval_result/RoboDojo/stack_bowls/starVLA/arx_x5/1_ckpt_name=hf_qwenpi_v3,action_type=joint/2026-09-02_14-38-25/episode_0000000_cam_left_wrist_fail.mp4	2949507	third_party/robodojo_official/eval_result
third_party/robodojo_official/eval_result/RoboDojo/stack_bowls/starVLA/arx_x5/1_ckpt_name=hf_qwenpi_v3,action_type=joint/2026-09-02_14-38-25/episode_0000000_cam_right_wrist_fail.mp4	8486312	third_party/robodojo_official/eval_result
third_party/robodojo_official/eval_result/RoboDojo/stack_bowls/starVLA/arx_x5/1_ckpt_name=hf_qwenpi_v3,action_type=joint/2026-09-02_14-47-34/_stream/env0_cam_head.tmp.mp4	401622	third_party/robodojo_official/eval_result
third_party/robodojo_official/eval_result/RoboDojo/stack_bowls/starVLA/arx_x5/1_ckpt_name=hf_qwenpi_v3,action_type=joint/2026-09-02_14-47-34/_stream/env0_cam_left_wrist.tmp.mp4	482038	third_party/robodojo_official/eval_result
third_party/robodojo_official/eval_result/RoboDojo/stack_bowls/starVLA/arx_x5/1_ckpt_name=hf_qwenpi_v3,action_type=joint/2026-09-02_14-47-34/_stream/env0_cam_right_wrist.tmp.mp4	2265076	third_party/robodojo_official/eval_result
third_party/robodojo_official/eval_result/RoboDojo/stack_bowls/starVLA/arx_x5/1_ckpt_name=hf_qwenpi_v3,action_type=joint/2026-09-02_14-52-10/_stream/env0_cam_head.tmp.mp4	331376	third_party/robodojo_official/eval_result
third_party/robodojo_official/eval_result/RoboDojo/stack_bowls/starVLA/arx_x5/1_ckpt_name=hf_qwenpi_v3,action_type=joint/2026-09-02_14-52-10/_stream/env0_cam_left_wrist.tmp.mp4	326325	third_party/robodojo_official/eval_result
third_party/robodojo_official/eval_result/RoboDojo/stack_bowls/starVLA/arx_x5/1_ckpt_name=hf_qwenpi_v3,action_type=joint/2026-09-02_14-52-10/_stream/env0_cam_right_wrist.tmp.mp4	2026044	third_party/robodojo_official/eval_result
third_party/robodojo_official/eval_result/RoboDojo/stack_bowls/starVLA/arx_x5/1_ckpt_name=hf_qwenpi_v3,action_type=joint/2026-09-02_14-57-59/episode_0000000_cam_head_fail.mp4	1661318	third_party/robodojo_official/eval_result
third_party/robodojo_official/eval_result/RoboDojo/stack_bowls/starVLA/arx_x5/1_ckpt_name=hf_qwenpi_v3,action_type=joint/2026-09-02_14-57-59/episode_0000000_cam_left_wrist_fail.mp4	4183882	third_party/robodojo_official/eval_result
third_party/robodojo_official/eval_result/RoboDojo/stack_bowls/starVLA/arx_x5/1_ckpt_name=hf_qwenpi_v3,action_type=joint/2026-09-02_14-57-59/episode_0000000_cam_right_wrist_fail.mp4	5617867	third_party/robodojo_official/eval_result
third_party/robodojo_official/eval_result/RoboDojo/stack_bowls/starVLA/arx_x5/1_ckpt_name=hf_qwenpi_v3,action_type=joint/2026-09-02_15-11-18/_stream/env0_cam_head.tmp.mp4	570572	third_party/robodojo_official/eval_result
third_party/robodojo_official/eval_result/RoboDojo/stack_bowls/starVLA/arx_x5/1_ckpt_name=hf_qwenpi_v3,action_type=joint/2026-09-02_15-11-18/_stream/env0_cam_left_wrist.tmp.mp4	1207851	third_party/robodojo_official/eval_result
third_party/robodojo_official/eval_result/RoboDojo/stack_bowls/starVLA/arx_x5/1_ckpt_name=hf_qwenpi_v3,action_type=joint/2026-09-02_15-11-18/_stream/env0_cam_right_wrist.tmp.mp4	2631601	third_party/robodojo_official/eval_result
third_party/robodojo_official/eval_result/RoboDojo/stack_bowls/starVLA/arx_x5/1_ckpt_name=hf_qwenpi_v3,action_type=joint/2026-09-02_15-15-56/_stream/env0_cam_head.tmp.mp4	381789	third_party/robodojo_official/eval_result
third_party/robodojo_official/eval_result/RoboDojo/stack_bowls/starVLA/arx_x5/1_ckpt_name=hf_qwenpi_v3,action_type=joint/2026-09-02_15-15-56/_stream/env0_cam_left_wrist.tmp.mp4	413739	third_party/robodojo_official/eval_result
third_party/robodojo_official/eval_result/RoboDojo/stack_bowls/starVLA/arx_x5/1_ckpt_name=hf_qwenpi_v3,action_type=joint/2026-09-02_15-15-56/_stream/env0_cam_right_wrist.tmp.mp4	2411815	third_party/robodojo_official/eval_result
third_party/robodojo_official/eval_result/RoboDojo/stack_bowls/starVLA/arx_x5/1_ckpt_name=hf_qwenpi_v3,action_type=joint/2026-09-02_15-22-55/episode_0000000_cam_head_fail.mp4	1465689	third_party/robodojo_official/eval_result
third_party/robodojo_official/eval_result/RoboDojo/stack_bowls/starVLA/arx_x5/1_ckpt_name=hf_qwenpi_v3,action_type=joint/2026-09-02_15-22-55/episode_0000000_cam_left_wrist_fail.mp4	3352661	third_party/robodojo_official/eval_result
third_party/robodojo_official/eval_result/RoboDojo/stack_bowls/starVLA/arx_x5/1_ckpt_name=hf_qwenpi_v3,action_type=joint/2026-09-02_15-22-55/episode_0000000_cam_right_wrist_fail.mp4	5269851	third_party/robodojo_official/eval_result
third_party/robodojo_official/eval_result/RoboDojo/stack_bowls/starVLA/arx_x5/2_ckpt_name=hf_qwenpi_v3,action_type=joint/2026-09-02_00-24-18/episode_0000000_cam_head_fail.mp4	1574618	third_party/robodojo_official/eval_result
third_party/robodojo_official/eval_result/RoboDojo/stack_bowls/starVLA/arx_x5/2_ckpt_name=hf_qwenpi_v3,action_type=joint/2026-09-02_00-24-18/episode_0000000_cam_left_wrist_fail.mp4	2156804	third_party/robodojo_official/eval_result
third_party/robodojo_official/eval_result/RoboDojo/stack_bowls/starVLA/arx_x5/2_ckpt_name=hf_qwenpi_v3,action_type=joint/2026-09-02_00-24-18/episode_0000000_cam_right_wrist_fail.mp4	2601072	third_party/robodojo_official/eval_result
third_party/robodojo_official/eval_result/RoboDojo/stack_bowls/starVLA/arx_x5/2_ckpt_name=hf_qwenpi_v3,action_type=joint/2026-09-02_00-31-05/episode_0000000_cam_head_fail.mp4	1344638	third_party/robodojo_official/eval_result
third_party/robodojo_official/eval_result/RoboDojo/stack_bowls/starVLA/arx_x5/2_ckpt_name=hf_qwenpi_v3,action_type=joint/2026-09-02_00-31-05/episode_0000000_cam_left_wrist_fail.mp4	1779319	third_party/robodojo_official/eval_result
third_party/robodojo_official/eval_result/RoboDojo/stack_bowls/starVLA/arx_x5/2_ckpt_name=hf_qwenpi_v3,action_type=joint/2026-09-02_00-31-05/episode_0000000_cam_right_wrist_fail.mp4	2448307	third_party/robodojo_official/eval_result
third_party/robodojo_official/eval_result/RoboDojo/stack_bowls/starVLA/arx_x5/2_ckpt_name=hf_qwenpi_v3,action_type=joint/2026-09-02_11-25-06/_stream/env0_cam_head.tmp.mp4	430173	third_party/robodojo_official/eval_result
third_party/robodojo_official/eval_result/RoboDojo/stack_bowls/starVLA/arx_x5/2_ckpt_name=hf_qwenpi_v3,action_type=joint/2026-09-02_11-25-06/_stream/env0_cam_left_wrist.tmp.mp4	663707	third_party/robodojo_official/eval_result
third_party/robodojo_official/eval_result/RoboDojo/stack_bowls/starVLA/arx_x5/2_ckpt_name=hf_qwenpi_v3,action_type=joint/2026-09-02_11-25-06/_stream/env0_cam_right_wrist.tmp.mp4	769453	third_party/robodojo_official/eval_result
third_party/robodojo_official/eval_result/RoboDojo/stack_bowls/starVLA/arx_x5/2_ckpt_name=hf_qwenpi_v3,action_type=joint/2026-09-02_11-30-04/_stream/env0_cam_head.tmp.mp4	732959	third_party/robodojo_official/eval_result
third_party/robodojo_official/eval_result/RoboDojo/stack_bowls/starVLA/arx_x5/2_ckpt_name=hf_qwenpi_v3,action_type=joint/2026-09-02_11-30-04/_stream/env0_cam_left_wrist.tmp.mp4	1069513	third_party/robodojo_official/eval_result
third_party/robodojo_official/eval_result/RoboDojo/stack_bowls/starVLA/arx_x5/2_ckpt_name=hf_qwenpi_v3,action_type=joint/2026-09-02_11-30-04/_stream/env0_cam_right_wrist.tmp.mp4	1134209	third_party/robodojo_official/eval_result
third_party/robodojo_official/eval_result/RoboDojo/stack_bowls/starVLA/arx_x5/2_ckpt_name=hf_qwenpi_v3,action_type=joint/2026-09-02_11-37-16/episode_0000000_cam_head_fail.mp4	1569487	third_party/robodojo_official/eval_result
third_party/robodojo_official/eval_result/RoboDojo/stack_bowls/starVLA/arx_x5/2_ckpt_name=hf_qwenpi_v3,action_type=joint/2026-09-02_11-37-16/episode_0000000_cam_left_wrist_fail.mp4	2161392	third_party/robodojo_official/eval_result
third_party/robodojo_official/eval_result/RoboDojo/stack_bowls/starVLA/arx_x5/2_ckpt_name=hf_qwenpi_v3,action_type=joint/2026-09-02_11-37-16/episode_0000000_cam_right_wrist_fail.mp4	2480262	third_party/robodojo_official/eval_result
third_party/robodojo_official/eval_result/RoboDojo/stack_bowls/starVLA/arx_x5/2_ckpt_name=hf_qwenpi_v3,action_type=joint/2026-09-02_11-56-53/episode_0000000_cam_head_fail.mp4	1430765	third_party/robodojo_official/eval_result
third_party/robodojo_official/eval_result/RoboDojo/stack_bowls/starVLA/arx_x5/2_ckpt_name=hf_qwenpi_v3,action_type=joint/2026-09-02_11-56-53/episode_0000000_cam_left_wrist_fail.mp4	1896710	third_party/robodojo_official/eval_result
third_party/robodojo_official/eval_result/RoboDojo/stack_bowls/starVLA/arx_x5/2_ckpt_name=hf_qwenpi_v3,action_type=joint/2026-09-02_11-56-53/episode_0000000_cam_right_wrist_fail.mp4	2553714	third_party/robodojo_official/eval_result
third_party/robodojo_official/eval_result/RoboDojo/stack_bowls/starVLA/arx_x5/2_ckpt_name=hf_qwenpi_v3,action_type=joint/2026-09-02_12-06-32/episode_0000000_cam_head_fail.mp4	1438627	third_party/robodojo_official/eval_result
third_party/robodojo_official/eval_result/RoboDojo/stack_bowls/starVLA/arx_x5/2_ckpt_name=hf_qwenpi_v3,action_type=joint/2026-09-02_12-06-32/episode_0000000_cam_left_wrist_fail.mp4	1808496	third_party/robodojo_official/eval_result
third_party/robodojo_official/eval_result/RoboDojo/stack_bowls/starVLA/arx_x5/2_ckpt_name=hf_qwenpi_v3,action_type=joint/2026-09-02_12-06-32/episode_0000000_cam_right_wrist_fail.mp4	2598839	third_party/robodojo_official/eval_result
third_party/robodojo_official/eval_result/RoboDojo/stack_bowls/starVLA/arx_x5/2_ckpt_name=hf_qwenpi_v3,action_type=joint/2026-09-02_12-13-53/episode_0000000_cam_head_success.mp4	1344881	third_party/robodojo_official/eval_result
third_party/robodojo_official/eval_result/RoboDojo/stack_bowls/starVLA/arx_x5/2_ckpt_name=hf_qwenpi_v3,action_type=joint/2026-09-02_12-13-53/episode_0000000_cam_left_wrist_success.mp4	1937295	third_party/robodojo_official/eval_result
third_party/robodojo_official/eval_result/RoboDojo/stack_bowls/starVLA/arx_x5/2_ckpt_name=hf_qwenpi_v3,action_type=joint/2026-09-02_12-13-53/episode_0000000_cam_right_wrist_success.mp4	2136258	third_party/robodojo_official/eval_result
third_party/robodojo_official/eval_result/RoboDojo/stack_bowls/starVLA/arx_x5/2_ckpt_name=hf_qwenpi_v3,action_type=joint/2026-09-02_12-20-22/episode_0000000_cam_head_fail.mp4	1640343	third_party/robodojo_official/eval_result
third_party/robodojo_official/eval_result/RoboDojo/stack_bowls/starVLA/arx_x5/2_ckpt_name=hf_qwenpi_v3,action_type=joint/2026-09-02_12-20-22/episode_0000000_cam_left_wrist_fail.mp4	2325845	third_party/robodojo_official/eval_result
third_party/robodojo_official/eval_result/RoboDojo/stack_bowls/starVLA/arx_x5/2_ckpt_name=hf_qwenpi_v3,action_type=joint/2026-09-02_12-20-22/episode_0000000_cam_right_wrist_fail.mp4	2557355	third_party/robodojo_official/eval_result
third_party/robodojo_official/eval_result/RoboDojo/stack_bowls/starVLA/arx_x5/2_ckpt_name=hf_qwenpi_v3,action_type=joint/2026-09-02_12-30-31/episode_0000000_cam_head_success.mp4	1328116	third_party/robodojo_official/eval_result
third_party/robodojo_official/eval_result/RoboDojo/stack_bowls/starVLA/arx_x5/2_ckpt_name=hf_qwenpi_v3,action_type=joint/2026-09-02_12-30-31/episode_0000000_cam_left_wrist_success.mp4	1902152	third_party/robodojo_official/eval_result
third_party/robodojo_official/eval_result/RoboDojo/stack_bowls/starVLA/arx_x5/2_ckpt_name=hf_qwenpi_v3,action_type=joint/2026-09-02_12-30-31/episode_0000000_cam_right_wrist_success.mp4	2095950	third_party/robodojo_official/eval_result
third_party/robodojo_official/eval_result/RoboDojo/stack_bowls/starVLA/arx_x5/2_ckpt_name=hf_qwenpi_v3,action_type=joint/2026-09-02_12-38-46/episode_0000000_cam_head_fail.mp4	1516956	third_party/robodojo_official/eval_result
third_party/robodojo_official/eval_result/RoboDojo/stack_bowls/starVLA/arx_x5/2_ckpt_name=hf_qwenpi_v3,action_type=joint/2026-09-02_12-38-46/episode_0000000_cam_left_wrist_fail.mp4	2235484	third_party/robodojo_official/eval_result
third_party/robodojo_official/eval_result/RoboDojo/stack_bowls/starVLA/arx_x5/2_ckpt_name=hf_qwenpi_v3,action_type=joint/2026-09-02_12-38-46/episode_0000000_cam_right_wrist_fail.mp4	2258529	third_party/robodojo_official/eval_result
third_party/robodojo_official/eval_result/RoboDojo/stack_bowls/starVLA/arx_x5/2_ckpt_name=hf_qwenpi_v3,action_type=joint/2026-09-02_12-45-22/_stream/env0_cam_head.tmp.mp4	120353	third_party/robodojo_official/eval_result
third_party/robodojo_official/eval_result/RoboDojo/stack_bowls/starVLA/arx_x5/2_ckpt_name=hf_qwenpi_v3,action_type=joint/2026-09-02_12-45-22/_stream/env0_cam_left_wrist.tmp.mp4	114419	third_party/robodojo_official/eval_result
third_party/robodojo_official/eval_result/RoboDojo/stack_bowls/starVLA/arx_x5/2_ckpt_name=hf_qwenpi_v3,action_type=joint/2026-09-02_12-45-22/_stream/env0_cam_right_wrist.tmp.mp4	260058	third_party/robodojo_official/eval_result
third_party/robodojo_official/eval_result/RoboDojo/stack_bowls/starVLA/arx_x5/2_ckpt_name=hf_qwenpi_v3,action_type=joint/2026-09-02_12-54-40/_stream/env0_cam_head.tmp.mp4	79895	third_party/robodojo_official/eval_result
third_party/robodojo_official/eval_result/RoboDojo/stack_bowls/starVLA/arx_x5/2_ckpt_name=hf_qwenpi_v3,action_type=joint/2026-09-02_12-54-40/_stream/env0_cam_left_wrist.tmp.mp4	67565	third_party/robodojo_official/eval_result
third_party/robodojo_official/eval_result/RoboDojo/stack_bowls/starVLA/arx_x5/2_ckpt_name=hf_qwenpi_v3,action_type=joint/2026-09-02_12-54-40/_stream/env0_cam_right_wrist.tmp.mp4	151681	third_party/robodojo_official/eval_result
third_party/robodojo_official/eval_result/RoboDojo/stack_bowls/starVLA/arx_x5/2_ckpt_name=hf_qwenpi_v3,action_type=joint/2026-09-02_12-57-13/_stream/env0_cam_head.tmp.mp4	48	third_party/robodojo_official/eval_result
third_party/robodojo_official/eval_result/RoboDojo/stack_bowls/starVLA/arx_x5/2_ckpt_name=hf_qwenpi_v3,action_type=joint/2026-09-02_12-57-13/_stream/env0_cam_left_wrist.tmp.mp4	48	third_party/robodojo_official/eval_result
third_party/robodojo_official/eval_result/RoboDojo/stack_bowls/starVLA/arx_x5/2_ckpt_name=hf_qwenpi_v3,action_type=joint/2026-09-02_12-57-13/_stream/env0_cam_right_wrist.tmp.mp4	48	third_party/robodojo_official/eval_result
third_party/robodojo_official/eval_result/RoboDojo/stack_bowls/starVLA/arx_x5/2_ckpt_name=hf_qwenpi_v3,action_type=joint/2026-09-02_13-09-55/_stream/env0_cam_head.tmp.mp4	48	third_party/robodojo_official/eval_result
third_party/robodojo_official/eval_result/RoboDojo/stack_bowls/starVLA/arx_x5/2_ckpt_name=hf_qwenpi_v3,action_type=joint/2026-09-02_13-09-55/_stream/env0_cam_left_wrist.tmp.mp4	48	third_party/robodojo_official/eval_result
third_party/robodojo_official/eval_result/RoboDojo/stack_bowls/starVLA/arx_x5/2_ckpt_name=hf_qwenpi_v3,action_type=joint/2026-09-02_13-09-55/_stream/env0_cam_right_wrist.tmp.mp4	48	third_party/robodojo_official/eval_result
third_party/robodojo_official/eval_result/RoboDojo/stack_bowls/starVLA/arx_x5/2_ckpt_name=hf_qwenpi_v3,action_type=joint/2026-09-02_13-13-06/_stream/env0_cam_head.tmp.mp4	48	third_party/robodojo_official/eval_result
third_party/robodojo_official/eval_result/RoboDojo/stack_bowls/starVLA/arx_x5/2_ckpt_name=hf_qwenpi_v3,action_type=joint/2026-09-02_13-13-06/_stream/env0_cam_left_wrist.tmp.mp4	48	third_party/robodojo_official/eval_result
third_party/robodojo_official/eval_result/RoboDojo/stack_bowls/starVLA/arx_x5/2_ckpt_name=hf_qwenpi_v3,action_type=joint/2026-09-02_13-13-06/_stream/env0_cam_right_wrist.tmp.mp4	48	third_party/robodojo_official/eval_result
third_party/robodojo_official/eval_result/RoboDojo/stack_bowls/starVLA/arx_x5/2_ckpt_name=hf_qwenpi_v3,action_type=joint/2026-09-02_13-23-11/_stream/env0_cam_head.tmp.mp4	153777	third_party/robodojo_official/eval_result
third_party/robodojo_official/eval_result/RoboDojo/stack_bowls/starVLA/arx_x5/2_ckpt_name=hf_qwenpi_v3,action_type=joint/2026-09-02_13-23-11/_stream/env0_cam_left_wrist.tmp.mp4	147756	third_party/robodojo_official/eval_result
third_party/robodojo_official/eval_result/RoboDojo/stack_bowls/starVLA/arx_x5/2_ckpt_name=hf_qwenpi_v3,action_type=joint/2026-09-02_13-23-11/_stream/env0_cam_right_wrist.tmp.mp4	344240	third_party/robodojo_official/eval_result
third_party/robodojo_official/eval_result/RoboDojo/stack_bowls/starVLA/arx_x5/2_ckpt_name=hf_qwenpi_v3,action_type=joint/2026-09-02_13-33-53/_stream/env0_cam_head.tmp.mp4	79814	third_party/robodojo_official/eval_result
third_party/robodojo_official/eval_result/RoboDojo/stack_bowls/starVLA/arx_x5/2_ckpt_name=hf_qwenpi_v3,action_type=joint/2026-09-02_13-33-53/_stream/env0_cam_left_wrist.tmp.mp4	68736	third_party/robodojo_official/eval_result
third_party/robodojo_official/eval_result/RoboDojo/stack_bowls/starVLA/arx_x5/2_ckpt_name=hf_qwenpi_v3,action_type=joint/2026-09-02_13-33-53/_stream/env0_cam_right_wrist.tmp.mp4	152890	third_party/robodojo_official/eval_result
third_party/robodojo_official/eval_result/RoboDojo/stack_bowls/starVLA/arx_x5/2_ckpt_name=hf_qwenpi_v3,action_type=joint/2026-09-02_13-46-27/_stream/env0_cam_head.tmp.mp4	458326	third_party/robodojo_official/eval_result
third_party/robodojo_official/eval_result/RoboDojo/stack_bowls/starVLA/arx_x5/2_ckpt_name=hf_qwenpi_v3,action_type=joint/2026-09-02_13-46-27/_stream/env0_cam_left_wrist.tmp.mp4	703593	third_party/robodojo_official/eval_result
third_party/robodojo_official/eval_result/RoboDojo/stack_bowls/starVLA/arx_x5/2_ckpt_name=hf_qwenpi_v3,action_type=joint/2026-09-02_13-46-27/_stream/env0_cam_right_wrist.tmp.mp4	785781	third_party/robodojo_official/eval_result
third_party/robodojo_official/eval_result/RoboDojo/stack_bowls/starVLA/arx_x5/2_ckpt_name=hf_qwenpi_v3,action_type=joint/2026-09-02_13-52-45/_stream/env0_cam_head.tmp.mp4	802356	third_party/robodojo_official/eval_result
third_party/robodojo_official/eval_result/RoboDojo/stack_bowls/starVLA/arx_x5/2_ckpt_name=hf_qwenpi_v3,action_type=joint/2026-09-02_13-52-45/_stream/env0_cam_left_wrist.tmp.mp4	1113208	third_party/robodojo_official/eval_result
third_party/robodojo_official/eval_result/RoboDojo/stack_bowls/starVLA/arx_x5/2_ckpt_name=hf_qwenpi_v3,action_type=joint/2026-09-02_13-52-45/_stream/env0_cam_right_wrist.tmp.mp4	1300053	third_party/robodojo_official/eval_result
third_party/robodojo_official/eval_result/RoboDojo/stack_bowls/starVLA/arx_x5/2_ckpt_name=hf_qwenpi_v3,action_type=joint/2026-09-02_13-58-12/episode_0000000_cam_head_success.mp4	889573	third_party/robodojo_official/eval_result
third_party/robodojo_official/eval_result/RoboDojo/stack_bowls/starVLA/arx_x5/2_ckpt_name=hf_qwenpi_v3,action_type=joint/2026-09-02_13-58-12/episode_0000000_cam_left_wrist_success.mp4	1204789	third_party/robodojo_official/eval_result
third_party/robodojo_official/eval_result/RoboDojo/stack_bowls/starVLA/arx_x5/2_ckpt_name=hf_qwenpi_v3,action_type=joint/2026-09-02_13-58-12/episode_0000000_cam_right_wrist_success.mp4	1509593	third_party/robodojo_official/eval_result
third_party/robodojo_official/eval_result/RoboDojo/stack_bowls/starVLA/arx_x5/2_ckpt_name=hf_qwenpi_v3,action_type=joint/2026-09-02_14-08-50/episode_0000000_cam_head_success.mp4	883501	third_party/robodojo_official/eval_result
third_party/robodojo_official/eval_result/RoboDojo/stack_bowls/starVLA/arx_x5/2_ckpt_name=hf_qwenpi_v3,action_type=joint/2026-09-02_14-08-50/episode_0000000_cam_left_wrist_success.mp4	1195883	third_party/robodojo_official/eval_result
third_party/robodojo_official/eval_result/RoboDojo/stack_bowls/starVLA/arx_x5/2_ckpt_name=hf_qwenpi_v3,action_type=joint/2026-09-02_14-08-50/episode_0000000_cam_right_wrist_success.mp4	1467628	third_party/robodojo_official/eval_result
third_party/robodojo_official/eval_result/RoboDojo/stack_bowls/starVLA/arx_x5/2_ckpt_name=hf_qwenpi_v3,action_type=joint/2026-09-02_14-15-09/episode_0000000_cam_head_fail.mp4	1401719	third_party/robodojo_official/eval_result
third_party/robodojo_official/eval_result/RoboDojo/stack_bowls/starVLA/arx_x5/2_ckpt_name=hf_qwenpi_v3,action_type=joint/2026-09-02_14-15-09/episode_0000000_cam_left_wrist_fail.mp4	2075501	third_party/robodojo_official/eval_result
third_party/robodojo_official/eval_result/RoboDojo/stack_bowls/starVLA/arx_x5/2_ckpt_name=hf_qwenpi_v3,action_type=joint/2026-09-02_14-15-09/episode_0000000_cam_right_wrist_fail.mp4	2117922	third_party/robodojo_official/eval_result
third_party/robodojo_official/eval_result/RoboDojo/stack_bowls/starVLA/arx_x5/2_ckpt_name=hf_qwenpi_v3,action_type=joint/2026-09-02_15-30-03/episode_0000000_cam_head_success.mp4	888960	third_party/robodojo_official/eval_result
third_party/robodojo_official/eval_result/RoboDojo/stack_bowls/starVLA/arx_x5/2_ckpt_name=hf_qwenpi_v3,action_type=joint/2026-09-02_15-30-03/episode_0000000_cam_left_wrist_success.mp4	1177673	third_party/robodojo_official/eval_result
third_party/robodojo_official/eval_result/RoboDojo/stack_bowls/starVLA/arx_x5/2_ckpt_name=hf_qwenpi_v3,action_type=joint/2026-09-02_15-30-03/episode_0000000_cam_right_wrist_success.mp4	1478014	third_party/robodojo_official/eval_result
third_party/robodojo_official/eval_result/RoboDojo/stack_bowls/starVLA/arx_x5/2_ckpt_name=hf_qwenpi_v3,action_type=joint/2026-09-02_18-13-01/episode_0000000_cam_head_fail.mp4	1269697	third_party/robodojo_official/eval_result
third_party/robodojo_official/eval_result/RoboDojo/stack_bowls/starVLA/arx_x5/2_ckpt_name=hf_qwenpi_v3,action_type=joint/2026-09-02_18-13-01/episode_0000000_cam_left_wrist_fail.mp4	2816738	third_party/robodojo_official/eval_result
third_party/robodojo_official/eval_result/RoboDojo/stack_bowls/starVLA/arx_x5/2_ckpt_name=hf_qwenpi_v3,action_type=joint/2026-09-02_18-13-01/episode_0000000_cam_right_wrist_fail.mp4	1766952	third_party/robodojo_official/eval_result
third_party/robodojo_official/eval_result/RoboDojo/stack_bowls/starVLA/arx_x5/2_ckpt_name=hf_qwenpi_v3,action_type=joint/2026-09-02_18-20-30/_stream/env0_cam_head.tmp.mp4	135890	third_party/robodojo_official/eval_result
third_party/robodojo_official/eval_result/RoboDojo/stack_bowls/starVLA/arx_x5/2_ckpt_name=hf_qwenpi_v3,action_type=joint/2026-09-02_18-20-30/_stream/env0_cam_left_wrist.tmp.mp4	133944	third_party/robodojo_official/eval_result
third_party/robodojo_official/eval_result/RoboDojo/stack_bowls/starVLA/arx_x5/2_ckpt_name=hf_qwenpi_v3,action_type=joint/2026-09-02_18-20-30/_stream/env0_cam_right_wrist.tmp.mp4	295926	third_party/robodojo_official/eval_result
third_party/robodojo_official/eval_result/RoboDojo/stack_bowls/starVLA/arx_x5/2_ckpt_name=hf_qwenpi_v3,action_type=joint/2026-09-02_18-24-59/_stream/env0_cam_head.tmp.mp4	48	third_party/robodojo_official/eval_result
third_party/robodojo_official/eval_result/RoboDojo/stack_bowls/starVLA/arx_x5/2_ckpt_name=hf_qwenpi_v3,action_type=joint/2026-09-02_18-24-59/_stream/env0_cam_left_wrist.tmp.mp4	48	third_party/robodojo_official/eval_result
third_party/robodojo_official/eval_result/RoboDojo/stack_bowls/starVLA/arx_x5/2_ckpt_name=hf_qwenpi_v3,action_type=joint/2026-09-02_18-24-59/_stream/env0_cam_right_wrist.tmp.mp4	48	third_party/robodojo_official/eval_result
third_party/robodojo_official/eval_result/RoboDojo/stack_bowls/starVLA/arx_x5/2_ckpt_name=hf_qwenpi_v3,action_type=joint/2026-09-02_18-29-15/episode_0000000_cam_head_fail.mp4	1456814	third_party/robodojo_official/eval_result
third_party/robodojo_official/eval_result/RoboDojo/stack_bowls/starVLA/arx_x5/2_ckpt_name=hf_qwenpi_v3,action_type=joint/2026-09-02_18-29-15/episode_0000000_cam_left_wrist_fail.mp4	2209825	third_party/robodojo_official/eval_result
third_party/robodojo_official/eval_result/RoboDojo/stack_bowls/starVLA/arx_x5/2_ckpt_name=hf_qwenpi_v3,action_type=joint/2026-09-02_18-29-15/episode_0000000_cam_right_wrist_fail.mp4	2126088	third_party/robodojo_official/eval_result
third_party/robodojo_official/eval_result/RoboDojo/store_laptop_and_headphones/starVLA/arx_x5/0_ckpt_name=hf_qwenpi_v3,action_type=joint/2026-09-09_11-06-40/episode_0000000_cam_head_fail.mp4	1204723	third_party/robodojo_official/eval_result
third_party/robodojo_official/eval_result/RoboDojo/store_laptop_and_headphones/starVLA/arx_x5/0_ckpt_name=hf_qwenpi_v3,action_type=joint/2026-09-09_11-06-40/episode_0000000_cam_left_wrist_fail.mp4	1425401	third_party/robodojo_official/eval_result
third_party/robodojo_official/eval_result/RoboDojo/store_laptop_and_headphones/starVLA/arx_x5/0_ckpt_name=hf_qwenpi_v3,action_type=joint/2026-09-09_11-06-40/episode_0000000_cam_right_wrist_fail.mp4	2593083	third_party/robodojo_official/eval_result
third_party/robodojo_official/eval_result/RoboDojo/store_laptop_and_headphones/starVLA/arx_x5/0_ckpt_name=hf_qwenpi_v3,action_type=joint/2026-09-09_11-06-40/episode_0000001_cam_head_fail.mp4	1766384	third_party/robodojo_official/eval_result
third_party/robodojo_official/eval_result/RoboDojo/store_laptop_and_headphones/starVLA/arx_x5/0_ckpt_name=hf_qwenpi_v3,action_type=joint/2026-09-09_11-06-40/episode_0000001_cam_left_wrist_fail.mp4	3320242	third_party/robodojo_official/eval_result
third_party/robodojo_official/eval_result/RoboDojo/store_laptop_and_headphones/starVLA/arx_x5/0_ckpt_name=hf_qwenpi_v3,action_type=joint/2026-09-09_11-06-40/episode_0000001_cam_right_wrist_fail.mp4	3043632	third_party/robodojo_official/eval_result
third_party/robodojo_official/eval_result/RoboDojo/store_laptop_and_headphones/starVLA/arx_x5/0_ckpt_name=hf_qwenpi_v3,action_type=joint/2026-09-09_11-06-40/episode_0000002_cam_head_fail.mp4	1540927	third_party/robodojo_official/eval_result
third_party/robodojo_official/eval_result/RoboDojo/store_laptop_and_headphones/starVLA/arx_x5/0_ckpt_name=hf_qwenpi_v3,action_type=joint/2026-09-09_11-06-40/episode_0000002_cam_left_wrist_fail.mp4	2877432	third_party/robodojo_official/eval_result
third_party/robodojo_official/eval_result/RoboDojo/store_laptop_and_headphones/starVLA/arx_x5/0_ckpt_name=hf_qwenpi_v3,action_type=joint/2026-09-09_11-06-40/episode_0000002_cam_right_wrist_fail.mp4	3142806	third_party/robodojo_official/eval_result
